grupo,radio_m,dif_NDVI,dif_MSAVI,dif_MSI,dif_BSI,dif_GVMI,dif_EVI,dif_GNDVI,dif_CIG,dif_OSAVI,dif_ARVI,dif_SAVI,dif_GLI,dif_NDWI,dif_NBR,dif_NDBI
ANH,40.665883470682196,5.424294366297433E-4,-0.003698199531647184,0.024602504495234934,-0.003770326806966845,-4.456215465645265E-4,-2.9802072412543623E-4,-0.028000100431104402,-0.1255184216854135,-0.001993137181381721,0.013669021317201796,-0.0037944503846950306,0.022899767218942824,0.028000100431104402,-0.016664619422430103,0.006056026897139105
ANH,42.8689905458051,-0.06936110793143851,-0.025954579384579596,0.09461613969157834,0.026516106791317273,-0.038601648200740496,-0.030360381456707997,-0.0445260868655073,-0.24793665293567413,-0.04042100008722865,-0.07848871313829853,-0.03064782924424561,-0.019902696545637432,0.0445260868655073,-0.06638041853563519,0.031007846163486397
ANH,49.16647921607646,0.0015019669736990315,0.00196590666277513,0.0012486486726150936,-0.003374038651548006,-9.739577731498611E-4,0.0035153013766237307,-0.010714292955890492,-0.07148867749297616,0.0019235452259014352,0.00652184725957726,0.0021179571617327697,0.009151910596584073,0.010714292955890492,0.004554153903634908,3.196599711958459E-4
ANH,41.064650362417254,-0.10832520208177149,-0.06392295132614202,0.6339677216439918,0.10757499493034531,-0.11691169496687613,-0.06820811302383474,-0.09844576783958953,-0.5574798251000692,-0.07707572394239981,-0.09936344593162333,-0.07006950913148405,-0.017709836911923505,0.09844576783958953,-0.2094730780319625,0.15220581087996357
ANH,42.62883358594456,-0.052052997423829406,-0.02182095751056523,0.09145345784234649,0.02480682719722499,-0.028387120835638786,-0.025302377235016243,-0.04982869686160363,-0.28046282111649634,-0.031107755841373153,-0.059921716494789334,-0.024786129083277236,0.003852930258212567,0.04982869686160363,-0.0370117679346346,0.02966956243757088
ANH,45.043661108826754,-0.029885539226520957,-0.01757686445979839,0.07746874190883979,0.006121225237313066,-0.019375482503857594,-0.014408883431734715,-0.060407129318936714,-0.2941070437412362,-0.02097443734364246,-0.016068792095053495,-0.019325907555430344,0.022549640020559703,0.060407129318936714,-0.055477437553035955,0.022380958982826632
ANH,44.27104385680254,-0.08883740604682638,-0.0595819389540104,0.17229875742698986,0.04084275371156143,-0.023099282203608813,-0.06642562292380211,-0.1102516479552082,-0.5264676355173066,-0.06688649584983153,-0.09527443691629552,-0.0637516811956613,0.027571101439659917,0.1102516479552082,-0.08544557905114639,0.053378391683033266
ANH,42.73017857059542,-0.017924712629513506,-0.02273723335165495,-0.13587075192513143,-0.044793253742412775,0.0666306788250249,-0.01956541895213429,-0.10405674719015745,-0.4656696057024917,-0.020856504797733932,-5.963496641008537E-4,-0.023157425562002565,0.07950592292435171,0.10405674719015745,0.0630961923765973,-0.05149443635496827
ANH,38.84164406950976,4.3286355536131804E-5,0.01169536891069492,-0.02907459224049158,-0.009602852791794736,2.880961980237656E-4,0.013390485858436885,-0.01438735102584876,-0.10028429977740361,0.007116523451308865,0.002398878710335589,0.010849256716275513,0.016094454750215512,0.01438735102584876,0.007669791478363476,-0.011470347792597604
ANH,25.025767221235924,0.006894877268217581,0.00971204969549716,-0.046546381077802845,-0.015581955364136563,0.010761141354204327,0.011636537453430462,-0.007666814998263161,-0.05845903306907929,0.008462413070232572,0.01091129119742662,0.009674106135450888,0.014829080855537451,0.007666814998263161,0.02180798216692679,-0.018478225371303433
ANH,51.49034127723497,-0.016817244672338694,0.010362785159227395,-0.02395935598676302,-0.0064559557095057035,-0.0034523495831829537,0.011061282571829034,-0.02966022293553361,-0.16644280627162988,-5.612590400221884E-4,-0.017223211357301788,0.007583296803066131,0.01567094296058742,0.02966022293553361,0.016763536056098108,-0.01054615517905029
ANH,38.14197410100855,-0.10509820711211762,-0.054745058287473114,-0.015274780645899266,-0.010342078097097862,0.03424789384396444,-0.058835036806393695,-0.14152283171947513,-0.5440582236125395,-0.07009552533612702,-0.09928922514129479,-0.06214081869180774,0.03589716218740204,0.14152283171947513,0.009445785849169082,-0.013997696307900098
ANH,51.85897643430285,-0.011286699671999245,-0.02323451044938757,0.09503539609910705,0.014933224590340743,-0.008642964059242489,-0.021760873530295544,-0.04092070893546529,-0.19885134892510625,-0.01737187187216449,-4.8017369194784665E-4,-0.02247534328650294,0.023852115412835655,0.04092070893546529,-0.06534376753433892,0.030289750280635047
ANH,27.88372529708138,-0.02025808435404164,-0.0019982444628827423,0.039423023669556745,0.011091052998894818,-0.022294169314874566,-3.0572794980412987E-4,-0.022619767400545,-0.12568514655863905,-0.008924985032364469,-0.017584963179317153,-0.003957401516075543,4.006595547047312E-4,0.022619767400545,-0.018983876500984542,0.017020421306096614
ANH,25.457238077274667,-0.030350754957321202,-0.011095969581296189,0.04382305316314583,0.012094684234006697,-0.020090377744207355,-0.010032187909632728,-0.029873866983551156,-0.17127606500788262,-0.01744591069574053,-0.028516195989101573,-0.012953126132899534,-0.002727926375392424,0.029873866983551156,-0.03749979784732194,0.018132485292850498
ANH,56.7847973158276,-0.15523643255573516,-0.05178370547054417,0.0912415423708215,0.048099771062793284,-0.05487790544532489,-0.06497742690188546,-0.11332034074929942,-0.6937984503053063,-0.08598911091006325,-0.19192782839029532,-0.06176603880606668,-0.018597549435399627,0.11332034074929942,-0.08450948922365258,0.03624400042369856
ANH,13.69497436901617,6.518531052158716E-4,0.005860020565148033,-0.01889377881410992,-0.005067778915846394,0.004114950768019113,0.005872682761890291,0.0018409306779524348,-0.0040776951789260885,0.004031409371033301,-0.002105018231214645,0.005763960617638425,-3.620835529186128E-5,-0.0018409306779524348,0.016654702246641923,-0.007801115694542671
ANH,10.373404543032443,-0.13907818950975662,-0.05671150589983795,0.014695031169721373,0.032320383164388455,-0.02273633982101822,-0.07061071556514333,-0.0943874727830799,-0.4971532129786852,-0.08432760013797982,-0.1710811954088528,-0.06635204827067792,-0.020785194920640262,0.0943874727830799,-0.05787675158226378,0.007578977927860234
ANH,25.46442044465706,0.026971369438692994,0.016539875357809347,-0.05687411757677863,-0.023403846958534244,0.01807350603634214,0.02069131072835756,0.013675521817702985,0.09890244444546692,0.018995783899185714,0.038294621339781065,0.017121835196637847,0.008712249381507019,-0.013675521817702985,0.025186545683688166,-0.024018831535336294
ANH,34.782596687258554,-0.0018265391850202928,0.003694371039223876,-0.025585054422152975,-0.0101385271767752,0.006760142299554739,0.00575032143895321,-0.007140115176310136,-0.057327673205471275,0.0018434686401823663,0.0024571834626505584,0.003308238555916637,0.0029671801863927205,0.007140115176310136,0.015010815226323623,-0.010796806050537913
ANH,30.063846625657142,0.017692265585119105,0.00486679081883401,0.006207026369816182,-4.2580950252486816E-4,-3.3215549245446674E-4,0.006042747426930423,0.011872707614659694,0.0775488543406917,0.008944463324702279,0.02171111325582198,0.005929107904507458,0.003825909230402852,-0.011872707614659694,0.004253667022014115,0.0026645417341969874
ANH,40.21990372526601,-0.05461023656966807,-0.008949600497515253,-0.005751042676307883,0.0068456819780340905,-0.009328307225227553,-0.012922659649252238,-0.041871527593363655,-0.28722364774523035,-0.023933787882804314,-0.07092108353439175,-0.01267024030792055,-0.0023047385049887945,0.041871527593363655,-0.01564553078531307,-0.002598712251878993
ANH,31.933947795477444,-0.16273308705587997,-0.06167834442781564,0.08073625911466498,0.04651379214218257,-0.05247884661248083,-0.07618164901389038,-0.12012541134654103,-0.6408500978471486,-0.0957746639636265,-0.19690295428441407,-0.0731612548353939,-0.017438798254097186,0.12012541134654103,-0.09063993439188557,0.03131773399927276
ANH,39.10865989995253,-0.1345350753404609,-0.060601362194323535,0.07631802964291245,0.038183814761775764,-0.04642548260226569,-0.07199976892134377,-0.09897224654679804,-0.43152666257836914,-0.08568512716791846,-0.1562197397268908,-0.07105183317961754,-0.01606488267872749,0.09897224654679804,-0.07615341653143941,0.02782477813828857
ANH,63.139313084831684,-0.2719188855154201,-0.1213675151705282,0.24276803474750008,0.086864891040008,-0.05527177185697018,-0.14377078866953286,-0.22764904850880974,-1.0598051381463023,-0.1681447748543476,-0.31885967221381273,-0.1386812890485593,-0.014222834674754582,0.22764904850880974,-0.13935692687917492,0.08272575684039311
ANH,27.026047322028905,-0.017837650870348942,-0.004108133113126189,0.005144511304058463,0.004951844931523161,-0.004375606004751509,-0.0057512822209289105,-0.008723146447752739,-0.07086693127480737,-0.008269663573059916,-0.024832993432487405,-0.00498727929751086,-0.006751205202314467,0.008723146447752739,-0.006516680547389589,0.0023529693027007914
ANH,12.198556424132455,-0.019075796086945818,-0.009118107536015801,-0.02330473182546222,-0.0055155315698934,0.010341606945774753,-0.00951124983745047,-0.01376472543180629,-0.09330705383318172,-0.01170618406478674,-0.020227381999860877,-0.009758403783940134,-0.006809438394033463,0.01376472543180629,0.018998437082047202,-0.008730205639732758
ANH,30.97859633335844,0.0452437487840599,0.03545313942683437,-0.09595310177095329,-0.04168794881625949,0.03191557396671922,0.04021105803060915,0.018651838363872186,0.17267505020557783,0.035702118163113306,0.058741942044717,0.03456833075840077,0.03018764156919991,-0.018651838363872186,0.056917848773409885,-0.04585626955431602
ANH,31.347451661897832,-0.10492605252000287,-0.05377636574737582,0.09902155414780256,0.05058790483722223,-0.04230723350259061,-0.06326371876745482,-0.08672293001763987,-0.5437256741862913,-0.06762315387660517,-0.13168207745962587,-0.057424626951630975,-0.005428198961978145,0.08672293001763987,-0.07289823583971808,0.04538156140670455
ANH,46.784415545886134,-0.060755165426746416,-0.046735517231996565,-0.011153102398000492,-0.0010454250244815166,0.03543586208709014,-0.05115520686389757,-0.07866643766151954,-0.4268406465025829,-0.049408028062654874,-0.06473496766190884,-0.048713411324094374,0.021170804982778117,0.07866643766151954,0.007816252868136697,-0.006372648087961091
ANH,19.01153148177718,-0.00844848133870868,0.006986200899256556,-0.050374871130119736,-0.013104646315365592,0.010943513015818099,0.006458587812315841,-0.031607278747814105,-0.18804889056675989,0.0012424751840475201,-0.012991342221938706,0.005823172172768898,0.03038308922769801,0.031607278747814105,0.024903178385515964,-0.020502568512787867
ANH,46.500237139492036,-0.038502008240693164,-0.006545673982562339,0.03363743854795653,0.02557027308762961,-0.02421997649694624,-0.006936422687388311,-0.029783924672399986,-0.3623836709252184,-0.015419611472891892,-0.053797599992609135,-0.007101201209558872,-0.010889660158400344,0.029783924672399986,-0.03513669463236846,0.02207789345573065
ANH,38.802291909435,-0.030518330524477832,-0.0189776631605445,0.04797203248676385,0.027625605281325443,-0.021202126225352558,-0.02303959660835697,-0.005815425103135374,-0.04463712581259571,-0.02057974032411758,-0.043958828384693005,-0.018322096051339776,-0.02856504351419918,0.005815425103135374,-0.05122203214219084,0.02682250373717078
ANH,35.47885011491398,-0.09288572184732674,-0.06818666015809252,0.052578657204131796,0.010991495219607086,0.035162109670378,-0.0747177472379486,-0.1235866937722988,-0.5399411287484459,-0.07338665633954025,-0.0938572431659351,-0.07215371674042698,0.029840546373987337,0.1235866937722988,-0.012986457189642794,0.015252255151869676
ANH,29.679385958168,-0.046020919967507734,-0.016803452184878664,-0.03673351047443574,-1.995369387556567E-4,0.00883850609601816,-0.021654667194855814,-0.038236009678698,-0.2048896873737519,-0.026335360364943605,-0.05925741068008706,-0.01979991950482879,0.003007692354074113,0.038236009678698,0.010695518603920331,-0.013099543462446656
ANH,45.040940348470414,-0.03471903826014899,-0.008146238500428088,0.017627443589578684,0.012423233476473061,-0.012639036068432336,-0.010026426485542306,-0.024278445057598852,-0.2173376139240839,-0.016274361631240908,-0.04546227281815268,-0.009617957736166416,-0.007253402618055495,0.024278445057598852,-0.01505407193313113,0.009050493655656008
ANH,33.8377470912513,-0.021418235622163884,-0.010021992610978303,0.004603776972200269,0.005034259493168797,-0.0020229904086933176,-0.011314498945066642,-0.017601248130378222,-0.15656059066506156,-0.012926762142189185,-0.026835922498028297,-0.010429766104628813,-0.0019477297228765247,0.017601248130378222,-0.006330153455250093,0.0028762692896335956
ANH,41.623493272245284,-0.048043145661788134,-0.009843552270167616,0.02796952477869241,0.017790552930426043,-0.01887132671994214,-0.013360370798167237,-0.0324994405062049,-0.2662085357791819,-0.021970623369028774,-0.06405190337812777,-0.01248020564592886,-0.0081267726174555,0.0324994405062049,-0.024827209085539634,0.01276913710155652
ANH,25.834819506397245,0.02770014312947522,0.006442275797362895,-0.028356018024783936,-0.012900853291634137,0.014391830647631068,0.008400802330229107,0.017742819748520988,0.1416901433946629,0.013124344624971751,0.036061832584804054,0.00797902010529089,0.006081108755015066,-0.017742819748520988,0.020506135978240234,-0.011705291204830215
ANH,26.515031728919695,-0.05999209879371192,-0.03170049999994534,-0.02117513362116452,7.314451902005192E-4,0.014828414808908029,-0.03587974542472144,-0.10374097218460632,-0.5047752161456737,-0.04006139301061154,-0.068648813410414,-0.035041398271806024,0.05616661114050581,0.10374097218460632,0.004461107430660166,-0.00822084232973501
ANH,50.655098108306646,0.019328081971805744,0.009904988160119615,0.00433315234275522,-0.002972609291561512,-7.203998946042102E-4,0.01288034999329768,0.014659280879819048,0.07138593684837802,0.013075897102544337,0.02583075350340472,0.011230275135519108,-0.0015017663330578624,-0.014659280879819048,0.002794405380492082,0.0017712136878055285
ANH,49.72211474221659,-0.046024451761164153,-0.03208802681513717,-0.04825941702009651,-0.014599608249300428,0.036796684803615316,-0.033555361712744564,-0.06691953960818126,-0.36670309600567985,-0.03514198808518329,-0.04737948027765637,-0.03390944507648741,0.024287022258551783,0.06691953960818126,0.049176347835538065,-0.0219232713619823
ANH,83.89154591779766,6.551956600444608E-4,-0.0030735167699133814,0.11547881190230247,0.017960320168562638,-0.02837800100877113,1.351165758104178E-4,-0.011510331439721855,-0.07467405802925642,-0.001299879859344405,0.009632879719799065,-0.0027184835029104015,0.0066846000347082725,0.011510331439721855,-0.045593315641163576,0.032332586170079
ANH,51.16219406105183,-0.03925228553399446,-0.017913612494383835,0.10527286631398303,0.02190459098269762,-0.033596038041329046,-0.017941082699131472,-0.05057224132836957,-0.2792187993178281,-0.024656365719516293,-0.03641598282283866,-0.020447141701740695,0.011883235366370743,0.05057224132836957,-0.0626990182298335,0.03310138765740084
ANH,52.439459685387625,-0.15047131199334285,-0.07342787734097674,-0.08977750227923087,-0.03220819937696201,0.030985219657290508,-0.07681478419229258,-0.17812982337296465,-0.7393086709859958,-0.09809313951679025,-0.1304430248958379,-0.08433179206895007,0.014849383714463002,0.17812982337296465,0.008481936040978591,-0.03349671098132603
ANH,47.932565520169064,-0.014073683123318581,0.0015945157228813567,0.015758713775430033,0.008748603782861603,-0.012492347922168606,2.475552232578393E-4,-0.003696532743673153,-0.04463174648277879,-0.0036813504017667587,-0.020946507672001263,5.785354714779034E-4,-0.00807325083682091,0.003696532743673153,-0.009321038040826096,0.007184701507630092
ANH,33.63177124224337,0.07636175978376786,0.04584259708591615,-0.08926340770213259,-0.03510885637554256,0.028068801265969875,0.05305331388763232,0.029193038429249252,0.20448090330690594,0.05258049564948253,0.09440413219203997,0.047442148900179615,0.0455098606755016,-0.029193038429249252,0.042721153254036706,-0.03475689415550265
ANH,57.563398090063394,0.0435113756690515,0.022525646582402414,-0.040454614057690685,-0.012575444863701768,0.013829975426513954,0.02375753322214147,0.03544081743111255,0.2235838420469174,0.02835819708702711,0.045890397963452595,0.024328104502892106,0.007906906606763553,-0.03544081743111255,0.025922804454646245,-0.015186289382574714
ANH,53.290198517580095,-0.034710884600000436,-0.035918638237257994,2.570449408252351E-4,-0.027617391368775807,0.07230929241565574,-0.033104357455389005,-0.10963974800600135,-0.35372329344627296,-0.03312099582062736,-0.0038573461817685423,-0.03744951935213209,0.054409691015512386,0.10963974800600135,0.021764578259250288,-0.008898509356674994
ANH,68.65795950283379,0.0733830118005809,0.03549681107885633,0.03295095410629023,0.007661307516612759,-0.0039821287530079665,0.0385802112108162,0.07900378511549877,0.33882824446808435,0.04825651125538649,0.07137387756225957,0.041129595803942626,-0.006187960042314813,-0.07900378511549877,0.0051080257082999,0.012649052525564725
ANH,149.50744527884044,0.03454957346243554,0.016813157339623068,-0.019119227978014797,-0.013099861272275998,0.012990594618422757,0.020517125046535592,0.02607119601566224,0.08580387280439877,0.02276977560771449,0.043687532360763046,0.019783332330095382,-8.647752486845225E-5,-0.02607119601566224,0.02931643589782161,-0.007131437356287074
ANH,49.419590704623246,0.10969603933765137,0.052886000553288515,-0.03442551785566672,-0.022577866025753235,0.025663948929099886,0.06200518881396615,0.0882778826982768,0.29819641225078625,0.07177542971354842,0.12217537944216873,0.062048532517136656,0.00928099870946086,-0.0882778826982768,0.05720992977562603,-0.0132326948635616
ANH,104.70660857961447,0.03213793123720132,0.006899579994815025,0.025509109196499624,0.0033938228140136806,-0.0018533781972908253,0.009469960019719087,0.03335493394941874,0.16396747100376574,0.015987502696994504,0.038558134865987054,0.009796154113823452,-0.007860405639175089,-0.03335493394941874,0.007029349821784811,0.01173129713423822
ANH,41.78468958203669,0.07726971492742979,0.027161645434840842,-0.00783464239930054,-0.009224898076866939,0.012245263965275158,0.031736654650422885,0.06443351694644284,0.2825158719623646,0.04363838429034486,0.08508895916916606,0.03306630154793991,0.007081626901052403,-0.06443351694644284,0.02781774776133466,-0.0030810969666516808
ANH,81.30172357983248,0.019936742427356657,-8.353341111713708E-5,0.03126826044298814,0.015413292998447,-0.008276763432994855,0.0018550692863710805,0.025408920299252735,0.00962258715183606,0.00871403996012532,0.017563985670064952,0.004354654730133661,-0.013551836583682475,-0.025408920299252735,-0.001761467153114718,0.01999799327818621
ANH,143.92455376281956,0.07064029839972885,0.02687695930669566,-0.014013880391573474,-0.010260096317236289,0.011422216491549939,0.03132718787856262,0.060889656568647366,0.28785501233867083,0.041066357321990876,0.07859680538846395,0.03201707484192118,0.003909615964769738,-0.060889656568647366,0.03236291682504216,-0.00500862863004424
ANH,75.752437193746,0.07553729888073574,0.034483665420130274,-0.004740573817239024,-0.005785911995127346,0.003009159045457871,0.039301553232358066,0.06984770705556193,0.28859884807075586,0.04772189171750724,0.07841281176686317,0.04000657902438573,0.003394535362771619,-0.06984770705556193,0.023335850241782006,-0.001719294638405408
ANH,71.52133683797749,0.07745405222678883,0.029100989803818325,-0.02249852029663857,-0.01327731034501256,0.01469450655080521,0.03439379558575445,0.06619500535632356,0.30246454125411415,0.04491453152981653,0.08671312718637846,0.034753001388027255,0.004387699123124762,-0.06619500535632356,0.045115827254307,-0.008868655956747032
ANH,51.2666628969018,0.08761211800265228,0.0352098197764599,0.0026856960661341134,-0.007751756204002591,0.009599639843043413,0.041572205155191264,0.0649353672362456,0.25906027211257876,0.05285527361750304,0.09612070839188372,0.0421168105983139,0.01712306687282256,-0.0649353672362456,0.03392672271374216,0.0012533529381612424
ANH,59.83947232151749,0.06450425667654724,0.0239551613363983,0.00752870416717033,-0.003597579359279318,0.005731316340686514,0.029317353932551374,0.05208874253918622,0.18939542242204355,0.03780897774170902,0.07120282234765787,0.029556317380473915,0.006943706804312298,-0.05208874253918622,0.019149297285153567,0.003812422530675874
ANH,46.600082163395584,0.1388473876527545,0.06178536890973384,0.006644504086830594,-0.011961434119101222,0.014107636369918592,0.07228268869779947,0.10827005741122456,0.4051551584515255,0.08737823754913558,0.15042733206040404,0.07288142886650947,0.021195641022829635,-0.10827005741122456,0.038180134874661854,0.0025072770201463312
ANH,57.508957065879144,0.14362033984929137,0.06209820314753444,0.003482925515392754,-0.008543686429602931,0.0140394888423374,0.07211345021201226,0.11259178158817915,0.41958994246920744,0.08901587966929037,0.15108560395215204,0.07342325098206443,0.026708722675005632,-0.11259178158817915,0.044985868107198804,9.051976477846974E-4
ANH,50.10713453695722,0.05442879778500896,0.026288462211761114,-0.0052712374370378345,-0.005957804606965045,0.011351806259877521,0.03046238402305844,0.0509611788678174,0.17668469406374138,0.03574950469346307,0.057457772628751874,0.030895015938628118,-3.7914564205235605E-4,-0.0509611788678174,0.025776446035894865,-0.002011291374205304
ANH,50.11837735304109,0.08603587428995116,0.03584809000477973,0.00286740779410799,-0.008608286662876719,0.009824783603815938,0.042537373635799,0.06684800202760993,0.265608885400629,0.052675520467565434,0.09507521165092694,0.04261578469620832,0.0123067404845826,-0.06684800202760993,0.029722386737091166,0.0012861245792205322
ANH,46.5167109523135,0.07444045826589163,0.027258407815378694,0.007640633620256132,-0.006181556323331894,5.740645936558875E-4,0.032576721189236824,0.046263807137191415,0.2433978914209014,0.04189341379604067,0.08911219955036892,0.03172619666311896,0.023010395350885383,-0.046263807137191415,0.006993943405399453,0.003274817193256327
ANH,59.033650252368254,0.03756398918160048,0.01518379793103336,0.007308233409150766,-0.004258557937556556,-0.003095381690250018,0.019509765267313017,0.015126651761660115,0.07438481435898425,0.0220081889262968,0.05019139822603197,0.017279018711330557,0.01766883615773998,-0.015126651761660115,0.012813622102483699,0.003408880564355579
ANH,46.16643772838877,0.0857430074347578,0.03515460255385636,0.02399121199081211,0.002191036133182528,7.4016330516153E-4,0.04034476881681548,0.0782746717492368,0.3084190753051004,0.051553073986406475,0.08816441857574414,0.04177585772755031,0.006043114453437002,-0.0782746717492368,0.006015819207788157,0.009560758234978428
ANH,33.622504162144736,0.09267867837593635,0.03609764656139282,-0.04047601230991282,-0.01865233625182594,0.022553912448276106,0.04165202239754069,0.07856015074060535,0.36854316498415685,0.05444343030335938,0.1002039779478753,0.04270449084786512,0.008735344594108666,-0.07856015074060535,0.04319152076000175,-0.016815541314737142
ANH,37.01310283018564,0.11198721285141722,0.04664317922537953,-0.02324587151731161,-0.015088119286147617,0.01838078116184643,0.054869314083776044,0.0930541944720561,0.3855963497891721,0.0680158687475277,0.1210069017460223,0.05502680019401682,0.012640519697500258,-0.0930541944720561,0.036427140094528875,-0.009260270132134762
ANH,96.32772437720718,0.08781245413902575,0.038875136137966206,-0.03360692191877246,-0.018445299143693694,0.020500268552951985,0.046342747506057616,0.07092610401659408,0.2760936882384466,0.055043244636916316,0.09805082977095142,0.04571627192915596,0.008598840451802182,-0.07092610401659408,0.04007321164244572,-0.013692966698839307
ANH,13.188322218470606,0.07598232312437381,0.03375756037327754,-0.05807128490117042,-0.02610803709028063,0.023825670067568736,0.04073661736327919,0.05261547394762728,0.21899731860937122,0.047247379948470475,0.08779881740420961,0.03897754377663043,0.016897729952757148,-0.05261547394762728,0.04811709948100988,-0.024887292149237336
ANH,11.573658658973482,-0.06123566198022193,-0.02694261664221674,0.01930624367148237,0.01159308959460896,-0.00538404504040238,-0.03144412197406943,-0.046491201511076774,-0.22919288306588248,-0.03741930771350302,-0.06933529874007895,-0.03066820142400467,-0.010720563123495983,0.046491201511076774,-0.017980807134395357,0.00843494685823934
ANH,9.111356093697772,-0.013811645691055415,-0.00855078351101619,0.029538230065235815,0.005294088552591725,-0.009698642813085702,-0.009514966374699039,-0.011927025457129009,-0.034374974264525016,-0.010113558159566154,-0.011506517925103543,-0.009685195438660848,-0.0036910829610572525,0.011927025457129009,-0.017443535728788893,0.01128632710020075
ANH,18.50241653951427,0.006334878160523007,0.0015456430317406615,0.040286297479846356,0.005490345631968874,-0.004144918448084429,0.0025231405276133767,0.004028198910367514,0.010871647591127465,0.0035919970948405586,0.009882709825436056,0.0024001023460531526,-0.0011112620680410702,-0.004028198910367514,-0.015871739072204613,0.014980786187289735
ANH,18.550824618068514,0.003916269993839778,0.0024134597255892117,-0.010211796763580638,0.0012012621438504956,0.00478492808638295,0.0027694599577157315,0.013128514645473266,0.03395789171713026,0.0028918242694765048,-5.450368086226121E-4,0.002770765843963876,-0.005658301307790851,-0.013128514645473266,0.014126510322405528,-0.0037262432011436197
ANH,60.7976543381896,-0.18377689102884454,-0.08546900230371111,0.1530828773920252,0.05364313402994689,-0.026488935428864768,-0.09963484960653789,-0.15995393427659887,-0.7257151314692569,-0.11639963282740051,-0.21221532912297053,-0.0978679965851621,-8.60746014571704E-4,0.15995393427659887,-0.08772911883002074,0.04885036517839883
ANH,38.22424192244519,-0.06676102739882384,-0.03718401696608288,0.09324905569587338,0.016411580606364023,-0.025243839394871334,-0.037643587083609945,-0.08544168791363987,-0.3925518333192285,-0.045749040448452266,-0.05889419845551851,-0.04123383742633016,0.014811636713547356,0.08544168791363987,-0.06494262834321125,0.030943483364495566
QGIS,26.010302422213947,-0.06924664822608784,-0.0249100880851775,0.004504143510650094,0.012229737037113025,-0.012959229638460837,-0.031347664446527645,-0.055874596286071054,-0.2933626268331295,-0.04026616220113968,-0.08403057405286218,-0.03012723380281382,-3.688823703882596E-4,0.055874596286071054,-0.020767432455766188,0.0019009931509651745
QGIS,20.529059630371258,-0.006440410600334845,-0.007011774905140239,0.033686289831717176,0.007644829965310906,-0.00518479346119901,-0.006573571013526264,-0.010680713272335829,-0.07232197965996301,-0.006186876006746528,-0.005279355308218631,-0.006924412416693476,0.0038365115179881367,0.010680713272335829,-0.007345669297030913,0.011521128194646041
QGIS,74.34554584943079,-0.05877533984079909,-0.03127480669907849,-0.019688333367908317,-0.00639171383467288,-0.021741797336458125,-0.0360169101408532,-0.06013224224252435,-0.1769387711360756,-0.04061712418985797,-0.052051202383539774,-0.03659978491030494,-0.0029802522401755887,0.06013224224252435,4.657396776616973E-4,-0.007804304900787429
QGIS,27.024622159432486,-0.03923547816330268,-0.021475250807623043,-0.03292560732658223,-0.008099421188775602,-0.0033340666831037855,-0.025480554831161892,-0.039364470533445856,-0.11386512786802863,-0.02724200816273266,-0.035563290721549484,-0.024825289112113694,-0.002481393880088157,0.039364470533445856,-0.004041918707344086,-0.013583303272650893
QGIS,17.973666946061094,-8.80563410949331E-4,0.0023598140760315023,0.007456776823720812,0.00267639992297547,-0.006014714631440141,0.002220430778472088,0.007514115931401777,0.029825432858560097,0.0011031916078503012,-0.0018695312219494942,0.002118011305255213,-0.008324736385940185,-0.007514115931401777,-0.005775188279288114,0.0027893143152340066
QGIS,20.684301245621835,-0.06392663948718358,-0.007153456151425069,-0.013362460749058114,0.003490477857894886,-0.01607822988451862,-0.011128612411942823,-0.041405927651604,-0.2745763736738269,-0.02629115781180688,-0.07744471406884137,-0.012002300459204113,-0.01457343811535506,0.041405927651604,-0.01579730582596689,-0.004233830380647646
QGIS,33.071809746612345,-0.08108407974423962,-0.023533683393225382,-0.04915879779571197,-0.004095106604566218,-0.003520080115933636,-0.029128754199818807,-0.06630157303219608,-0.3122338878493356,-0.043694467996956254,-0.09303241092489309,-0.030199540186572643,-0.005000148887032842,0.06630157303219608,-0.02416649693394865,-0.017316964676875962
QGIS,22.716601583008877,-0.09582383216257401,-0.036320382110965416,0.013380896458594638,0.01360662944753302,-0.015857887240820892,-0.04301320031233419,-0.07757758417019583,-0.4140351391767949,-0.05608977069765489,-0.10981709626695371,-0.04297332128459158,-0.007144693172646521,0.07757758417019583,-0.040645577226137916,0.005197033082921243
QGIS,61.09316165854126,-0.0704765799190255,-0.023371800390978192,-0.04904993927131307,-0.007361889503672975,-0.0038811956838628175,-0.02747069338900031,-0.07112000763826565,-0.3007426964447548,-0.040318938468663426,-0.07467235129749067,-0.02953452298957912,0.005654711955452709,0.07112000763826565,-0.01723583266440986,-0.015988013330637457
QGIS,18.058473866727873,-0.09567654904100908,-0.022307566827962866,-0.03881336003819791,-4.4370402603982617E-4,-0.01105795034714003,-0.028371698273757517,-0.08175620621419272,-0.4636986474222007,-0.048939040764473474,-0.11059402878791005,-0.03030224968991238,-0.0010962101296053974,0.08175620621419272,-0.01718633908185021,-0.014178091841503954
QGIS,20.141647150648858,-0.08938495463518809,-0.04070914074361148,0.07335003059234357,0.027244286231809134,-0.033340503090163294,-0.04803631350745055,-0.0635202057789287,-0.32611675678958596,-0.05672684511860518,-0.10363814666835838,-0.04679492505077232,-0.01417150321422682,0.0635202057789287,-0.06190931278695644,0.025042204594772743
QGIS,25.861800649788115,-0.01543562231051096,8.292819347795188E-4,-0.06661109929171505,-0.006801382227824726,0.012411177448144621,-0.0032791623519465574,0.0040184274266862885,0.007087283534809918,-0.005471326371771473,-0.027282517888438246,-8.705183904585134E-4,-0.01006117044121022,-0.0040184274266862885,0.013575466862013302,-0.021909616270083032
QGIS,30.390395436095737,-0.07833685947203767,-0.0318300669987643,0.02769040703349135,0.02582048612419463,-0.02630750347079465,-0.03989273322218295,-0.03254175091213074,-0.18388038707409504,-0.04847618782393748,-0.09935740517473367,-0.03846808042131135,-0.02312881490088689,0.03254175091213074,-0.042723553437846645,0.008796876535278664
QGIS,35.747988755481956,-0.08472518902987847,-0.029151713550857244,0.1188273728141338,0.03665395335853383,-0.05205568907619074,-0.034814603505573305,-0.06121074615076433,-0.35269845844011827,-0.047831491969461154,-0.09951930111912798,-0.0346648137745674,-0.015777931474169442,0.06121074615076433,-0.07289915762319542,0.04165659749285708
QGIS,26.296319072175613,-0.06225514844035396,-0.024231483411855492,0.12478397310972622,0.027806803586272216,-0.04377579155796885,-0.02716036750708825,-0.049256830467813706,-0.2613867639281042,-0.036925162652623994,-0.0662689335396402,-0.02859220217173511,-0.010072859014037051,0.049256830467813706,-0.07584146504474053,0.03725878912526842
QGIS,31.658527107667243,-0.09577823420752377,-0.025274590550029535,-0.0385051541669259,-0.002050869733847188,-0.013029130333009953,-0.031135386855774494,-0.07902764939130785,-0.40494458530403343,-0.050938447526159614,-0.10850980371370239,-0.033454897767789205,-0.006241120594184025,0.07902764939130785,-0.02555254819727592,-0.013170814192617869
QGIS,48.43165856429401,-0.08000625276712309,-0.038374369288755594,0.16428151818540382,0.03720919085440258,-0.052928866275732254,-0.04415370064854357,-0.055488459554696945,-0.2648900577328196,-0.05181722159471977,-0.08708313789499074,-0.043777532387460766,-0.019863142982864054,0.055488459554696945,-0.09402117042889643,0.04824751759861906
QGIS,34.48947730350267,-0.07371775738968711,-0.020575841601359113,-0.01070602260364062,0.0061235260092575294,-0.015130699628806907,-0.02671360870063355,-0.05123171265090137,-0.29336592655932625,-0.039275073297572904,-0.08743757924453381,-0.02662843702216655,-0.008994342238795399,0.05123171265090137,-0.023690971045407808,-0.0036943402297676675
QGIS,21.2610411167845,-0.037830784425435415,-0.00671532115793233,-0.06820882729864275,-0.013894356080194514,0.011285045147837167,-0.008891654768294788,-0.03555102720498937,-0.20258462002485578,-0.018436711791553817,-0.04249837906185833,-0.010146266075036242,0.0022972393115106167,0.03555102720498937,-0.003413361488729262,-0.02386799672470638
QGIS,23.990996982149998,-0.10521759095180752,-0.0509899380855815,0.12310677892383604,0.04096162324072733,-0.045544803752414625,-0.06090030049910913,-0.06024766388233155,-0.3326353232148602,-0.06782713722792244,-0.12613810513281987,-0.05691700643347178,-0.03365542129748961,0.06024766388233155,-0.07103537047000774,0.040500220232095485
QGIS,24.38578539577017,-0.07095504072905309,-0.026177044214452244,0.03388563099779707,0.012563451965806133,-0.02285695549205438,-0.031085030213797132,-0.04046258327964819,-0.2012706375781821,-0.041838072852736025,-0.08008022404145024,-0.03157841405997691,-0.02593956927798928,0.04046258327964819,-0.04206059890231309,0.01124675309482151
QGIS,20.279456919490165,-0.035669043591480376,-0.010870926925802299,0.011048279390150517,0.008986978211671437,-0.012933528685606141,-0.014731098091932585,-0.020918003150155517,-0.11044625687547582,-0.01967706420355636,-0.045261420191671495,-0.013907225015140023,-0.005306277428831198,0.020918003150155517,-0.018184483412318028,0.003285814080272953
QGIS,19.04254768513327,-0.10261668999384849,-0.04488919622165327,0.0068236998423032436,0.005447511524172277,-0.0158315948403294,-0.04968826141041041,-0.08630555021970199,-0.4477405202390483,-0.06462984315608267,-0.10747073218578986,-0.05234205008834539,-0.010930626390727807,0.08630555021970199,-0.0437694162346039,0.0022540990347392487
QGIS,26.097656283035395,-0.11108942448799744,-0.041992212404183535,-0.019758938155618466,0.010413558995066463,-0.011391332539889415,-0.050863904731189985,-0.08387298500875867,-0.44492537479852223,-0.06578895090803955,-0.12904111973151547,-0.050483343623356935,-0.010298234321900265,0.08387298500875867,-0.034256075635083864,-0.007173407580316343
QGIS,26.531911225832435,-0.08104181920455489,-0.03633956195614499,-0.02270570116899262,0.001523760804222174,-0.0020359356496432736,-0.04145460321809527,-0.06780738967524624,-0.3115711141392943,-0.051391890312619315,-0.0868378301729574,-0.04258318200727225,-0.006452371924649425,0.06780738967524624,-8.762233826959433E-4,-0.00855256989744893
QGIS,25.32576594419877,-0.08296328357967606,-0.03503236064053239,-0.008372337805885088,0.015093305956181857,-0.009606349700714202,-0.0454192761924945,-0.04404248475864575,-0.22780491547735826,-0.05152993588820337,-0.1061890428084053,-0.041072691020395735,-0.02077271126745165,0.04404248475864575,-0.024477222903693474,-0.002114761619836175
QGIS,52.43261222743116,-0.030599257422485676,-0.012758289088738078,-0.006939775775045787,4.3198765205570977E-4,-0.004183256078231057,-0.014186257511880296,-0.025607742821554036,-0.12441974849029958,-0.019035844902119778,-0.03177182349027957,-0.015340670382313862,-0.0023488042467791487,0.025607742821554036,-0.019027820188704997,-0.0019452258938670863
QGIS,22.35287516948762,-0.03188605424963664,-0.010310407503083013,0.04163469814972709,0.008746352406648589,-0.016217741276476266,-0.011013400640774412,-0.02668028589480015,-0.1494061762523644,-0.017138906461039077,-0.0324526412534043,-0.012431130547160635,-0.005082539247982696,0.02668028589480015,-0.021965150465718758,0.012772484821987062
QGIS,33.956995784385605,-0.024571735960773333,0.0031441951511857746,-0.011677827068673263,0.003355532493709429,-0.008806849683748494,7.586647682948366E-4,-0.013104245096278666,-0.09085880616699527,-0.006234873189617296,-0.03577489388284111,0.0010148787851274599,-0.004283789998432569,0.013104245096278666,-0.007180761737542479,-0.003717394577854527
QGIS,20.073576784421373,-0.03792572337712946,-0.011615157181622954,-0.03205680336154049,-0.007172905567612159,0.0025890331325354593,-0.012812278991467363,-0.03487078515632691,-0.1706285030423096,-0.020608520095588917,-0.038511362400854565,-0.01455380581563065,-0.00233061618572436,0.03487078515632691,-0.009571703365997622,-0.010677171160242888
QGIS,18.819761166303465,-0.03214518854675891,-0.003230657698519629,0.016859962341777335,0.00788060441323353,-0.014804771640830522,-0.0036777856962504907,-0.028686224600349808,-0.1994137715572566,-0.012700289520726937,-0.037424499084173335,-0.005503056829407188,-2.0172346232563698E-4,0.028686224600349808,-0.02676758549194623,0.007107111769698415
QGIS,32.13751838117787,-0.02216067197981425,-0.007408328145948134,0.027365037210479004,0.008036352752332776,-0.01010433811776748,-0.00903914487745805,-0.02127589204517355,-0.1350503864459478,-0.012150807112457085,-0.026529580480615628,-0.008885191295537859,0.004268991661839694,0.02127589204517355,-0.01068393656484111,0.007883055506754527
QGIS,21.001952511251872,-0.030049552314673933,-0.006939160104105863,-0.022030203944308324,-0.008689703722413178,-4.6844227596478175E-4,-0.0054194209165285,-0.038051520626351976,-0.21082164989989916,-0.015135376836329983,-0.024676349039189027,-0.00936485540832696,0.005212673389656915,0.038051520626351976,-0.0023494507857276074,-0.007415694564546466
QGIS,19.27762413057106,-0.033652689932918645,-0.01115707437022978,0.010841631577362731,0.007365298342265736,-0.009230646811580605,-0.012973719204481676,-0.028126290387834374,-0.18255247032554056,-0.018317127280137957,-0.03981021493291642,-0.0130722546809664,-0.0016874183936989827,0.028126290387834374,-0.022582439950627684,0.005394974643584516
QGIS,27.01873226067251,-0.022125561753690903,-0.006760961940924612,-0.010939054554891747,0.0020341412251274615,-0.0036019075514705096,-0.009146522135899199,-0.014149204704969776,-0.06133072017777974,-0.01224721441587645,-0.027933748825741976,-0.008707678682258094,-0.0025853846835324767,0.014149204704969776,-0.011761748979618292,-0.003189330625573944
QGIS,17.468934938467203,-0.029172807526285538,-0.006332241163573671,0.0026903678184420077,0.003662690570090721,-0.008753549573978725,-0.008660345803425673,-0.023998861364956492,-0.14607404597427576,-0.01407022922490822,-0.035445758886985826,-0.008566127251477512,0.0010401087431980496,0.023998861364956492,-0.0026924264068454024,0.0010346032158906338
QGIS,57.465970323334446,-0.0555742233973035,-0.01790837889997854,-0.007604146683457547,0.00465144107049989,-0.006275300159956202,-0.02239598001172116,-0.03929273794528365,-0.21919005882387177,-0.03054495687227679,-0.06712656098318086,-0.021823929723123386,-0.008183906253688904,0.03929273794528365,-0.006189030975502496,-0.002275241782976195
QGIS,17.86531060117587,-0.011480489005499528,-0.004067094563629775,0.03446375348971409,0.007839102103763096,-0.01018056136707668,-0.004680240104173783,-0.004891864662615708,-0.03197867633722251,-0.006317274742008994,-0.013135857975432652,-0.004770101540247623,-0.006117516693151092,0.004891864662615708,-0.009794789713347407,0.009830437623663923
QGIS,35.924746812360134,-0.07193697296228713,-0.027844960191905854,0.03397000736948397,0.01606131925595719,-0.020169475402677065,-0.034406981529816805,-0.053838088761585357,-0.2972864796169492,-0.0428120470493161,-0.0864779850144501,-0.03277240457654021,-0.006908220551249461,0.053838088761585357,-0.01985185436856255,0.011305605930051005
QGIS,21.197316701343095,-0.04152590150734681,-0.010867880752915893,0.010505880110722732,0.0086706235950888,-0.013279712136678508,-0.014915961852972615,-0.025682425313537094,-0.1517459502004419,-0.021688483103246864,-0.052226472833537096,-0.013960335637960702,-0.009112711798851243,0.025682425313537094,-0.027776671490976027,0.004307447396820957
QGIS,29.599796649992104,-0.05015213828313109,-0.016175332711897472,0.024328232073434597,0.010203773761787438,-0.018748412365448323,-0.019843077418085303,-0.043583448482977905,-0.2216255572857131,-0.028274933304645755,-0.057388715984050674,-0.02009621065842171,-6.82976007027488E-4,0.043583448482977905,-0.020415955815570562,0.008695742994469263
QGIS,19.008249572415153,-0.03483980631133035,-0.01333721570953178,-0.018902206806175936,-0.0032339624672921563,0.002757922726387635,-0.014883778538944292,-0.030524249060007447,-0.15679034681423065,-0.020469280755553543,-0.03671787314949872,-0.01579035490436534,-0.0027072223621582418,0.030524249060007447,-0.010242298505235038,-0.006516886837408614
QGIS,17.509885275815694,-0.066920822335238,-0.020016561926082338,-0.012365488197303875,2.743602735920392E-4,-0.008070233563633464,-0.022999398831027945,-0.06403381097755023,-0.32216925311384736,-0.03553171150625026,-0.07320890783610438,-0.024863937764905086,0.0022832727805494613,0.06403381097755023,-0.02042726473022039,-0.0037819923851363235
QGIS,18.632782746027512,-0.02112961150547832,-0.0020680213911775658,-0.055266847199231695,-0.011154437804995254,0.0062168444864371675,-0.0031506157899744702,-0.026368602639986027,-0.15403412926948934,-0.009045679954393038,-0.022507852710011912,-0.004042740570609049,0.008765979845918308,0.026368602639986027,0.013839580820015143,-0.015903341711756558
QGIS,34.59314985814332,-0.055230879425290286,-0.02282407062235653,0.0893170420843925,0.020705453847044364,-0.033287825566954,-0.025490252502548133,-0.03480095196198063,-0.17407492030649752,-0.03366696950202791,-0.05838454683847981,-0.026664105137106847,-0.0199288488933916,0.03480095196198063,-0.04773179409937221,0.02787664326776898
QGIS,19.835898021309337,-0.06358846584111189,-0.027107850458917088,0.028509556961288762,0.014911698263670031,-0.015416043640816666,-0.03223624500154487,-0.04909372584300886,-0.2872273920415753,-0.03874725369370721,-0.07547231733244862,-0.03069565015958714,-0.007023490341559279,0.04909372584300886,-0.035188724614451515,0.011279471543802738
QGIS,46.417410069938654,-0.03797161979741115,-0.00891788022380452,-0.029821390201344222,-0.006841149756372511,-0.0053648766639538825,-0.010097258894813499,-0.039369509094912714,-0.20950262577651624,-0.019865831563048914,-0.036862593685810956,-0.012538787540472968,0.002730362859809151,0.039369509094912714,-0.0028659823217360852,-0.008843293567132426
QGIS,18.98646744666166,-0.024677351788218893,-0.006510523079335445,-0.0296717276186389,-0.005737056951773178,0.003804207065960852,-0.007655233712562548,-0.02546110880924468,-0.15578881408829015,-0.01270838072039529,-0.026563753952901885,-0.008331260055762485,0.0035457598369371436,0.02546110880924468,0.0012291311055572657,-0.009261223802468549
QGIS,19.31885973732649,-7.875723893870923E-4,7.281346675813427E-4,-0.013332315808340267,-0.0022211992497833677,0.0017438810249440356,8.490623031348898E-4,0.004882233359034371,0.02514174276677328,1.2109839206345119E-4,-7.170141167777561E-4,6.021199273980316E-4,-0.006802510636044413,-0.004882233359034371,0.007610099295986522,-0.0027698398304694116
QGIS,24.253590861306396,-0.027200546608689036,-0.00891336453240077,-0.03803831342247599,-0.0033227303799567287,0.006887454807101463,-0.012552262023399346,-0.02080826135645325,-0.11574239235025474,-0.015361863562551287,-0.03605205982749367,-0.010993512340094241,0.0016121999163170794,0.02080826135645325,0.005063690771111393,-0.012246714462753328
QGIS,18.8721204863429,-0.047212533619967384,-0.017737819060238455,-0.013728309402246008,0.003921113064516618,-0.0022785484290768765,-0.022201755881940344,-0.03769018523130874,-0.18106096176419761,-0.02760604217163537,-0.05756095695277846,-0.021315298655909476,-4.095231469421635E-5,0.03769018523130874,-0.00796386456272032,-0.0045053486565311
QGIS,19.962268070374357,-0.04373496313286773,-0.011296473229143483,0.01445367192307856,0.01158059675316897,-0.014279859025081797,-0.016959571039422666,-0.02375522121262469,-0.13464047586166217,-0.02245941616739308,-0.05939964491667278,-0.01455083633525106,-0.008852485264160315,0.02375522121262469,-0.0370467727946621,0.004919859727471082
QGIS,25.81375439057921,-0.008335116251787567,-0.004549766577350761,-0.07032788001048207,-0.017521092956019196,0.02210152430362601,-0.003964188771802879,-0.018376460319302512,-0.10446576061609858,-0.00579237751428982,-0.005259243252497922,-0.005109431340742543,0.009469597662573326,0.018376460319302512,0.01787984312771579,-0.02211286830610848
QGIS,21.414692456932162,-0.028354608720928598,-0.013768030946455623,0.046610951590708494,0.012192005280659918,-0.015219714553771684,-0.015354921198827587,-0.020825277055949443,-0.11492737464666547,-0.018232466814116055,-0.030879564838004428,-0.01545347966683469,-0.005663880816019337,0.020825277055949443,-0.02447431930108443,0.015061169292720472
QGIS,25.257174087790084,-0.035370033440950965,-0.0045506111754249345,-0.06628825938803251,-0.006729929336198037,0.008797177768027221,-0.009689882142957712,-0.0187799636657644,-0.09913008702120485,-0.015848857912301034,-0.049728762801099835,-0.007782770350290985,-0.005311208818735166,0.0187799636657644,0.020500444009166292,-0.023446886396536942
QGIS,19.131767773071598,-0.02857723612374033,-0.0060695649061872775,-0.048137060589287906,-0.0068022704536022105,0.0032373749893352954,-0.008429177353098782,-0.01936229038615539,-0.10381941283937235,-0.014140107766875326,-0.03370119091633341,-0.008574073283899308,-0.004407482388793859,0.01936229038615539,0.005871411920308406,-0.013648260409182239
QGIS,19.886382340555095,-0.05894891488241896,-0.02011413814842064,-0.05842308115371875,-0.002322754184139131,0.0061497019056961505,-0.027525605905305534,-0.04249517200235975,-0.22046285555067802,-0.03427444369998889,-0.07520184341079801,-0.02502153451767017,-0.0015051152242088622,0.04249517200235975,-0.002490174387830363,-0.019278243576485304
QGIS,18.12796531594612,-0.038134824209553275,-0.012044939114215697,-0.018764160895498705,-0.003864488188492332,2.138563985483663E-4,-0.01295473105169559,-0.04367942791444934,-0.25014328727188095,-0.02096827327033629,-0.03942482718630748,-0.014696696246328134,0.007705574450496244,0.04367942791444934,-0.006579588245844986,-0.006505166418182717
QGIS,23.018658443565688,-0.1029744158665177,-0.02777500739471242,-0.0828705524600637,0.0025377562031542455,-0.0010214702330228666,-0.03921472594859021,-0.06941634688312293,-0.3303075907892039,-0.05450955293032811,-0.13270939208243343,-0.03661882772752301,-0.007786076388932406,0.06941634688312293,-0.0170658884040335,-0.0304975407669517
QGIS,19.24953346204917,-0.031144784108739276,-0.009632119233668524,-0.025683287243727815,-0.0017247746638832384,0.003427674048433524,-0.012529515930662927,-0.018244155449779975,-0.11176215161994896,-0.016993386904007396,-0.038564041425073,-0.011782890007005914,-0.008419568742431726,0.018244155449779975,-0.0159681799199782,-0.008860974066069338
QGIS,30.65580055991074,-0.06336489580469079,-0.025795004160302656,0.08661439940860238,0.0237502599115485,-0.032748977175296345,-0.03054709029167306,-0.04644809965797886,-0.22817433658251285,-0.0383858907247865,-0.07357216609673944,-0.030534432168832698,-0.007774153919979113,0.04644809965797886,-0.06092147892922084,0.025121065142829968
QGIS,28.006202715567824,-0.03788587978768998,-0.01422648835701068,-0.0026280492303065728,0.003922475722475505,-0.006200002783452119,-0.017413187959825202,-0.02855581046813166,-0.14114250541900475,-0.022493155226255585,-0.044196615323906854,-0.0172591771165774,-0.0033067631222822684,0.02855581046813166,-0.009047544994465181,-5.173723764630433E-4
QGIS,36.862784812309044,-0.05752405335353819,-0.01579643395263436,-0.01472913144050847,0.008628414423257735,-0.01215506339188456,-0.02210844342426578,-0.033037810578883,-0.18775774153872327,-0.030600695984253246,-0.07366359112762373,-0.02068550502833591,-0.008665598015715596,0.033037810578883,-0.014271642784129374,-0.004326101891696382
QGIS,27.225289731563464,-0.05414697116138614,-0.01420536617905814,-0.059527011083922776,-0.005844239582856431,0.001496786904532095,-0.018961462553999997,-0.04322934822616131,-0.2254045082802334,-0.028811568901219914,-0.06375631933963814,-0.019009830685624146,-0.001121306495988763,0.04322934822616131,0.005658542172541921,-0.01865592464180127
QGIS,18.455123359562137,-0.03245219432810159,-0.007748803375488833,0.013382394830878663,0.009328208860348075,-0.013383035340233454,-0.011388766671494632,-0.019607836473432005,-0.11028638201773866,-0.016325442649053334,-0.04259728737992899,-0.010323044067098636,-0.004679679120857439,0.019607836473432005,-0.008318211866701355,0.004833650963218056
QGIS,26.567279529977046,-0.051361917467670354,-0.016767982687643984,-0.054201095993372084,-0.0034374816943705533,0.00592719136602491,-0.021568707754490574,-0.03929567981984544,-0.20606195082788514,-0.029078691027066117,-0.0620846146762043,-0.021046535541743877,-8.682252122883746E-4,0.03929567981984544,0.0012937924286237357,-0.018642993238992878
QGIS,47.91029379213356,-0.03639778079249345,-0.011665646454500744,0.022459746918838563,0.010962157625692248,-0.012024992705148403,-0.015136175506481608,-0.021538039197912473,-0.14091082601034355,-0.019827021350722146,-0.046217329465387993,-0.014214310047001633,-0.006368432764306837,0.021538039197912473,-0.01624456588705936,0.006831833787802527
QGIS,29.510405243070334,-0.05789229476260116,-0.019744418237650246,-0.0021260763521073756,0.011139257830206417,-0.013863985570949866,-0.026069683583275535,-0.02927961224299863,-0.16872346899371493,-0.03367618047689844,-0.07203795478559362,-0.0247859422815217,-0.013859598499718344,0.02927961224299863,-0.014432905247908218,-7.4862775795842E-4
QGIS,25.68395234630542,-0.08554341760704642,-0.04037080074724045,0.03962782239965201,0.017371232893522992,-0.020420292083446076,-0.044850881768354625,-0.06920033307374907,-0.3686369447028669,-0.054789385597921486,-0.09327276025535947,-0.04595124351084082,-0.008969163361446823,0.06920033307374907,-0.053339358756811193,0.014964361351075511
QGIS,35.76757279382085,-0.04790518750620881,-0.018518961677912588,-0.021381311501098343,0.0014503702829542775,-4.448713945192778E-4,-0.02289128046692504,-0.03209840270034675,-0.16305578129609422,-0.02856941568119087,-0.057054762863744335,-0.022151411251781605,-0.007833831317131446,0.03209840270034675,-0.019666083671100218,-0.006401365502007678
QGIS,17.45070394316609,-0.061558233588996675,-0.02292954689810099,-0.04101436621771315,0.0011852518407262091,-0.0031119671138042093,-0.027932662448972995,-0.037676857229397565,-0.20386937438872543,-0.03694325610439042,-0.07126396249318945,-0.02834341785835784,-0.011909192642478916,0.037676857229397565,-0.0019900387730454605,-0.01233959376175725
QGIS,29.937156103061643,-0.05419031360938231,-0.01644381519123439,-0.042142258969903645,0.005182064236584627,-0.004088562163707246,-0.023928118821454708,-0.027593149351660684,-0.14251349444630845,-0.030357707711872545,-0.07283807850536263,-0.021334784869334655,-0.008590126417681341,0.027593149351660684,-0.014468815785649777,-0.012061950378630948
QGIS,20.22208472883832,-0.06083874559116359,-0.017927516319249506,-0.03571203172624071,0.008500677662370393,-0.007184898869335654,-0.026433592649633103,-0.028819697909790498,-0.1658899813169714,-0.03385318577251753,-0.08101668522712738,-0.023346469298298533,-0.012635209892717169,0.028819697909790498,-0.010770248516569561,-0.010836375012327315
QGIS,22.462965778777853,-0.031600256926541115,-0.009061658509182918,-0.04770128830812981,-0.004647199409057334,0.004722223981520418,-0.012015798858245025,-0.026085860133652994,-0.15849605447251403,-0.01715714270041807,-0.037915135879415286,-0.011745111517979773,0.0029030638088199667,0.026085860133652994,0.010642182176126197,-0.013535086132921897
QGIS,38.07631860620603,-0.05859088164739076,-0.027086803859346996,0.0036862799921524303,0.0024346624242943815,-0.01143688316799324,-0.03145487153946226,-0.0561728620060076,-0.20439768085020432,-0.03749344618912865,-0.05702703248129666,-0.031746347241865834,-0.003630410413344374,0.0561728620060076,-0.016017800356712995,0.0015994910263849305
QGIS,27.608419973908415,-0.046702274392682694,-0.024455832177162226,0.03658158775939668,0.014274744110174625,-0.020833563603137647,-0.02886067228583669,-0.034949694725240704,-0.11918651482260578,-0.03194978445358451,-0.050876804397362155,-0.028351654700867673,-0.007631281684978503,0.034949694725240704,-0.02983993846471931,0.014235124409134547
QGIS,26.121429364098237,-0.0666915645742491,-0.03268807779173745,-0.0076946339931898144,-6.376794129139274E-4,-0.010338858621086161,-0.03866280163577783,-0.06203525025708931,-0.19442862352131213,-0.04418414235008872,-0.06474942525123376,-0.03842857518555097,-0.005693541405100151,0.06203525025708931,-0.01739593695958764,-0.002981956471716979
QGIS,18.5067943613625,-0.036585912430069895,-0.020113344716570843,-0.00230799577221652,-0.0023022415286048925,-0.009977745948753704,-0.024552821530860507,-0.03815708194632576,-0.10582992606689207,-0.025523443549822347,-0.03191986416138359,-0.023294318744974847,-0.001738426656080233,0.03815708194632576,-0.006779487840705858,-9.592790317344418E-4
QGIS,21.197316701343095,-0.0011945130263072818,-6.912493673465304E-4,-0.06293730064221825,-0.01961755725548983,0.0150027204362543,-7.829058588019681E-4,-0.00812578438037366,-0.019484691557780542,-8.571175650456976E-4,0.006325629447099912,-8.033346922030826E-4,9.825496178069585E-4,0.00812578438037366,0.025580891276831767,-0.0251923610839722
QGIS,19.405169294686,-0.040687702531671685,-0.021729221485100793,-0.0478597989102485,-0.018956571183617543,0.0015177014926113092,-0.02567350046280189,-0.05006090944053576,-0.13618595862694172,-0.028115070945860805,-0.027195854571265318,-0.02540951860044461,-6.622198101790856E-4,0.05006090944053576,0.00836322498148493,-0.01930169992616597
QGIS,17.918682490450845,-0.013698725746125913,-0.007667195244427525,-0.04232682696906309,-0.017586097829164565,0.0050992600642346675,-0.008557304058778048,-0.02670610904496476,-0.0699158643088934,-0.009695326209037337,-0.0022556989086987,-0.008945856023989387,0.0036700709092950335,0.02670610904496476,0.011236353203961713,-0.016504930127354406
QGIS,34.32109504097641,-0.032869237406901106,-0.019526395563967368,-5.707161438330832E-4,0.0016230559479464834,-0.015858461038100947,-0.023573243344015213,-0.0296403886060779,-0.07993791154014576,-0.023744876348881717,-0.03243229878593949,-0.022397059975141215,-0.002977830575102291,0.0296403886060779,-0.014239941595021068,2.005934640400553E-5
QGIS,30.79720714386032,-3.5957846072133537E-4,-8.081700087103627E-5,-0.033371725556027076,-0.015162131222717534,0.006391996417503994,0.0015958129753316647,-0.014933154553393141,-0.043828871956724746,-3.7081794210550023E-4,0.010590259759883668,-2.883117318496775E-4,0.006199393592185915,0.014933154553393141,0.012286366209821618,-0.013555882357887836
QGIS,37.92764213132405,-0.08354619277830283,-0.04703325303291063,-0.004548504962591071,-0.003842703423329874,-0.009007958124386376,-0.053029810980298075,-0.08355436148897727,-0.2737329304980787,-0.058538235081196,-0.0740118206876635,-0.053612280100795315,-0.006842640011269239,0.08355436148897727,-0.019673693449760728,-0.001699422004932588
QGIS,18.7384000237304,-0.023600449497089268,-0.01323338668157159,-0.02421989887876408,-0.003174518254823816,-0.006641280852113792,-0.016128555767036548,-0.023706329520388272,-0.06347832353626434,-0.016714097487940376,-0.024709872289915294,-0.015402922182555949,0.0014219861039601982,0.023706329520388272,-0.00407219233629709,-0.009490638618786323
QGIS,30.03269707319656,-0.0016060336880103845,-5.262007421288437E-4,-0.008769896767557794,5.817067732984127E-4,-0.003276686919588191,-7.998514101889044E-4,0.0048620144352113925,0.011353300956106704,-9.52813813080015E-4,-0.004943214808525498,-7.086343782780717E-4,-0.0039042255698895946,-0.0048620144352113925,-0.002508286974419377,-0.003715599877080797
QGIS,18.924334940636165,-0.06837736077333192,-0.035341556988714815,0.01425035950023057,0.005832819231104347,-0.015206289044512562,-0.04097777686967924,-0.06588029650860436,-0.214848977044573,-0.046201386213376196,-0.06609786775213208,-0.040893465732301924,-0.003956132950974982,0.06588029650860436,-0.027659630348826958,0.005894735186643907
QGIS,19.800562790299043,-0.014516455257383501,-0.008069183459023372,-0.021962238798761247,-0.01237998137786378,-8.093611266199521E-4,-0.00880732331435966,-0.020550912629321863,-0.057048894931137184,-0.010244057186442694,-0.004011374524537675,-0.009406597219318242,-0.0024049189429844976,0.020550912629321863,0.005210403901637066,-0.008100394867080432
QGIS,18.129721136117407,-0.03391366049602373,-0.016053211824955563,-0.0690815710957231,-0.026246282820914818,0.0066047908151480265,-0.017390497047126488,-0.045600938045125744,-0.13568680578155579,-0.02244093445383646,-0.018382260625192895,-0.019310953875131324,-7.72616817949323E-4,0.045600938045125744,0.012343237236089724,-0.02611230303777401
QGIS,20.959472176613836,-0.014447749011356238,-0.008167707249088666,-0.04676518789472328,-0.015357489183564332,0.008537011712041262,-0.00927999410839537,-0.020975607371407745,-0.056757964106341596,-0.01026287670486435,-0.007349193218102956,-0.009496101026491406,8.114093693632248E-4,0.020975607371407745,0.017712942804722173,-0.018802526279029064
QGIS,40.17053606822701,-0.004340602350572546,-0.002584777231833677,-0.011417867759279998,-0.008590359341101195,-3.796826846111899E-4,-0.0023148701444356615,-0.011766796377631367,-0.032208446421021886,-0.0031734294487344057,0.003464890899187667,-0.0029923795229056874,7.157358662357553E-4,0.011766796377631367,0.004240358567578331,-0.004224292301040211
QGIS,19.186593844962527,-0.005111402957601947,-0.0032402460870159227,-0.03323067892798304,-0.012669097550952857,0.007956667581407423,-0.0035653454973957367,-0.0077364605623453375,-0.020067959811964547,-0.003774896878817626,0.001868723554444951,-0.003657937375221935,-0.003157745629289493,0.0077364605623453375,0.012577094601868281,-0.013127318425534482
QGIS,42.875067623270404,-0.008866217303832063,-0.005030163894145005,-0.006337249054503502,-0.0013944345293650517,-0.0048339476751060526,-0.0058398462737080225,-0.009713934018994008,-0.02730893681333596,-0.006302787103141095,-0.008221835265100896,-0.005840868523615218,4.6801523026691763E-4,0.009713934018994008,0.004282675067676489,-0.002293158943220852
QGIS,25.31759502417833,-0.030984851018721435,-0.01950589505362974,-0.02073442329227637,-0.008057784717022759,0.0015428124713785553,-0.021148644353055072,-0.03066829265555915,-0.09221378095263061,-0.022857472876360044,-0.02417284271029589,-0.021970215932454844,-0.005502673576762932,0.03066829265555915,0.0015587030419736136,-0.007471124767592541
QGIS,34.183091744195366,-0.01644765383159791,-0.00850876595265314,-0.03855285606607328,-0.01578331879989814,-0.005653558845260157,-0.009494854010717478,-0.02641601236828149,-0.0714758208715836,-0.011333173946480547,-0.005779497950999857,-0.010126819927233788,0.0014344599568856416,0.02641601236828149,0.005363920010408821,-0.014607378568392865
QGIS,33.57615409627987,-0.018860096910582998,-0.010480749388864837,-0.02991690175676931,-0.011958420526143765,-0.0013759634752969884,-0.010978317706286746,-0.02652992835954776,-0.07781465194809861,-0.01335249009822869,-0.01047944350743793,-0.012220051437908483,8.941346571034089E-4,0.02652992835954776,0.0038042771256276697,-0.010890632535085681
QGIS,17.390406058031523,-0.023579362742693948,-0.011859788059223907,-0.04076698060690287,-0.006730253348781329,5.960844105301934E-4,-0.013799265154837207,-0.02232222370486253,-0.06725717577393997,-0.01601700089744957,-0.024308845126178313,-0.01412406292941916,2.00122138821468E-4,0.02232222370486253,0.0015633859529219224,-0.014832543414219135
QGIS,18.191942960148243,-0.04908747281939974,-0.025025564917262204,-0.023972408981094873,2.06643212461749E-4,-0.0022203496520641283,-0.028832150310098437,-0.04133851650113832,-0.13428942253850085,-0.03314803232254014,-0.051915655283850254,-0.029287961717539737,-0.004234595416948623,0.04133851650113832,-0.005701718077272943,-0.009498779632016383
QGIS,19.17912679122771,-0.01888568580164457,-0.0032875290172122706,-0.0352839377197931,-0.0035824275168460096,0.004720510756694406,-0.005855725930830141,-0.004933779459925569,-0.028740249401010498,-0.008833316495568039,-0.02583119607511998,-0.004884406720820134,-0.009188214330252055,0.004933779459925569,0.007233812816951853,-0.011006661459628808
QGIS,47.47915978567445,-0.050744144551659605,-0.025489299971573356,7.579437158575786E-4,2.8338411956610465E-4,-0.014770792996228098,-0.028721402938916653,-0.04826819042037511,-0.16179615041043555,-0.03410449495942483,-0.047111402273771474,-0.02988707092213551,-0.004516026235550402,0.04826819042037511,-0.01561172956659021,4.0967588615248296E-4
QGIS,27.320410906726327,-0.05802958426336274,-0.017698248467907324,0.0032394740684167367,0.006581926439855029,-0.01379643109232765,-0.021787470646361995,-0.04167346258027449,-0.22330953270243636,-0.03183646541456281,-0.06622499258182818,-0.022342379383383848,-0.00914596212158587,0.04167346258027449,-0.01572319300198679,0.0011114581681703484
QGIS,35.78091940154451,-0.022463886907083983,-0.012040213938431167,-0.044105137799290706,-0.013366492851795975,0.002641870945137079,-0.013367118757551307,-0.026813754067933737,-0.07945710556030045,-0.015641059865143997,-0.016106957035231295,-0.014124935475808998,-4.001092420311044E-4,0.026813754067933737,0.014238945675369097,-0.017395656253069353
QGIS,19.939931765985882,-0.030704029479413038,-0.016506462192409022,-0.01697859771849597,-0.005185984892485451,-0.0035195687370782407,-0.018279389242587818,-0.03102862191618941,-0.10058024629516721,-0.021250023451401,-0.02637326050382416,-0.01913942386475817,-0.0028251009831460863,0.03102862191618941,-0.0049038558260885365,-0.00639993161768572
QGIS,23.12489154112443,-0.04751566214135432,-0.025673775920517478,-0.012288384889324266,0.003821453034452915,-0.006127310609634791,-0.029550053552324998,-0.04032722306787673,-0.14014717054170778,-0.03307747906919964,-0.05206239318641533,-0.029729802833958277,-0.0018141994945857533,0.04032722306787673,-0.013359537746867656,-0.004596393081425926
QGIS,29.20737055903114,-0.0830155906617396,-0.04275615597977474,-0.003194479607196543,0.005089098713633791,-0.02122729543064269,-0.04945707978875706,-0.0710967729438674,-0.25282484588767556,-0.05603064860381793,-0.08306457311121802,-0.04919070772526157,-0.012686081902615574,0.0710967729438674,-0.03221272831580977,-9.89737167431795E-4
QGIS,19.95509127054853,-0.007356214266543561,-0.004229592740785267,-0.051762445595227025,-0.018735140048875748,0.009216294792055574,-0.004450047527755775,-0.017152386168594047,-0.04487952286918723,-0.0053150665279944505,0.002041867405945752,-0.004954506359113868,0.0020067421718795836,0.017152386168594047,0.021807263507172436,-0.02079219443951233
QGIS,49.86491258303076,-0.04423238476992719,-0.02354941635485491,-0.015324432244053776,-0.0022015410404626345,-0.010747145128329418,-0.027291989753596882,-0.039286954352543826,-0.12489448019013288,-0.03038316334990491,-0.04248126917089318,-0.02726216790880763,-0.00605014789826623,0.039286954352543826,-0.009809839321525432,-0.006070618692108509
QGIS,20.993614943836533,-0.01610073301008093,-0.009373979668986138,-0.05268611982133087,-0.013509519664770209,0.011544295876009317,-0.010901668131615106,-0.01840576257276183,-0.05218709623541862,-0.011530832160208547,-0.013049407067068447,-0.010763952574681379,1.3282664850840882E-4,0.01840576257276183,0.018151178244945734,-0.0221417631374779
QGIS,17.886678467600632,-0.07242586578289922,-0.03206945018423001,-0.0010510093480742277,0.008608496173746677,-0.014122145714087972,-0.03673508153296694,-0.05815475053464336,-0.2589070552600724,-0.045621841078313144,-0.07813434209055259,-0.03727916222154469,-0.012229569445325614,0.05815475053464336,-0.023284220706319757,8.702310169195759E-4
QGIS,18.677998695187732,-0.013553902194153943,-0.008795425229326557,-0.08221781150210838,-0.028867051625322993,0.019669114698000784,-0.008441663714233473,-0.023092190740527874,-0.0637742751630237,-0.010194283455672307,0.0010857619193446466,-0.009953664134820208,-0.0031891086564968837,0.023092190740527874,0.03316378070496845,-0.030627884575420372
QGIS,20.18663707239244,-0.008484238001727512,-0.0037483227468651393,-0.08496733077577079,-0.027110467795114973,0.010219507865769646,-0.0038263275747051385,-0.01811518042761684,-0.048650384397883106,-0.0057098776993994155,0.002546270399604922,-0.004793214156945894,5.107880616972123E-5,0.01811518042761684,0.02666913825279074,-0.032524925492960835
QGIS,20.815461010349395,-0.009535613512535476,-0.005458534769785245,-0.06963068844815323,-0.023107113953752867,0.010953736302093748,-0.005841567979259856,-0.020767709082026894,-0.0550070487134976,-0.0068702614546655195,7.645713772964913E-4,-0.006394410699654823,0.002588393205367858,0.020767709082026894,0.0310448476451722,-0.02705184671854631
QGIS,17.896463546693525,-0.001949579256160374,1.3252054582248846E-4,-0.027601437143869756,-0.0028152319847772334,9.090970217323392E-4,-4.1738590526377295E-4,-0.0034701091637349968,-0.009808024115617708,-9.753976910366648E-4,-0.0053518021904206126,-3.2190075374823046E-4,0.004815638526755553,0.0034701091637349968,0.008624108480982842,-0.010364796150202304
QGIS,49.31094422699668,-0.02444939064066596,-0.016848902365370837,-0.012835995857216176,-0.012844035125871706,-0.006417102939143398,-0.018280701351285428,-0.03483420792086271,-0.09545179546319982,-0.01867484168388493,-0.010345674090989215,-0.018665518484929852,-0.0011301054469775602,0.03483420792086271,0.0036101093666581763,-0.005385307626534663
QGIS,21.20107049844726,-0.1287748537468087,-0.06711886301501585,0.09260000363137699,0.04047726034833721,-0.039816952794486105,-0.07432722137936473,-0.10441897476661266,-0.59133023462522,-0.08478072910524267,-0.14396922696032302,-0.07288353695115976,-0.019073577997133804,0.10441897476661266,-0.09329187942324878,0.040094116075283084
QGIS,25.9465876230135,-0.09298249663046726,-0.044707670177684525,0.012554858378087452,0.00903525809568323,-0.015498684433114477,-0.050054984444637726,-0.08236296712378227,-0.37958241687447236,-0.06100027500951781,-0.09795903711202672,-0.05178445058343828,-0.0033880374131834007,0.08236296712378227,-0.03565628279513889,0.004476445466918055
QGIS,26.499498861489073,-0.0797095937969055,-0.04078321854090622,0.012972541429898232,0.0077637174802527575,-0.016706025755259812,-0.04513311621258424,-0.07301713256233783,-0.28976797456969305,-0.0538097575610481,-0.08136158017986642,-0.047231881831291136,-0.002487422736893159,0.07301713256233783,-0.030442174085066775,0.004860285892558547
QGIS,24.004261204417393,-0.03630969354822364,-0.01260951846189512,-0.051569605083816805,-0.006692143529120398,0.008783791839016161,-0.015625250168697008,-0.030958107510178634,-0.17365177625913786,-0.020644004328661703,-0.04340200422697608,-0.015350663361916733,0.002600802687720404,0.030958107510178634,0.00864170994495865,-0.01481781083212702
QGIS,26.420101237740074,-0.06041593018005967,-0.031385035296741484,-0.014875961283784545,0.0019057345941274895,-0.002054744276295893,-0.035135640029182194,-0.05429050881843017,-0.23606439159410542,-0.04099487545226935,-0.06447775304349464,-0.036036264630775416,6.602910907915066E-5,0.05429050881843017,-0.00778528881769025,-0.004799948814346783
QGIS,17.905354432803446,-0.06330822286519791,-0.03480516078081948,-0.033513927146181954,-0.002534120358191838,0.005390521510246674,-0.037463718222770656,-0.06689862319592299,-0.30757344643184326,-0.043910345475759685,-0.06587082028415066,-0.03958507047861351,0.01154763198669078,0.06689862319592299,-0.01784430696301617,-0.010073664540370925
QGIS,30.257082867540294,0.021147127369299773,0.011545193041845356,0.02587213748136219,0.006542615228480014,-0.007723754035163823,0.012816058644213257,0.026235274113606377,0.08714876620237633,0.014812348390150887,0.01984080414093898,0.01344192364398708,-0.00566081434681703,-0.026235274113606377,-0.005131533842446083,0.010773498720427988
QGIS,26.100705324005112,-0.00967961240047846,-0.005924553395177334,-0.004334826618913379,-0.001101567585519908,0.004143790942009791,-0.006575758430176604,-0.00898472907974815,-0.03194267343142865,-0.007102791931905841,-0.008921846765273637,-0.0066639724157451785,-0.0011988900690162686,0.00898472907974815,0.00671938146179352,-0.001697445497905098
QGIS,26.170127074835612,0.008365879969679552,0.005345115637101064,0.01588760496331587,0.00333841148787406,-0.00621888984570605,0.005835012150049043,0.0071060409663467605,0.022353912579091473,0.006216968959367228,0.008140428714361755,0.006008230776241449,0.0010870835619926807,-0.0071060409663467605,-0.010582462959493541,0.006283199562354597
QGIS,53.96555207419579,-0.11744261680012072,-0.05545749833114781,0.081012790173282,0.0410089675054464,-0.03906240656096612,-0.06350938622492262,-0.08651899727292334,-0.44729385865086346,-0.07436149121689992,-0.1345041684666094,-0.062141438646375016,-0.024452552284285743,0.08651899727292334,-0.07069131260870687,0.03730342872421081
QGIS,25.173858512419365,-0.06278952149446798,-0.030786465463568703,0.04177278277836294,0.019870007015061725,-0.026812965152940522,-0.036059285159780116,-0.05507227585247326,-0.19653802423443856,-0.04165687005244332,-0.0703020071409705,-0.0361155653119724,6.358958556507716E-4,0.05507227585247326,-0.03906895267862821,0.01647677960476382
QGIS,23.059415969838053,0.03608864854272381,0.012824188128817748,-0.050763273155982835,-0.02469838624995812,0.023177128534969213,0.0184335212003697,0.021178286509233146,0.12634223639965136,0.020199037357957805,0.05237881607068928,0.014892220874904077,0.004719360768239242,-0.021178286509233146,0.020337655179057806,-0.02228906827525051
QGIS,53.76907292525617,0.10126063741541413,0.03563676079794814,-0.08489285110973444,-0.04530265919721132,0.04571102991717571,0.048247800358078796,0.07604766555504411,0.38161762083621387,0.05694671458116721,0.13512955584737868,0.04215113902068732,0.005552418882018392,-0.07604766555504411,0.06128691331668559,-0.038870576826647255
QGIS,71.37678348971342,0.039548158431064545,0.018794281924875977,-0.0048246937706857285,-0.004731778354161997,0.005453726492788427,0.021250555257665893,0.034800286328038166,0.16942860339274723,0.02537415424052461,0.04352790118757101,0.021382862998253233,0.0020413023219752677,-0.034800286328038166,0.013868960859489425,-0.0013155456623437506
QGIS,56.82456316078662,0.007498520937746486,0.004271375384872211,-0.003057682493582403,3.327891686032425E-4,0.0043734848928692616,0.004551780710653909,0.009220155250621614,0.025952835796616114,0.0054291007257593685,0.004843047197132508,0.005022662093564154,-1.2049893982556386E-4,-0.009220155250621614,0.008305310236792974,-0.0011400776606066698
QGIS,26.046990064345852,-0.09858938843660564,-0.03478934288625099,-0.004774799324008816,0.005375350818311891,-0.009869484010404335,-0.03920888026593969,-0.08315297573270419,-0.43495641895522685,-0.05571238679101401,-0.1068885180812962,-0.04153567975990058,-0.010779822933178522,0.08315297573270419,-0.016682653942033145,-0.0019642360604075204
QGIS,25.170697198532604,-0.0395958479555199,-0.014752572271074599,0.01725625084514859,0.010366628838734154,-0.008533859592960345,-0.01772178229718349,-0.02478208652479963,-0.1718899912637304,-0.022255750505642075,-0.04893559531244668,-0.01674269920216348,-0.01032360668037149,0.02478208652479963,-0.02520907809500371,0.0069483670607416725
QGIS,23.58825303088947,-0.044303376351755464,-0.009646169920704578,0.030489198677829954,0.02212381485868982,-0.02181458345282615,-0.014990249225113217,-0.025387199335327626,-0.19827357051459282,-0.02089263207541525,-0.0625106069529131,-0.01208006071663803,-0.009899115353030001,0.025387199335327626,-0.03763190593256928,0.016371111719945958
QGIS,24.04400996687118,3.293415114744014E-4,7.903410172353798E-4,0.033455457083665374,0.0058381738906253255,-0.01052002022061066,0.0017961138772060181,0.002886369691181223,0.017588118295992494,8.454305193563716E-4,0.00309582944708095,8.813955773390447E-4,-0.006061988306154967,-0.002886369691181223,-0.006019601507657027,0.010185721422085653
QGIS,17.34091547404078,-0.13445939129784235,-0.06193238327245357,0.13241663697260253,0.06836048819531906,-0.061031653167010896,-0.0724903452322676,-0.08770067835038131,-0.6620628493390361,-0.08256711431425526,-0.16727964553173344,-0.06645932844271102,-0.03522598101828493,0.08770067835038131,-0.08923152072394859,0.06365888153959265
QGIS,24.120012002030894,-0.06783173384950458,-0.02893436511573494,0.06968510597850774,0.035770670674765095,-0.03447623590925014,-0.03361782137520747,-0.04584088324064112,-0.3171401721659983,-0.040454611896979464,-0.08299080276567034,-0.0316515440054175,-0.018106475585533806,0.04584088324064112,-0.04786469330950342,0.034610388305939
QGIS,18.978921655499228,-0.06588971281604938,-0.02069100827528636,0.01606058796560128,0.017121342647511542,-0.011125924800832535,-0.027433021043978295,-0.035415421958180204,-0.2597053483528331,-0.03439217718300605,-0.08976216119505043,-0.0240105071420319,-0.0194646511583675,0.035415421958180204,-0.02773480763425576,0.006762348101115881
QGIS,25.04391741993535,-0.04100025910248767,-0.01604984309280566,0.019013964510434134,0.006608997249169218,-0.007304489815302795,-0.01741259542480758,-0.036886095497330906,-0.20016041731511547,-0.023637562896099612,-0.04228426301564108,-0.01852451461443852,-0.0038543749610317436,0.036886095497330906,-0.015382412298496453,0.008027889779547825
QGIS,18.65412467997681,-0.06838748420573842,-0.023389601177083358,-0.02472579821702281,-0.010827559349197213,0.0019176721166104527,-0.022213314785789445,-0.07713323283808843,-0.3984646354110437,-0.03777914500685875,-0.060577363019810315,-0.027841777828996134,0.0030893017572684693,0.07713323283808843,0.003564060716891772,-0.009155838613543257
QGIS,22.092903373577332,-0.009174658075793249,-0.002905956288964749,-0.05923263170340154,-0.019364163613521654,0.022659347779277646,-0.0012707167789618376,-0.016547169711375986,-0.0693653093260383,-0.004990147770096279,-0.002019529964191309,-0.0034651659004719323,0.0018617567312614759,0.016547169711375986,0.033212852881746455,-0.024764938722022165
QGIS,19.294128948774627,-0.0464104583102595,-0.02300997743884911,0.029690343780425676,0.016420947247415246,-0.011924241513699661,-0.027501429990876958,-0.021859906016913455,-0.11993317982003826,-0.030146884724847695,-0.056358582941710346,-0.025739920540485017,-0.018525024073780684,0.021859906016913455,-0.013692692864216888,0.012243883534065109
QGIS,19.0592560744889,-0.06634268266233212,-0.02224100735268672,0.03794122828425239,0.01649369506184528,-0.019761513324697652,-0.025416330686886673,-0.05795084406828033,-0.379821974324857,-0.03608225958069178,-0.07586248425492917,-0.02617537586654714,-7.632981493127882E-4,0.05795084406828033,-0.030186368622047273,0.01525180710777553
QGIS,35.68738832711025,-0.001563977865638444,0.0024021887809280718,0.011158441763304827,0.003420884249585393,-0.007855907155806202,0.002147909455078742,-0.004500735451016452,-0.027319209615237927,6.615121933116336E-4,-0.0032001137870820776,0.0021554880822055866,0.004394008344043314,0.004500735451016452,-0.010293790323124663,0.004262305384685333
QGIS,19.365761227014605,-0.12638243820319267,-0.06489559265340744,0.06980797515587711,0.046296382349744966,-0.03386913484199355,-0.07111593577105668,-0.09551809805680289,-0.6366475402222425,-0.08104452011206142,-0.14521816606119095,-0.06851503469086884,-0.03127898841501418,0.09551809805680289,-0.06604299859743629,0.039604392219927884
QGIS,28.678928064178006,0.003722831102073415,0.0016998485602784802,0.012220604716743022,0.004006936569492803,-9.464528071629653E-4,0.001354554763492416,0.007565292214428143,0.016632938386824336,0.002647193428512329,0.0012405656059980008,0.0023418040895600567,-0.002524015651702285,-0.007565292214428143,-0.0047380069601689265,0.004741439929511482
QGIS,40.36144615237918,-0.023526059393981003,-0.009107240519799886,-0.0011824595654426062,0.0022358734792228274,-6.756220885601391E-4,-0.011050525577587872,-0.01052445857020079,-0.06339891200565484,-0.013609164859645029,-0.028741307626485857,-0.01057239435147278,-0.010118326539654415,0.01052445857020079,-0.0010075431021130676,-4.5963460605727424E-4
QGIS,23.442739142350977,-0.07802098431423199,-0.02212727648850335,-0.020475593834942574,0.005956313567908406,-0.005479115667054023,-0.02839258240748785,-0.06010215241173744,-0.3600048140421237,-0.0405082515194502,-0.09619182767754887,-0.027491532312113487,-0.003553342949344003,0.06010215241173744,-0.00507379997634879,-0.007889156520195659
QGIS,35.33286534676783,-0.024135296218421365,-0.008120060770615362,0.03918230547249313,0.010502926331161844,-0.014696879257778947,-0.009663320456685914,-0.013514839767569842,-0.07584885307570399,-0.013310906093326552,-0.027805900201590503,-0.009777900098810965,-0.008566971681614181,0.013514839767569842,-0.011666555762809602,0.012096268102400415
QGIS,29.393140238498585,-0.059773256773364425,-0.022549527768625344,0.01235976591111232,0.014708821183063436,-0.012481938258743962,-0.02689845194238885,-0.04137087875440232,-0.3071221437452176,-0.034087690282476796,-0.07350125420331338,-0.02536184483531312,-0.011551752108458711,0.04137087875440232,-0.03368260211320335,0.008038391085157373
QGIS,17.34550386759978,-0.032823184427524854,-0.011750765985302808,0.02502701386522932,0.011073355204555657,-0.013347307868530122,-0.014543040201117213,-0.020427179708367937,-0.13051774597530263,-0.01863448515353297,-0.039938086123226774,-0.013754176644690058,-0.007915245370513238,0.020427179708367937,-0.018285028765514234,0.009676678965753027
QGIS,37.73369782950929,-0.09856024804698987,-0.042927788473504036,0.10577010288863131,0.0443089464309491,-0.04268968105078714,-0.05075143862238102,-0.06840590311889821,-0.442246791658484,-0.05983154802549612,-0.11986099357624923,-0.04804502508791558,-0.017480455908860295,0.06840590311889821,-0.06885230107476391,0.04275033955881066
QGIS,18.020536781258855,-0.03878475582687135,-0.009059428269294983,7.799857697787793E-4,0.006462742169677599,-0.006447881106678752,-0.012332425483203069,-0.021223253402953945,-0.15880144865225176,-0.018652185795283743,-0.050185695911338285,-0.011402924832338873,-0.012242540810846456,0.021223253402953945,-0.020119563711799182,2.8861821685320643E-4
QGIS,17.704229577284032,-0.06889344204898526,-0.03894611098946943,0.064302404644899,0.02020914414906136,-0.018841817382037655,-0.041911514578012954,-0.059668593258117575,-0.2951969564665714,-0.04716449928344457,-0.07081927562033516,-0.04249065654510409,-0.008973327695608834,0.059668593258117575,-0.04454403742425185,0.02546376077812866
QGIS,30.432785689784584,-0.07449698523629994,-0.02618259080910393,0.08782040102103217,0.03437535392693225,-0.03676965181891299,-0.03155577330031345,-0.04629561997391579,-0.3150051705128092,-0.04104768320452826,-0.09195417081867444,-0.030241967160124283,-0.02053382287086918,0.04629561997391579,-0.054594123496428705,0.03394026951370098
QGIS,19.327096301221204,-0.05744790579227699,-0.018658557843479168,0.0036640894024020376,0.011945265516105225,-0.00827496157084907,-0.02475825223414474,-0.04346250563249637,-0.2651561332711849,-0.03126131019301709,-0.07533823547465358,-0.022342707815132257,-9.108547294489969E-5,0.04346250563249637,-0.01655372038737557,0.0016457642678485151
QGIS,21.514051350218768,-0.06835861542061622,-0.02431895376492621,-0.04293113058030884,3.609052417723191E-4,0.00346693416954094,-0.03111968402062365,-0.05691321673934652,-0.30575500160596114,-0.03949667942662771,-0.0840623467520826,-0.02943704027269678,0.0035412533466868297,0.05691321673934652,-0.014227181819795445,-0.014788602621343017
QGIS,22.302978705531906,-0.01645734940422794,4.849485354718186E-4,-0.022803664496108045,-0.006618749812356994,-0.003346055125931169,0.001027677490284179,-0.015879089333287133,-0.09186423840137947,-0.00560634593946821,-0.014366840447498391,-0.0010931879291965207,-0.0017851869588343464,0.015879089333287133,-0.0013985089021884833,-0.0066710763881381585
QGIS,34.65015237623985,-0.042651660825012164,-0.02549298115818911,-0.040647467525474656,-0.01563664904676984,-6.023013136219994E-4,-0.029815034124553896,-0.05055046851545471,-0.1363585811856333,-0.03083338704797544,-0.03103866574660631,-0.02912205818106449,-7.586179085429766E-4,0.05055046851545471,0.0052031518145585764,-0.016295241129206953
QGIS,21.060978761612965,-0.021328231248193774,-0.0029856483781169063,-0.01017281450757146,0.002622193355067498,-0.004275418733581077,-0.006023239232138433,-0.0074347605599375255,-0.04186636430312807,-0.009676290993830938,-0.029773923752907994,-0.0048867548047683285,-0.00808757561335252,0.0074347605599375255,-0.004322630861939673,-0.0032022644344552598
QGIS,23.496989117454707,-0.0772927176853489,-0.026534725197907644,0.1138204347427283,0.04048988843657905,-0.0467525876070629,-0.032777230991785616,-0.04807958275510443,-0.3184736274828852,-0.042491249428895816,-0.09647505244542837,-0.030989567749938163,-0.0188040139269375,0.04807958275510443,-0.07908952951744665,0.041602259201129754
QGIS,19.28752871632331,-0.05451000918471843,-0.016334675284145145,0.05250540644513202,0.01891308941985903,-0.024644694951048603,-0.017849971817772953,-0.04822838517339778,-0.3352747203909565,-0.028023417166114173,-0.061013413354184615,-0.01935398948796338,-0.0024984547813896307,0.04822838517339778,-0.03522946470766812,0.02120998774115311
QGIS,18.32530845371775,-0.11652212138308969,-0.057372916491591236,0.011176164674499667,0.004212010456780227,-0.02128520680954705,-0.06444208777806881,-0.10754876222341647,-0.39369582887414273,-0.0769746718552974,-0.10933789907968122,-0.06635523182110725,-0.015538032615668707,0.10754876222341647,-0.0380079299435511,0.005003041558962473
QGIS,18.110397751672323,-0.04950620770675476,-0.012550139500336094,0.003382536011803605,0.0037734023108640102,-0.014262449202698958,-0.015394968479170268,-0.039707865665790765,-0.22066675362063837,-0.025411218591837842,-0.05484602562972179,-0.01653629174655577,-0.00433587266356391,0.039707865665790765,-0.005977191602115919,0.001190862124518105
QGIS,20.223658738159934,-0.019598969498172636,-0.00667179543994767,-7.61234751482931E-5,0.001312543520057552,-0.0033763840562750363,-0.007794681238450812,-0.018333886385836162,-0.10389678730720875,-0.011092554556229622,-0.021588286130402833,-0.008143734955611437,0.0014195577360920641,0.018333886385836162,-5.143547921009142E-4,1.013844985831569E-4
QGIS,20.251184097706386,-0.08527902037124191,-0.039830873388002314,0.058939578107946256,0.03252858430894201,-0.029478745009245178,-0.04904841394295467,-0.049159847436410276,-0.3143402635145385,-0.05409838658130692,-0.10623418728487648,-0.04431108839643241,-0.023066995019648973,0.049159847436410276,-0.05742299898095205,0.02500130236771024
QGIS,24.809591429799806,-0.05195361124402295,-0.019120874166118823,0.02507241453568443,0.012365251102446129,-0.0167368501173464,-0.023211866139616233,-0.03399157038063,-0.1829852440191504,-0.030421801219910394,-0.06038732085337489,-0.022954913320854753,-0.011628832687081954,0.03399157038063,-0.03229176391925569,0.009090702271294632
QGIS,27.891743614073043,-0.10963838829200984,-0.03482424552097563,0.06008919778052291,0.03234769914290897,-0.03519162067321634,-0.0441825646462419,-0.07094514630857418,-0.4399124598462816,-0.058999846968502856,-0.1374876030213934,-0.04183302799800426,-0.021403057094666243,0.07094514630857418,-0.06636165042655003,0.022582631434015815
QGIS,19.012435581753135,-0.05084435306087896,-0.0280342406062574,-0.012275019849714353,-0.006638757038578552,-0.00877050285403055,-0.03154452771557191,-0.0528929683224649,-0.15848987796972175,-0.03562991554504516,-0.04176546578066932,-0.03250671114309911,-0.004348851794441082,0.0528929683224649,-0.011488108574588464,-0.004802158739423981
QGIS,28.854312299937472,-0.051504360068849675,-0.03072715509083195,-0.051882989812070734,-0.017576623127416285,0.004797914405070937,-0.0332614569903078,-0.055160138855107205,-0.170749978145404,-0.03723542111059791,-0.039748336618348395,-0.03498660583240718,-0.005134150297784221,0.055160138855107205,0.010417426305728755,-0.01939502293325082
QGIS,26.115945189213587,-0.016301451219304708,3.3913123101822484E-4,0.015241370878909866,0.0051338145760855824,-0.014102840528467858,-9.74068544724066E-4,-0.010459112857136799,-0.059009734890632215,-0.006142996183050559,-0.01863267830497116,-0.0014519341159050791,-0.0040609374930536905,0.010459112857136799,-0.00727185317883354,0.005079188364269321
QGIS,20.449051261113457,-0.03818525726871472,-0.008169117915213853,-0.007699525694448983,0.0030382055843329037,-0.009550063814459532,-0.011519990100744809,-0.023905250495203645,-0.13316040908569993,-0.018937618818976154,-0.04598313578413439,-0.011429156327342399,-0.007888258230651327,0.023905250495203645,-0.004805149423811515,-0.0022726643626999887
QGIS,22.151178062403662,-0.04885213790880044,-0.024381758209261875,-0.04138557387857511,-0.008782833085075409,-0.006326113495254741,-0.02844102045696194,-0.04931599325750774,-0.14643682141722847,-0.032958325201388486,-0.04595234414164491,-0.028955978241045982,-7.780132256101393E-4,0.04931599325750774,0.0030820415739112143,-0.016202526118313174
QGIS,18.804532766372397,-0.04301306015898469,-0.01919100498351327,0.004107491296112098,0.004463924665304625,-0.014688651550667134,-0.022425276917189534,-0.038556583451783366,-0.15332034032130504,-0.027154238318670955,-0.04471588654964373,-0.02228719565232374,-0.004725913174125088,0.038556583451783366,-0.017714146525271153,0.0024701745111783135
QGIS,25.277960074447098,-0.04207322098199995,-0.011686061466650577,-0.01599219979610189,6.326631970992314E-4,-0.0063722050575859696,-0.014738011371806081,-0.03282348182319739,-0.17562750146770179,-0.022521045445797777,-0.04794871314255998,-0.015196704345516093,-0.0033008809116017697,0.03282348182319739,-0.0043189949540086495,-0.004798725306586815
QGIS,26.60918094995079,-0.0379812885652237,-0.016240421214527914,0.03462169768653478,0.011633100479268244,-0.017535207651964903,-0.01916185272639534,-0.03063935637894194,-0.15211114533821168,-0.023877946538464784,-0.0424595546717143,-0.019221778782537696,-0.002491370394728568,0.03063935637894194,-0.03281475974989927,0.011962273560688269
QGIS,20.659664236958086,-0.08511742098674163,-0.02488423726071287,-0.00474560217277209,0.018099487575212597,-0.012605203479113664,-0.03520295881625762,-0.04342845178455845,-0.27895121261887024,-0.045231910817779164,-0.114162926649695,-0.030849036348774034,-0.021374038035326084,0.04342845178455845,-0.030991685025447486,-0.0018433585372809869
QGIS,29.145730274925043,-0.00480349886642744,-0.0019269507768271098,-0.036927946426441594,-0.012594327326585691,0.0023865792455293328,-0.00188111097961053,-0.01195557320458604,-0.031892488063129165,-0.0031430997127641427,9.386543502322986E-4,-0.0025423704936947053,0.0025150544313335727,0.01195557320458604,0.01645260659587093,-0.014916847303446765
QGIS,22.59859246486988,-0.15136665052260195,-0.05430734408919863,0.0210458702110774,0.028404334512183743,-0.031770243794811755,-0.06674932821821941,-0.11656250281699632,-0.6616326064502955,-0.08743485606280407,-0.18024161101004266,-0.06509143700184791,-0.01247780026158072,0.11656250281699632,-0.0575512916809556,0.009267240681647165
QGIS,22.319385562278196,-0.024020045261443617,-0.012958603745798356,-0.029258039181541573,-0.01156192683916435,-4.505753921447177E-4,-0.014820607027478106,-0.031271910918782855,-0.08797485021155238,-0.016721699229602975,-0.0159387870742643,-0.015163695757403482,0.001150290517830535,0.031271910918782855,0.0036263592648659512,-0.011463738325395947
QGIS,76.34362782178394,-0.023456811161125003,-0.0153227144676825,-0.06106981079032314,-0.02590864585935565,0.008542265891444103,-0.015987193753942162,-0.03706568979514285,-0.10203326335856222,-0.017627931747733673,-0.00608970287484914,-0.01724383110118468,-9.441529140766535E-4,0.03706568979514285,0.022840893232773177,-0.02269798280837565
QGIS,23.65630171645015,-0.03183040394249763,-0.013971125955559535,-0.015257396309225957,-0.005048505926913166,-0.002998296487484564,-0.015557535225838678,-0.0281545314273553,-0.10282619473564342,-0.020384174441765726,-0.02833834549932272,-0.01682965650026036,-0.006229937834737345,0.0281545314273553,-0.010202568950274594,-0.0059460784547882145
QGIS,23.500375582719457,-0.08218822414738716,-0.036166122529839945,-0.005000064915243296,0.005836381080510766,-0.010476593720522842,-0.04235200981498609,-0.06849894980815574,-0.3232384577023426,-0.05210544591284963,-0.09096859295227752,-0.04264603450418877,-0.0038725031517422587,0.06849894980815574,-0.027592939742963604,-0.0016906403281682636
QGIS,23.271709012298633,-0.01520489218049477,-0.008094640313683295,-0.005908574109265929,1.8046235526342214E-4,-0.0038678204339732507,-0.009055790262736653,-0.01335945434685934,-0.04265303676102383,-0.0106312840255025,-0.015607828926607586,-0.009536775894650414,-9.390123045757513E-4,0.01335945434685934,-0.00631590919290291,-0.00228987001141287
QGIS,19.3690482950561,-0.04585127526970334,-0.015350055225311077,-0.021850013674339586,0.0015557281097451636,-0.002847854999970846,-0.019206272857075407,-0.03901179896189444,-0.2173147225812022,-0.026139567757012316,-0.05384775050586804,-0.019073797594440695,0.0028785194935479867,0.03901179896189444,-0.01109969552616124,-0.006979554496805068
QGIS,44.07183823592443,-0.1168243410284675,-0.04834292456148602,0.04301279507489042,0.027675901253344404,-0.03316773447739902,-0.05939123057148721,-0.09044314288930672,-0.45944650087050465,-0.07218471945313865,-0.13877737721021569,-0.0572885567263349,-0.0056565361752876925,0.09044314288930672,-0.057075146874136895,0.015248834914197235
QGIS,21.366329557619217,-0.06739861355221466,-0.025324527708376066,0.04393715730578829,0.01820798486026265,-0.025752526498719154,-0.03088398624629135,-0.04597732531060178,-0.27415936423155074,-0.040103736884787244,-0.0785444326567198,-0.03046229297360256,-0.010361883584411542,0.04597732531060178,-0.04221407857853671,0.014149606385919583
QGIS,20.32649089898599,-0.08557280908105619,-0.0191127898671323,-0.06886266406878527,-7.713343305297271E-4,-0.0061403182213254845,-0.02802651218163757,-0.05610350417514459,-0.3278955750285626,-0.043182447291862575,-0.1063199440149065,-0.026593632801167555,-0.00940208944300484,0.05610350417514459,-0.008487569504218022,-0.02157246747216099
QGIS,28.978701519048027,-0.04696149846216083,-0.020578906972817917,0.0654138260178665,0.022730532644731044,-0.025773864726796374,-0.02516202224529271,-0.03237612651535443,-0.1813619380273246,-0.029288874475180166,-0.05737093224934366,-0.02364266006132129,-0.006048537306911541,0.03237612651535443,-0.041197876387611104,0.022133154853356346
QGIS,18.46719285807438,-0.04766058083902244,-0.02338924965059115,0.0017057562726845443,0.002182013809853195,-0.006553953589442343,-0.025619157231168574,-0.05084858280081456,-0.20214288606358966,-0.03146511673320371,-0.04795524757134972,-0.02710571271822733,0.004818920321698334,0.05084858280081456,-0.02259466034116818,0.0016983552464895912
QGIS,31.104708631582323,-0.0864153698748999,-0.023000978971452035,0.04030537730718353,0.023100449453188204,-0.030713721260310155,-0.029897067355933588,-0.07055110870674058,-0.39996840356168417,-0.044313688826152775,-0.10689109537857182,-0.02910704356392016,-0.0020133664962497105,0.07055110870674058,-0.04659788758785594,0.015378900510556404
QGIS,18.035544701816345,0.04169488216077469,0.01786141771362129,-0.018592292486053763,-0.011592801634852046,0.015048405959417206,0.021909371747447406,0.029949015859935146,0.1192769359586544,0.02640004806771845,0.05025126130609352,0.021466203494380345,0.003324499403034458,-0.029949015859935146,0.02096923698447664,-0.005952852456336338
QGIS,32.9314710000658,-0.03801772475025672,-0.017768641415595615,0.019385926089570793,0.005995737598315981,-0.005303806591726157,-0.018906476726992166,-0.03517863953006578,-0.22416808568061852,-0.023612030916555782,-0.040255447462206884,-0.019602001181184103,-0.0015602231351562312,0.03517863953006578,-0.016484816255122013,0.007115344320475808
QGIS,24.298827294384257,0.012383737040371295,0.0067713679668919835,0.005546325316351908,-0.006837867640815509,-0.0015173349824525034,0.011033425165648952,0.00688872298784704,0.028365655773230136,0.008548828495728328,0.024346395216421235,0.007638990283044822,-0.005573500479024211,-0.00688872298784704,-0.0016573624845366286,0.001744428838947376
QGIS,22.05541131029002,-0.004868690335427056,-0.002650122552838169,0.0036928510525089386,0.0021258109541640313,-8.388025032036311E-4,-0.003413725410481211,-0.002975393551986505,-0.014540672913784913,-0.003277799783706292,-0.006869099854476209,-0.0029259020471638086,-1.7066239596606053E-4,0.002975393551986505,-0.00407473576881584,0.0012098324909303182
QGIS,18.326176931169183,-0.14034164956921052,-0.04563055199718974,0.04056709433017125,0.029147814972826536,-0.0353001202889771,-0.05634421031387779,-0.10733246289950549,-0.6040532398289256,-0.07715948785574545,-0.16872869201470686,-0.05520515900386938,-0.01457327265877054,0.10733246289950549,-0.06640366805168599,0.015791931588356123
QGIS,21.59453595841442,0.038700656507365566,0.01729034949042088,0.004144354235764869,-0.005044125519330422,0.0025121393213228746,0.02088168813314159,0.02747734039946198,0.1258619876876288,0.024528911559248356,0.04649139114144586,0.020155122169310813,0.0042224748081633665,-0.02747734039946198,0.008161062790911833,0.0016396826247443708
QGIS,19.140084848529924,-0.019535541968760284,-0.0010181543874674404,-0.007317009771411476,4.5997968829025737E-4,-0.0035903638306629543,-0.002439705760571592,-0.013605566884501041,-0.08943357901488835,-0.007410253441135994,-0.02548562099556234,-0.0025420147373586,-0.0027347709357329816,0.013605566884501041,-0.017833013142301284,-0.002724190050957004
QGIS,19.0325156108475,-0.030197247691720164,-0.010642480175813013,0.008127948190469247,0.00361516777618881,-0.0073942488270004325,-0.011921251590370219,-0.025034501404662957,-0.13788308712969788,-0.017295932386891366,-0.03221336236097695,-0.012758538441156486,-0.004003304733114547,0.025034501404662957,-0.017012644800764885,0.0030472580412520267
QGIS,29.710354177900168,-0.07875855169713075,-0.027778320508388937,0.03800949772688389,0.0216816396538089,-0.02238997553167645,-0.03503502057108451,-0.05750384442028661,-0.30533473567080405,-0.044542810355702234,-0.09790319691985452,-0.03306641579632216,-0.008055632252564147,0.05750384442028661,-0.04335005984703702,0.013983993065374095
QGIS,23.703349554504083,-0.0606172503144044,-0.016874357599237333,-0.011639968372426424,0.0074793536999624155,-0.0055848467441322845,-0.02304464178115853,-0.04211283061598886,-0.2603600324540001,-0.03151115263744775,-0.07885073120923747,-0.020884616093164,-0.006618539576816525,0.04211283061598886,-0.019674571750921188,-0.004175408603954531
QGIS,19.7643591427789,-0.01059725972017661,5.9308507642741315E-5,0.009634156782422743,0.004937396394883775,-0.007395131044445038,-0.0015566287756818842,-0.009098606466455827,-0.060079304913327025,-0.0038465276225096434,-0.015535686876722715,-8.467422218586818E-4,0.0023467150323257142,0.009098606466455827,-0.013868308828537606,0.003543182419714741
QGIS,20.849076252260783,-0.08852105110956465,-0.03401326693557791,0.04070719356450381,0.025668758291569477,-0.02417681950865868,-0.041832607491406854,-0.06027495619394335,-0.3464392533174616,-0.05173293425894088,-0.1090820881012323,-0.03955966715246159,-0.015468470418723276,0.06027495619394335,-0.04519552387392589,0.016430652970771564
QGIS,17.677240035328687,-0.08396570519885543,-0.026630539878016113,-0.009680341052071162,0.004526426459668775,-0.01292260868581409,-0.03161278365685399,-0.07802783729521112,-0.38931903936974066,-0.04596587809907407,-0.09417512903475436,-0.03288386832805243,0.0028541289153197324,0.07802783729521112,-0.017636986521916802,-0.0029536720722035947
QGIS,19.3303899441049,-0.03952399706206003,-0.016457235005474177,0.0018338202284302607,0.0032016680399119812,-0.007674878638209814,-0.018476529943220854,-0.03890097669512482,-0.1877061377816227,-0.024439324355895048,-0.04220634931725238,-0.01961236274297032,0.0036978741493778108,0.03890097669512482,-0.017065806056504332,8.335479482787789E-4
QGIS,32.61874653566471,-0.03228751411874731,-0.005212772063691917,0.012753004755614583,0.008434820956367883,-0.01361464093948201,-0.008179473115323799,-0.020255385581495866,-0.12336208044239028,-0.014168836225891213,-0.04221926796187345,-0.0076027765000426795,-0.00498518482712812,0.020255385581495866,-0.014401363951568054,0.00445028853024465
QGIS,46.46299042342289,-0.15225643137742645,-0.06478742945398773,-0.03542164397845915,-3.315855522964817E-4,-0.01539451895164305,-0.07336296075931119,-0.1434824452728823,-0.6193515985608695,-0.09475998392287631,-0.1579627291851109,-0.07704830580137274,-7.169306555814491E-4,0.1434824452728823,-0.032224683847223524,-0.012729700877266215
QGIS,24.637714036665187,-0.028268843840321245,-0.007487468056462859,-0.026973418330872523,-0.0016415963595204641,-0.0012169209709092348,-0.009528580162986522,-0.022686684920582456,-0.12710192247771523,-0.01531376467675541,-0.03302475235207833,-0.009986334855875162,-6.096692795171214E-4,0.022686684920582456,0.006119147085648343,-0.007996714053719683
QGIS,23.367258691589704,-0.049085245566216185,-0.008562028571703462,-0.0032572507555002073,0.003503444586179766,-0.012663386116559688,-0.011437586453108411,-0.038949597137291625,-0.23337980724483165,-0.023315867263473233,-0.05791463110650648,-0.012703776406087386,-0.003411749273931844,0.038949597137291625,-0.012775818248193436,-0.001320107745446969
QGIS,18.619111070154943,-0.054012537045768805,-0.017526257322913213,0.054794263839067714,0.01868748788368854,-0.024842943911705072,-0.021937099720903408,-0.03903332323140746,-0.23430503632694588,-0.029719029805578195,-0.06543105476525612,-0.021183632153415483,-0.006682600963443796,0.03903332323140746,-0.03887342994163534,0.017438990956411216
QGIS,18.945348443901537,-0.031136512031988695,-0.011207187906374705,0.005176803178692957,0.008920927623442376,-0.008651809036184024,-0.015202178208404568,-0.011798615830839021,-0.06268450196391173,-0.01830621189127002,-0.0411767618316656,-0.013841205626906966,-0.00970803062595283,0.011798615830839021,-0.01165568567282034,0.0014470814664159504
QGIS,33.87299537593467,-0.05961456076740675,-0.031984530455743065,0.006703867339783232,0.0031829509603265582,-0.018646565840737803,-0.03686086883368759,-0.052689536766325124,-0.1694286781247631,-0.0410754935673934,-0.056907055765201726,-0.03689422950565313,-0.008738004494933874,0.052689536766325124,-0.022407223911740107,0.002851183144119168
QGIS,17.76077411624101,-0.006589122595595593,-0.0029338547899479227,-0.09836907730914235,-0.03150145002399016,0.021527656224490415,-0.002595584015936084,-0.019414765810432943,-0.05155354583642513,-0.004416574710627702,0.005940034301786662,-0.0037214090913359997,0.0022086879948194946,0.019414765810432943,0.04363121183638358,-0.03850297893275048
QGIS,20.68507067931486,-0.04503163957750567,-0.022590870688123932,0.06241637827113289,0.02482703439063534,-0.027285259316803243,-0.024950517529685245,-0.033764587228893916,-0.21024578689649864,-0.028642027439318624,-0.05233175532050938,-0.02398897355661364,-0.010777797568873565,0.033764587228893916,-0.05739260429080506,0.029114847042759497
QGIS,45.49236624974735,-0.09575085022118673,-0.029866003159289167,0.045979993909609496,0.0279228100062405,-0.03587920392277129,-0.03732390355661344,-0.07487051388819432,-0.46469523264559354,-0.052927147343929365,-0.11456293263789902,-0.036772821858490706,-0.00746077456146833,0.07487051388819432,-0.055855839245233845,0.019820273749154724
QGIS,19.20234808962964,-0.042783104888171414,-0.01631352296305366,-0.004473159201050292,0.0076402968958738104,-0.007450383557604037,-0.021863230647507947,-0.029164033598454653,-0.1716769566298959,-0.02594167934300745,-0.0546725820183638,-0.01983087423782834,-6.947956437485248E-4,0.029164033598454653,-0.028791320413234955,-0.0010767381342594307
QGIS,17.43884357576481,-0.01750999844792922,-0.006626448408196789,-0.008308083775460329,-7.945990459546914E-4,-0.0017383003283316517,-0.007505703500940181,-0.014534640519236641,-0.07639701822215694,-0.010550543197295509,-0.0185302564022344,-0.00811364183520405,-0.0012623868868820998,0.014534640519236641,-0.007391163348852495,-0.002283896467348362
QGIS,24.4001395716943,-0.053952862777768985,-0.02626135933390593,-0.018199610717895665,7.767636942487E-4,-0.01095596455368223,-0.031083529414803142,-0.04913392853410731,-0.16427725473854105,-0.03566557223016978,-0.05578585922044661,-0.03082638360883333,-0.0031135471481872528,0.04913392853410731,0.0032529314091533502,-0.006915962703883019
QGIS,32.75702407615134,-0.09609902918994828,-0.03461267735028151,0.03451742066153485,0.019857876981714373,-0.023183751277676357,-0.04090391104957394,-0.08102745606935718,-0.4449892345266566,-0.05450409445837373,-0.1107497735565721,-0.041006056946999686,-0.0042990542365763905,0.08102745606935718,-0.04043292952079403,0.013740651289373684
QGIS,18.617401404748453,0.0038017354576470874,0.003584657023309932,-0.025896508229012793,-1.4980927843591396E-4,0.006749785279665979,0.0037808817190042865,0.012958972454298723,0.031142775023316027,0.0034636015589836963,-0.004134712006298974,0.003886396836660356,-0.0028997831537763584,-0.012958972454298723,0.018491284441016047,-0.010321191457684398
QGIS,22.458714247410395,-0.09083370318039938,-0.037502294930277486,-0.0032702043284982274,-0.00434130338984115,-0.0055813619294958,-0.03710464037942837,-0.10052075016507273,-0.5114972162888758,-0.05472124312986523,-0.08148620687490962,-0.043482025397763,0.0037569869018682176,0.10052075016507273,-0.026302717934343297,-4.968715769036874E-4
QGIS,24.495835695992568,-0.14167785592323168,-0.049915520264918786,0.021241666699459483,0.02348797438651011,-0.022980956910164246,-0.05892776406447403,-0.12169011246995803,-0.6526037835488836,-0.0794220097177965,-0.16283124906701185,-0.059530013498509504,-0.004111089913711596,0.12169011246995803,-0.04790697092364653,0.009367208424782239
QGIS,23.837927947187506,-0.03510928393276968,-0.02075414379093514,-0.02748480203361292,-0.014101740070910196,0.003928385805326102,-0.021894062115518947,-0.038649124634111603,-0.12135164638210671,-0.02519595703886099,-0.02253401846297179,-0.023560310492011995,-0.006591122632872319,0.038649124634111603,0.0013584981052162937,-0.010508416989767205
QGIS,22.89038889243994,-0.04636595627929095,-0.021869419634665935,-0.03661376702958141,-0.007062795626093049,-0.008194911103739412,-0.025768568441783223,-0.046470725353509185,-0.14160279961622596,-0.030545425769163182,-0.044104690411692266,-0.026207876341464084,-8.578099546096569E-4,0.046470725353509185,0.0016015773216184323,-0.0150017639449955
QGIS,17.2811554942843,-0.08165110574679646,-0.02466608680338614,-0.015407634354073663,0.007644885879434654,-0.009227876216933677,-0.03171098980576828,-0.060561921891188364,-0.36132378563299405,-0.04431467829476379,-0.09972378034657306,-0.0305535246906454,-0.007119212006862681,0.060561921891188364,-0.012967570128396229,-0.005219047412560046
QGIS,39.34509460501562,-0.09564300674340573,-0.040753774749151345,0.0011146644630195546,0.016932693302208313,-0.01934586587876492,-0.04880643291654749,-0.07070761002291404,-0.3187236389762875,-0.05966987397698045,-0.11238004194161107,-0.048396777696097404,-0.009048284003307991,0.07070761002291404,-0.02416361864338243,0.0014676932625299344
QGIS,18.11918366290164,0.005915004203113028,0.003717625884156417,-0.017187937424332445,-0.003962874369780184,0.005044777849793052,0.003801971922100522,0.003727835832365023,0.019219868652897487,0.004434693526540606,0.0054378716607589445,0.004104475670194896,0.0026182258733939354,-0.003727835832365023,0.008592198053485727,-0.005769392022212244
QGIS,22.6955735292724,-0.08955799137219456,-0.04405303199223599,0.01618805404621071,0.009062155907491848,-0.022181887518519836,-0.05096204402517581,-0.0790579907840187,-0.28421873147401006,-0.059138957558495776,-0.08986710741409161,-0.05104637525521045,-0.011149855254722991,0.0790579907840187,-0.02433448673700301,0.007284476365939319
QGIS,20.417116029113718,-0.05707541095355487,-0.026628397288643614,-0.028689951354051946,-0.0010699739139237163,-0.00816732417683199,-0.031304310602444645,-0.04490702945137909,-0.15288602330857792,-0.037269374534744396,-0.059930167653955355,-0.03159340942483312,-0.009893626867869692,0.04490702945137909,-0.017773670417967704,-0.011764796152364046
