anillo_m,escala_m,grupo,radio_m,dif_NDVI,dif_MSAVI,dif_MSI,dif_BSI,dif_GVMI,dif_EVI,dif_GNDVI,dif_CIG,dif_OSAVI,dif_ARVI,dif_SAVI,dif_GLI,dif_NDWI,dif_NBR,dif_NDBI
60,20,ANH,40.665883470682196,0.032589888156011215,0.01673050901224507,-0.03792437147305394,-0.02389931324348732,0.015793052001551233,0.023829497326857574,-0.013009331281007785,-0.04143111082395179,0.02133874163714672,0.053562902942134144,0.018043885888902156,0.03517972664014835,0.013009331281007785,0.014655372429924565,-0.015116253123028778
60,20,ANH,42.8689905458051,-0.06885516127605046,-0.02349501301047638,0.10635234958545903,0.02990410352440273,-0.04458094049001797,-0.027937051153885117,-0.0442895465056618,-0.24744443624754098,-0.03878011917867516,-0.07871417033329023,-0.028320793913107295,-0.018951208539474643,0.0442895465056618,-0.07185214926210567,0.035152979133378864
60,20,ANH,49.16647921607646,-0.007096182760401526,-0.0012050696390379367,-9.046350804098324E-5,-0.0028700402566245176,-0.0013071412409713795,-1.418092667701265E-4,-0.017901831242266186,-0.11842101934117033,-0.002956199795078329,-0.0032722838005351668,-0.0015998835665489985,0.00903860313276346,0.017901831242266186,0.006408179485705254,1.2507899843594572E-4
60,20,ANH,41.064650362417254,-0.1129871298415468,-0.07143215117212225,0.7070968370309654,0.12201646785807987,-0.13207286948559774,-0.07516232185670275,-0.10202809316736206,-0.578868381107182,-0.0832257579581073,-0.10054320960617208,-0.07746429487306788,-0.022400119674186342,0.10202809316736206,-0.2381099715977034,0.1740370346874733
60,20,ANH,42.62883358594456,-0.04610286609792008,-0.012749621755967389,0.0691453643592379,0.016814201783927868,-0.026385265990732272,-0.014457699423847642,-0.055168744582802465,-0.310416111629521,-0.023948356822798056,-0.05031682724738243,-0.016076616243588415,0.014649137187350426,0.055168744582802465,-0.029046965583840213,0.021206412562220972
60,20,ANH,45.043661108826754,-0.04214104450960479,-0.02232484023747852,0.0995188010035799,0.00992777657687044,-0.02787601038942221,-0.019208043382127588,-0.07398970662846505,-0.3645709360054369,-0.028280808947765718,-0.02696773350155038,-0.024975221651218543,0.022979896487201515,0.07398970662846505,-0.0718631347261256,0.02918881632267542
60,20,ANH,44.27104385680254,-0.07552058342772261,-0.056326920969552,0.17728383147677818,0.03817800762284845,-0.021346969538207757,-0.06103495568722553,-0.10655959321705955,-0.5057244336880571,-0.06013356898838845,-0.0758836109955567,-0.059526128653450305,0.03384753207715263,0.10655959321705955,-0.08845169106651506,0.05435553041947544
60,20,ANH,42.73017857059542,-0.04715330154918962,-0.0272387797320561,-0.1451343283719151,-0.04565622229949318,0.06051942196327689,-0.025139679043561708,-0.1346694314570162,-0.6273571659242955,-0.034569257064376496,-0.03313183753650062,-0.030359707914940998,0.08412431883181729,0.1346694314570162,0.05780064431730945,-0.055268199200978016
60,20,ANH,38.84164406950976,0.0029783491177792776,0.012507271206208675,-0.0336115911441448,-0.010440866062472576,0.002357561416988632,0.014048109584504226,-0.009924105110399206,-0.06936412614029974,0.008691090817376235,0.0045863470947226925,0.011878487953494554,0.014665821835142152,0.009924105110399206,0.009952460453663894,-0.013096618729043094
60,20,ANH,25.025767221235924,0.018229006558233396,0.009223391401575354,-0.06325761711057898,-0.0223931754419065,0.021483510317292134,0.01195977726577735,9.327342521354143E-4,9.037220748875363E-4,0.011804439544564033,0.0262073720471023,0.010063072536411533,0.014656230067572596,-9.327342521354143E-4,0.030558934251128822,-0.024976430935958194
60,20,ANH,51.49034127723497,-0.003735487474077759,0.015065353232819795,-0.05453576787297698,-0.017655374178355485,0.008863567432267128,0.017095032402372506,-0.02132858072588001,-0.12383770548882889,0.006784385987251507,-2.8163498794772646E-4,0.013131725797809135,0.01785076851971343,0.02132858072588001,0.034494036423974084,-0.022842145954689433
60,20,ANH,38.14197410100855,-0.11347388123721644,-0.05331890883887186,-0.03816616522763905,-0.016210767242056195,0.036758936819965234,-0.05708496966117681,-0.15440672442895034,-0.6150435783128614,-0.07251765021607785,-0.10678201063117632,-0.06169606732121852,0.04017105594359445,0.15440672442895034,0.015463014701631448,-0.02223263411937257
60,20,ANH,51.85897643430285,-0.020427882470836323,-0.022649217730609378,0.08118842041469643,0.009821218375497959,-0.007786014258203668,-0.02070088619891297,-0.05483860535053686,-0.2757741964443625,-0.02070937644666407,-0.008170777219110137,-0.022998457512460685,0.028323658294927438,0.05483860535053686,-0.07153792711805329,0.02416095017186684
60,20,ANH,27.88372529708138,-0.020143394587371022,0.003061627002457462,0.021473095278343957,0.004663744253529584,-0.01923818944302707,0.006478515861076478,-0.026184793914836135,-0.14978135085607724,-0.006033711733096331,-0.01486813955852384,6.314605278420482E-4,0.002493875754426892,0.026184793914836135,-0.012431708363248535,0.010012768647121181
60,20,ANH,25.457238077274667,0.001350568140574382,0.011285728587004912,0.0014100871520397185,-0.0033494815398123767,-0.008433912171666835,0.015472404362419367,-0.007390308207524399,-0.039102388583153846,0.006524222916863026,0.0084376294071557,0.010174550008382466,0.004268380046138397,0.007390308207524399,-0.0072166098805973855,0.0010308203265596005
60,20,ANH,56.7847973158276,-0.16097474783792431,-0.05130521786810441,0.08070686840151198,0.04711853905510366,-0.05432737437742214,-0.06515609923949314,-0.11788867671445463,-0.7209723561543886,-0.0877489656690427,-0.2001211427472347,-0.061834129564799056,-0.01801473178421917,0.11788867671445463,-0.08643523894330926,0.03312584542970323
60,20,ANH,13.69497436901617,0.008912121837496623,0.010257607253907453,-0.028984761658856772,-0.008922878978038284,0.007640044942357177,0.011110410244169588,0.0052639134787098585,0.010971743786589494,0.009612960203031595,0.007757610602976195,0.010636809241924533,0.004096540525029252,-0.0052639134787098585,0.02678267936064512,-0.011537337124308683
60,20,ANH,10.373404543032443,-0.1884527688755908,-0.07389677659484381,0.04366366930025145,0.05226869796282484,-0.04072770582252255,-0.09334325507523066,-0.12567140112159192,-0.673870568645733,-0.11203493860501246,-0.23606203565037276,-0.08666821568396751,-0.029476925450570294,0.12567140112159192,-0.08872686111542068,0.02099403838022451
60,20,ANH,25.46442044465706,0.0387481438048049,0.02333808010324806,-0.07757531274630569,-0.03058125435785941,0.024220439593584442,0.028324751084905953,0.02104731252001374,0.1511223679464211,0.027012299622338587,0.05219113341601367,0.02427988665367206,0.012838385723062291,-0.02104731252001374,0.03698828625350081,-0.03244260652984063
60,20,ANH,34.782596687258554,0.02348554473789094,0.010108078177632845,-0.04132472368247164,-0.01897528948240297,0.015561833772891706,0.014295570394327078,0.008532489649685837,0.05304451133183696,0.014036819301202597,0.03637233474605078,0.011115502766519014,0.00855014948133117,-0.008532489649685837,0.028115762499207844,-0.017135085462204783
60,20,ANH,30.063846625657142,-0.0021412608571891867,2.7258028795781875E-4,0.012589046890066458,0.004743046829943032,-0.005421346120836154,2.717744110000697E-5,-0.002431460914248784,-0.025923928509576477,-3.561495036897844E-4,-0.004329326231652941,2.4644842253104815E-4,0.0012931788203664266,0.002431460914248784,-0.004320521472926692,0.0054528579584106895
60,20,ANH,40.21990372526601,-0.04215258668823679,-0.002088499671659777,-0.030432429534291927,-0.0015942446235861218,-0.0019272669150253163,-0.005443727125490433,-0.033606876886232595,-0.21865657959406026,-0.015850619558854806,-0.05589708298861895,-0.005563447755234263,0.0020464005173163394,0.033606876886232595,-0.0033655562002986306,-0.012755858330550499
60,20,ANH,31.933947795477444,-0.1868743293518838,-0.06578903852094922,0.09394512560669588,0.05594282828458533,-0.06365382834438368,-0.08344580915400054,-0.13594242677868362,-0.732324240738084,-0.10681098600816608,-0.23091204175816307,-0.07916547805322482,-0.018812886863938574,0.13594242677868362,-0.10616279389391345,0.036455377129012936
60,20,ANH,39.10865989995253,-0.1419543209940792,-0.06293684002469173,0.0883305453117591,0.04214569679868749,-0.05120763153851332,-0.07474422657001265,-0.10431702233491552,-0.4677236497714268,-0.08964424655680364,-0.16490434003179189,-0.07380839605253221,-0.017387767446378544,0.10431702233491552,-0.08448064262387106,0.03233365807138078
60,20,ANH,63.139313084831684,-0.2951047797695947,-0.12864700864786205,0.2727441939846338,0.1001441215241825,-0.06898793965433758,-0.15360852461185487,-0.24331422843479705,-1.1543001949503262,-0.18047069014034273,-0.35017821342313515,-0.14738183356566226,-0.01662420294445851,0.24331422843479705,-0.156674165350199,0.09487092935262885
60,20,ANH,27.026047322028905,-0.008383848201769406,-2.817967935715149E-4,0.0072227810667284675,0.004573365776277885,-0.005363009754810313,-0.0012856673829687304,-0.002121757375806721,-0.018831254191668867,-0.002868087129618002,-0.012933368108461019,-8.053941653121677E-4,-0.0047555449377002235,0.002121757375806721,-0.004541409297072613,0.003317278896190129
60,20,ANH,12.198556424132455,-0.011241344143241183,-0.005923541454037479,-0.03894193237645305,-0.011077809602820926,0.016841104167389688,-0.005353316936375668,-0.009905806100758252,-0.08083198811846803,-0.006906175349990551,-0.010367488810694742,-0.005938672055316063,-0.004534759509926257,0.009905806100758252,0.028751130968172285,-0.014610416596096562
60,20,ANH,30.97859633335844,0.07404905863883354,0.047892103830206284,-0.13578838326328968,-0.05870211320351794,0.04768947801718952,0.0549840125381425,0.03733721981205296,0.3164806435859586,0.05281077203498041,0.09526846558957103,0.04809281422028017,0.03762224420539507,-0.03733721981205296,0.0826992783962156,-0.06317234120859416
60,20,ANH,31.347451661897832,-0.0880863502751692,-0.030387179968062922,0.022778797589636746,0.02159770918221525,-0.01769337173836523,-0.03862877986857563,-0.08174283918469938,-0.45592846476754145,-0.049533529049630265,-0.11129462630366507,-0.036279723426570154,0.011454451497354523,0.08174283918469938,-0.03040525971773446,0.008475097156205806
60,20,ANH,46.784415545886134,-0.05381189529061148,-0.03655743047034948,-0.05432633962405853,-0.013946496201769035,0.048140367363020214,-0.040895283653243214,-0.07746142505356979,-0.42363708107551035,-0.04132507272672381,-0.05875869701922573,-0.03890952322674748,0.029188482743227342,0.07746142505356979,0.03165837431304991,-0.024996921807325836
60,20,ANH,19.01153148177718,0.016000354449494714,0.02125205908096861,-0.10439674996274251,-0.029880363651634406,0.028626577583258206,0.022034187781018233,-0.015918166919920818,-0.10050632624703959,0.01821144923315185,0.013915208908121673,0.021170002813353073,0.038867041668903105,0.015918166919920818,0.05779636299253182,-0.04182073294700302
60,20,ANH,46.500237139492036,-0.01960261389477269,0.0064334675806074215,-0.007481422616000044,0.005370748356445628,-0.007236209669805149,0.007385877425302445,-0.020643094178569465,-0.26465197807812224,-0.0018843774660784463,-0.029030989986137845,0.005219152255738269,0.0023379448635036937,0.020643094178569465,-0.008011829171281126,3.5736075511461074E-4
60,20,ANH,38.802291909435,-0.05183019108406839,-0.03145045651653622,0.07184328673954365,0.043771239289261,-0.03316907278488135,-0.037640620303258876,-0.01489019602681907,-0.15343909850414805,-0.034197731866272174,-0.07465946070616503,-0.029910150948384118,-0.04313813774882276,0.01489019602681907,-0.07598776026243953,0.041200389070848754
60,20,ANH,35.47885011491398,-0.11353193666809885,-0.07027547019829117,0.01687707443510611,0.0026948069171387756,0.04483154634769089,-0.07864817026567383,-0.14321791098190784,-0.6620803557143808,-0.08214496910931582,-0.12110575771545387,-0.07607084486203175,0.03478317046519567,0.14321791098190784,-4.333572643002298E-4,-0.0013886277400446956
60,20,ANH,29.679385958168,-0.03868279113556258,-0.013773420692254124,-0.03580992788380977,-4.2576794511772764E-4,0.009994291102141699,-0.018069250059906616,-0.03305781257695306,-0.18613651641938056,-0.02175421357235921,-0.051193491791795644,-0.016094863459180958,0.004362733774352236,0.03305781257695306,0.013273682286378007,-0.012527661992486394
60,20,ANH,45.040940348470414,-0.027637240658576034,-0.002781684604595741,0.0023993813016469634,0.005933369055319895,-0.007580803089268867,-0.00384543511306501,-0.02085528681111065,-0.18005421216824824,-0.01081770130796994,-0.03604553943446237,-0.0043771700123139134,-0.0038154716304483055,0.02085528681111065,-0.008099512432935718,0.002026453006513586
60,20,ANH,33.8377470912513,-0.019930421064112913,-0.010106737434157326,0.00520085130336323,0.004740370920478604,-0.0021454955579718465,-0.010743766448508552,-0.014950846696922482,-0.13709006608504826,-0.012405708575992436,-0.023515844309180578,-0.0103296137712649,-0.00544522319250728,0.014950846696922482,-0.005871287082520521,0.0035780290754771557
60,20,ANH,41.623493272245284,-0.04793090518873916,-0.008170779360584551,0.02477963767378677,0.016843259970935415,-0.018742116297761346,-0.011565175062413363,-0.031171518259384468,-0.26072337053799655,-0.020920320986646312,-0.06426046010579634,-0.010897588975108036,-0.009591365108597025,0.031171518259384468,-0.023936937262579436,0.01137715667780468
60,20,ANH,25.834819506397245,0.012823292800225983,-1.3903147435867513E-4,-0.013157914624088773,-0.005462180830282298,0.008378285440221275,4.65747155957541E-4,0.009719821179417831,0.07346319935009094,0.004309094522874479,0.016446481673808022,9.731176833320809E-4,3.955596810295836E-4,-0.009719821179417831,0.01379163272936848,-0.004946417748863674
60,20,ANH,26.515031728919695,-0.07866764778332841,-0.03426172451596013,-0.030208717932824314,0.0022572791817652704,0.012997111157832551,-0.04055713915951442,-0.12059855707953648,-0.6072054358347777,-0.048196209633101145,-0.09417036169359687,-0.039065606648142126,0.06019726763565662,0.12059855707953648,0.008347772571632647,-0.01173071784461159
60,20,ANH,50.655098108306646,0.004608314806681002,0.004839557275148537,0.020344790314421157,0.003249403760922337,-0.007409089293654723,0.006757165080742172,0.0075320647514734995,0.018828983243069253,0.005012569819339757,0.007650810633952065,0.005401398903256804,-0.007982069738262664,-0.0075320647514734995,-0.010613499816424999,0.007728215515828696
60,20,ANH,49.72211474221659,-0.028575337877793372,-0.020899961854132176,-0.09521265203545815,-0.030544657680142168,0.052718074533145545,-0.021157388951304756,-0.05732078498059401,-0.2947027398972646,-0.022706383830575688,-0.02655426653861845,-0.022458492203911884,0.03194354249759892,0.05732078498059401,0.07560096791505985,-0.041212628786413796
60,20,ANH,83.89154591779766,-0.007286262847412184,-0.0047971879305167275,0.10645840276784768,0.01597059483657845,-0.027309532876639175,-0.0019367834669430095,-0.01975548262962412,-0.12385952636828046,-0.005264088901292624,0.0011060408661989762,-0.0050971397414894815,0.0076364827506886085,0.01975548262962412,-0.04756733388990325,0.029222400050533892
60,20,ANH,51.16219406105183,-0.025514054955229737,-0.010812614096916529,0.09101503733523586,0.016488997211802747,-0.028702263414067113,-0.009622440611448568,-0.04538746915065217,-0.2542910255975994,-0.015460471250400093,-0.020061953869587854,-0.012465057194996354,0.018828635168458174,0.04538746915065217,-0.05159548216033791,0.028310236890235263
60,20,ANH,52.439459685387625,-0.17736677569899423,-0.08091831619952548,-0.05705621693377472,-0.021885960816372674,0.015106023123490412,-0.08556925889803917,-0.201612578578325,-0.8756822876993849,-0.11201652878212998,-0.16094941431847998,-0.09364739461073394,0.013670915551626996,0.201612578578325,-0.014306057008326593,-0.021557392877067955
60,20,ANH,47.932565520169064,-0.01024673498770401,0.004219015074094057,0.01695107228406023,0.00837912159913115,-0.013562238754184247,0.0034172683159807704,-0.002083534702814749,-0.03085479965588589,-7.785883187798603E-4,-0.01574196653656504,0.0032844442191954093,-0.006412369563846979,0.002083534702814749,-0.008902831559329492,0.00763058442831574
60,20,ANH,33.63177124224337,0.10426668088109176,0.0602194608760733,-0.11563180741386092,-0.04516979534325624,0.037337983529149826,0.0695672517227881,0.04782304375339014,0.31502605697501695,0.07078899372366862,0.1272887410960181,0.06306176371450425,0.05244142714370902,-0.04782304375339014,0.06179610520799922,-0.04449343990944615
60,20,ANH,57.563398090063394,0.03296494112745846,0.014844464418679454,-0.057195102736842474,-0.01927207613478968,0.021928998758555633,0.01744485634511317,0.02063922944048352,0.14065027388084772,0.020400287731423827,0.039984792197522434,0.016467145801571242,0.008352451793995786,-0.02063922944048352,0.03528947122338349,-0.020972724473436455
60,20,ANH,53.290198517580095,-0.0187879340451354,-0.020194762312856496,-0.052489613787761735,-0.04343980122047281,0.08738634988748926,-0.016698610797669544,-0.1022776674187944,-0.32724727658388997,-0.018802093207733572,0.012878457528976553,-0.02158401811745314,0.06385129963997108,0.1022776674187944,0.045694672810635745,-0.029535604288519576
60,20,ANH,68.65795950283379,0.08390061009631333,0.04413282856055925,0.028329347252476156,0.010194152478201324,-0.011354570847184211,0.04710451299579818,0.09838023702794146,0.4018485766945066,0.05695959254180491,0.07724260187275639,0.05032828253600152,-0.011843763109471363,-0.09838023702794146,0.008531852412031145,0.011944567298577957
60,20,ANH,149.50744527884044,0.0443554881927995,0.02141232424320415,-0.022764006714455443,-0.015398690356119238,0.014874820242581785,0.02612483505203133,0.034750006530863076,0.11412647054376351,0.02914818200156783,0.054934011612484054,0.02524554631439508,-4.319073104924317E-4,-0.034750006530863076,0.0341938396858025,-0.008520483795713657
60,20,ANH,49.419590704623246,0.11624573999540971,0.05614786883666081,-0.038540729696938225,-0.02509519365441984,0.03048147965039807,0.06591839006390979,0.0925305503878028,0.31097339573939814,0.0761906377724233,0.13019274592423782,0.06592561111976121,0.010009095226202276,-0.0925305503878028,0.06249075320776695,-0.01475573000299768
60,20,ANH,104.70660857961447,0.014716903711539442,-0.00551807017819303,0.055393450306217895,0.017057403185875272,-0.011574940164024355,-0.004105922585083077,0.0253088322116809,0.09136559021037405,0.003131830524828322,0.017086919946224965,-0.0024494356478164114,-0.019126039461216437,-0.0253088322116809,-0.008387818373681757,0.02695689968195035
60,20,ANH,41.78468958203669,0.04840026220903282,0.013354249161717568,0.017229688914659924,0.004122785180295296,0.0014825502231014531,0.015500198137640281,0.046566300147981965,0.17240299724302877,0.025623004095751994,0.04943487785497502,0.018107999181177198,-0.0021818625502415256,-0.046566300147981965,0.00416262298382955,0.009199699607100861
60,20,ANH,81.30172357983248,0.03033834927824297,0.001081156625789087,0.032332626503019934,0.013472343556182279,-0.005282042705175016,0.0033957624656733576,0.03345510489499154,0.06299670331989926,0.012968609522574726,0.03100265539657282,0.006283178538058515,-0.012659534539573435,-0.03345510489499154,0.002061785202493116,0.0204234368243082
60,20,ANH,143.92455376281956,0.06350906166186121,0.022442508766168823,-0.01722749029884474,-0.011057495052122501,0.012907667544336726,0.02657638151407371,0.05294286468480319,0.2550830197524262,0.03583981732376987,0.07220280989124124,0.027125753889440107,0.004210490692763261,-0.05294286468480319,0.03285732526926354,-0.006195829246679718
60,20,ANH,75.752437193746,0.08572000809564992,0.03974589239875899,-0.015065719311177839,-0.011012450567161491,0.0072727402925750195,0.04592132692850666,0.07774170120120122,0.3178206957837021,0.05461440320045194,0.09140569644120766,0.046066323164926634,0.003147474114474906,-0.07774170120120122,0.031933803837283864,-0.006000916864316488
60,20,ANH,71.52133683797749,0.09939538098543801,0.039278231284717566,-0.02694517378267336,-0.01677673935207047,0.01813530508428321,0.04642963369843635,0.08438737378376954,0.3718526450740659,0.05898290692632177,0.11080216741243738,0.04664661398344282,0.006416244414254403,-0.08438737378376954,0.053475480677342827,-0.010668101561623858
60,20,ANH,51.2666628969018,0.12118907862219105,0.052472815527264155,-0.01627769024794845,-0.016284559770342905,0.019457281705503524,0.062028659867206445,0.09376793630055058,0.35445988826468533,0.07558216116391828,0.1325736498210019,0.06220758952836944,0.01871720879697375,-0.09376793630055058,0.051327122076142956,-0.006372499100079615
60,20,ANH,59.83947232151749,0.0880859279812077,0.03387919290223351,0.0026480005865647804,-0.00772139259691057,0.009999419201773302,0.04106645782758768,0.07058011060899189,0.2734649362804057,0.05216978827412319,0.09787605312019804,0.041101339369069054,0.010210979182079302,-0.07058011060899189,0.031468426470247696,0.0019113392785711364
60,20,ANH,46.600082163395584,0.15265485345557175,0.06738735779090235,-0.008413093517733117,-0.016975499463857735,0.024448326372486395,0.07899451643198355,0.1174974338888376,0.4367721284404993,0.09592026373230841,0.16551124976803733,0.07974713853921828,0.024759693391364017,-0.1174974338888376,0.051298400385445544,-0.0031487371231968264
60,20,ANH,57.508957065879144,0.14582915283446793,0.06306502513126144,0.003895026853530714,-0.008489158013896103,0.01380699427392421,0.073119625909462,0.11441943946160327,0.42691909320482957,0.09040439037512302,0.15325660789933748,0.074583962639964,0.026991885793122516,-0.11441943946160327,0.046646998697383354,0.0011624514116511248
60,20,ANH,50.10713453695722,0.04773567206977129,0.023261977667329126,-0.005230758322518181,-0.007319682486750884,0.010950878675826742,0.02742162028845163,0.0439677800294678,0.14771614612731676,0.03156032246946825,0.05291018019655007,0.027402512868084226,-0.0021296872144947496,-0.0439677800294678,0.021248905791976302,-0.0019129035973377007
60,20,ANH,50.11837735304109,0.1117680905869631,0.046752619478140564,-0.014864579837900793,-0.016418230699628056,0.020797458912685113,0.05557258539025617,0.08802763901799648,0.3496965642101233,0.06855619986663623,0.1242057349748438,0.05558540373227283,0.013964532285863106,-0.08802763901799648,0.046075087666956456,-0.0057257378747677945
60,20,ANH,46.5167109523135,0.09187845171064707,0.035930515234719684,0.015706554503787995,-0.004547574492886286,-0.003853818901885686,0.04234532524975368,0.06050238424045956,0.30659221342370735,0.05320551359973982,0.10722780974625504,0.04146864621824953,0.02640994429574325,-0.06050238424045956,0.011392562522712119,0.006497707212589146
60,20,ANH,59.033650252368254,0.06553838826060854,0.0283854613621618,-0.003813955305867367,-0.010635706921444929,0.0010389428498566583,0.03542833653583494,0.03478199871479021,0.15303703267878666,0.03991883824574402,0.08226033422905954,0.03240933606392102,0.023793417481866284,-0.03478199871479021,0.027242805767106512,-0.001304669270117978
60,20,ANH,46.16643772838877,0.10307589676980689,0.04378055497235166,0.014181558789139848,-0.002668132384704286,0.005155956341221263,0.050506546768644495,0.09164010745435139,0.3614658382205518,0.0629658708703381,0.10784612523347814,0.051684603179269414,0.00808175277273988,-0.09164010745435139,0.01667896232623817,0.005492580938311828
60,20,ANH,33.622504162144736,0.10559221014530246,0.040506517387145086,-0.04488074737529324,-0.021654759977883076,0.02775496040161836,0.04733750925299483,0.08977452851828155,0.4127995827971327,0.06183940381624112,0.11516150152834913,0.048240288334838566,0.008564159936848838,-0.08977452851828155,0.05109163978308658,-0.018583931602706813
60,20,ANH,37.01310283018564,0.13425392980136588,0.05714799217553536,-0.024727089944799108,-0.01768755140169717,0.021922011043123614,0.06733773456105765,0.11112697026125914,0.4497199602015226,0.08244927184020535,0.14478050897812003,0.06736579106549526,0.015461697082915062,-0.11112697026125914,0.04522261856217885,-0.01002664990901285
60,20,ANH,96.32772437720718,0.08828522045957497,0.04020283901859443,-0.03449078228860181,-0.018157282580114675,0.021553347975139102,0.04771613989386202,0.07177564147857365,0.2721754618154102,0.056093839444249546,0.09754233473892292,0.047178402291210564,0.00872185316859585,-0.07177564147857365,0.04149459385946515,-0.013891716808086318
60,20,ANH,13.188322218470606,0.11451032745293394,0.05042051771279006,-0.07485069326408,-0.03495786152425412,0.033483563824451806,0.060927379049468516,0.08060010789722116,0.324817246207072,0.0710826152366904,0.13122330757902068,0.058600490751945705,0.024148595581552156,-0.08060010789722116,0.06956525810616711,-0.03183028120333879
60,20,ANH,11.573658658973482,-0.012749212782902114,-0.005671042669972981,-0.013102961307962735,-0.0028748444517867483,0.008210519908846844,-0.005948196315819498,-0.009793457952958273,-0.07162543062625049,-0.007450302035427903,-0.014040731607347715,-0.00600052548433927,-0.003266343838229057,0.009793457952958273,0.009593274822087008,-0.005252799593072455
60,20,ANH,9.111356093697772,-0.019924579369408838,-0.01225030254071241,0.04186253796194772,0.013139655038988562,-0.01369467455810757,-0.014182971905962002,-0.01421140704877183,-0.04313144954448811,-0.014500452626598138,-0.02327737237222119,-0.01383943667503609,-0.0023400503121113474,0.01421140704877183,-0.026656624507280458,0.01615411879938032
60,20,ANH,18.50241653951427,-0.012537413234239903,-0.009345313862139656,0.06630919984819461,0.017321788746223837,-0.014233628164606781,-0.010295457848747101,-0.008878453539617526,-0.032877561703623104,-0.009814007241736408,-0.01484438194814243,-0.010009477435816136,-0.0014550586941706614,0.008878453539617526,-0.0330597853817064,0.025062076374715234
60,20,ANH,18.550824618068514,-0.005720286661033427,-0.0036696506029979137,-0.01482706738317674,5.676537420074845E-4,0.008094019774972379,-0.004416062672531404,0.006736587302144659,0.016027107558396037,-0.004220261018037769,-0.010011137669022119,-0.004091349105951381,-0.008949349684759694,-0.006736587302144659,0.02102121350704212,-0.005518358050976474
60,20,ANH,60.7976543381896,-0.2316656031597989,-0.10361575399346219,0.1763328727737501,0.06753596598512857,-0.037147584294207434,-0.12227451828766973,-0.19603949456356484,-0.9228314981532069,-0.1440784444687912,-0.2725648555026102,-0.11915226190125491,-0.0032010447750530323,0.19603949456356484,-0.10682772128333042,0.05729108281398593
60,20,ANH,38.22424192244519,-0.09525456834929935,-0.0475500913483146,0.05171650348955614,0.008377012916364945,-0.01599834908567525,-0.049402402788546615,-0.11385257520609804,-0.5501152436405606,-0.06216001070999061,-0.08980666935873254,-0.05359198628253578,0.01759400120254194,0.11385257520609804,-0.05805548549745404,0.01785763912011895
60,20,QGIS,26.010302422213947,-0.10081343245868757,-0.03493354173029914,-0.00199561623500899,0.013890484275726506,-0.015952176871492283,-0.04332645740050145,-0.08186667456084928,-0.4488496692539128,-0.05751373880178651,-0.12050712069257388,-0.042346848918584507,-0.0017720303870608872,0.08186667456084928,-0.022784558318078213,-2.802064206743615E-4
60,20,QGIS,20.529059630371258,-0.0267413600939313,-0.013780780163482886,0.064613471480226,0.017591033770023995,-0.017978855919036432,-0.015039880175954173,-0.023749175100038322,-0.14945346144507732,-0.017382103532348703,-0.030016541394333282,-0.015051236634839232,-1.7270513777253816E-4,0.023749175100038322,-0.023080436734920107,0.021572095358634608
60,20,QGIS,74.34554584943079,-0.11457484847874062,-0.054698243011558845,0.01765272472599677,0.005953862558295803,-0.04840343770096644,-0.06304500537605187,-0.11094713022311477,-0.36586734581376285,-0.07501906931783403,-0.10873891670540929,-0.06466124709758138,-0.006942481494389143,0.11094713022311477,-0.026693966932248674,0.007304202748444108
60,20,QGIS,27.024622159432486,-0.06610878808925495,-0.03420006249343501,-0.023590576890377024,-0.004451757204449153,-0.011854785791997235,-0.04033446809162156,-0.06311990397355857,-0.1965416237961821,-0.04457660687823734,-0.0628906876400191,-0.03968823694213997,-0.0053266172642965435,0.06311990397355857,-0.016282795810668025,-0.00977714552665336
60,20,QGIS,17.973666946061094,-0.017766112756168684,-0.004506955057591938,0.0032944776888599314,0.003990898989921554,-0.004635438913505915,-0.006098860652303334,-0.00940873407884546,-0.06952985553618185,-0.008880113962725061,-0.022827541801432955,-0.005723132586375246,-0.004763320468485904,0.00940873407884546,-0.00989214479458618,0.0011513538431183884
60,20,QGIS,20.684301245621835,-0.05727727052582604,-0.002116101523539554,-0.02592755466823471,-6.33207612321135E-4,-0.01437439476408447,-0.0052936425005292165,-0.03890112903481857,-0.25629617436931174,-0.020955998291865202,-0.06874672163451209,-0.00678530989619161,-0.011188338668818371,0.03890112903481857,-0.01088037478993702,-0.008451048590607885
60,20,QGIS,33.071809746612345,-0.09097776790439252,-0.03012425309325735,-0.05916771080085259,-0.008946376213586793,0.0015710102656286851,-0.03494167930970726,-0.08114498007620502,-0.38385017024337054,-0.051241208340095684,-0.09840549350984251,-0.03733397241720182,-0.0032545519460161626,0.08114498007620502,-0.026070430015017756,-0.020718962561755705
60,20,QGIS,22.716601583008877,-0.13548264081843037,-0.05034479015558896,0.027822101454069603,0.020987746104571547,-0.024726572188071595,-0.059189359606477226,-0.10943777239930869,-0.6098383507884646,-0.07830435747010278,-0.1550736235541167,-0.05943924869701103,-0.011177114093844009,0.10943777239930869,-0.06184454434544645,0.010779849187279297
60,20,QGIS,61.09316165854126,-0.09894351456818429,-0.03263495167878798,-0.04997242885318043,-0.007334365994040637,-0.00944005152583946,-0.03776633533613337,-0.09967385128771833,-0.43576795480518915,-0.05621853487843771,-0.10339804546091036,-0.04108099753414038,0.006643983807698573,0.09967385128771833,-0.025057436626052067,-0.016393638342350997
60,20,QGIS,18.058473866727873,-0.11741301091616735,-0.024385788247175605,-0.026748647429259753,0.0059314460211908615,-0.02321932126333446,-0.03190230520661014,-0.1007785728168018,-0.5793718408195425,-0.05813717696958762,-0.13722665981273013,-0.034313832545413314,3.85712283780322E-4,0.1007785728168018,-0.03311340781392747,-0.009471561658717459
60,20,QGIS,20.141647150648858,-0.08107211614836746,-0.03134655584979962,0.053811282712000086,0.023920674939069825,-0.03199372434394461,-0.039007077327869455,-0.056218111157954054,-0.28805157916478663,-0.048369936633874566,-0.09790514033146117,-0.0373239404864483,-0.011433890827652355,0.056218111157954054,-0.05927024540070555,0.018978930483693424
60,20,QGIS,25.861800649788115,-0.005498192177661981,0.0060658072442552335,-0.06847609326364479,-0.007129965599207283,0.012667224301214211,0.0022062614353830223,0.01373431175995582,0.0547354377786573,0.0011640064017544582,-0.017277439043495074,0.004977110952269409,-0.01015970285717087,-0.01373431175995582,0.020101778167289558,-0.022331740021554386
60,20,QGIS,30.390395436095737,-0.10822237758851289,-0.04173700629414512,0.04509459553195483,0.039212878809329,-0.039133826476947964,-0.05416292956078772,-0.03980973917262576,-0.23006005469771718,-0.06544773625783973,-0.14140594172514173,-0.050810922155920576,-0.03492360024131626,0.03980973917262576,-0.066261294068638,0.014624762798740198
60,20,QGIS,35.747988755481956,-0.09377147918391282,-0.03462252431133736,0.14098347286410373,0.044606517158126885,-0.05996727889154639,-0.040543277054085974,-0.06797742566458276,-0.4086509109987593,-0.05392385380536047,-0.1096534819316256,-0.04015760644370847,-0.018374461189706075,0.06797742566458276,-0.08836027889745811,0.051493859460937375
60,20,QGIS,26.296319072175613,-0.09525025418283262,-0.034776585880224614,0.18147657043269683,0.04441725815781353,-0.06635477380411035,-0.04037111311387073,-0.06740437109590147,-0.37223891427414557,-0.05494936839891082,-0.10638253611022397,-0.04135270510070055,-0.021011370064887125,0.06740437109590147,-0.11063866146212847,0.05543878739274177
60,20,QGIS,31.658527107667243,-0.12112928967131995,-0.03618647490124288,-0.0028950486351699833,0.008989473458115904,-0.025909364160515147,-0.04376042376081235,-0.09591863425124808,-0.5055496364956535,-0.06628579698146911,-0.13795919049453256,-0.04575782064641601,-0.012766434812863103,0.09591863425124808,-0.04600909008176517,-8.648378858544803E-4
60,20,QGIS,48.43165856429401,-0.10398471469472714,-0.04775806518760983,0.20921105059426348,0.04911166510944917,-0.07060549400708557,-0.05475244962258155,-0.07146916998697123,-0.35096719196929105,-0.06610575411243219,-0.113314299826063,-0.05475529394188458,-0.02724708259319541,0.07146916998697123,-0.12037276078383599,0.06335957723763108
60,20,QGIS,34.48947730350267,-0.07361484403952195,-0.021124668426172083,-0.009021243582675531,0.005700377537508683,-0.01493469095339063,-0.0268681407992771,-0.051497456243306594,-0.29583096390035446,-0.039527505148696934,-0.08602135005375831,-0.027102686843224616,-0.009847979766429732,0.051497456243306594,-0.026354868827576955,-0.003057025623398074
60,20,QGIS,21.2610411167845,-0.0508800824420827,-0.013142754329237588,-0.053544698088628495,-0.00684131511250452,0.0058019642632360785,-0.017349875543146542,-0.04328804263798486,-0.24993396279294156,-0.02690850543791018,-0.06063943966174007,-0.01730442829748699,0.0011226771980955602,0.04328804263798486,-0.015373224935068142,-0.018241934828867018
60,20,QGIS,23.990996982149998,-0.1279894026726179,-0.0598677144819596,0.15574687021101385,0.051712098708202175,-0.05829176508140233,-0.07218240529676831,-0.07242788109780329,-0.41021867523068645,-0.08133118778893425,-0.15499623518262115,-0.06724437331199076,-0.040425875422346144,0.07242788109780329,-0.09105476806165375,0.05066567804026839
60,20,QGIS,24.38578539577017,-0.09795321779387037,-0.03648954789434036,0.08129979806554566,0.02577008042808676,-0.04108667987632191,-0.04323954007957981,-0.056777501607057135,-0.2858925753133583,-0.057694264692682684,-0.11106478904644546,-0.04370170466755041,-0.035040220092917296,0.056777501607057135,-0.06759214111898224,0.026891694877895972
60,20,QGIS,20.279456919490165,-0.06361383064026774,-0.02098497683401586,0.04139188676001315,0.019986245848067324,-0.025719597791176427,-0.02759429092884587,-0.037035647302753716,-0.20210775173998274,-0.0357662337319494,-0.08024957582165648,-0.026085946754937306,-0.01098521258490405,0.037035647302753716,-0.03432264841781728,0.012546776010729954
60,20,QGIS,19.04254768513327,-0.12825565410266804,-0.05544608237567364,0.033479261953557105,0.01594361007420697,-0.027299356083088602,-0.0629455563844237,-0.10035542915210438,-0.5363181160573216,-0.08012375989345658,-0.13951361466895662,-0.06441946070802493,-0.018692362162144413,0.10035542915210438,-0.06708914544393937,0.011600454726376691
60,20,QGIS,26.097656283035395,-0.1352831940802162,-0.05053309650058262,-0.007652038366614766,0.01754520575897084,-0.019111141241866,-0.06174074224324702,-0.09887082200971525,-0.5344021278575886,-0.07948404799115064,-0.15938186565119894,-0.060629188164727565,-0.015190614614956834,0.09887082200971525,-0.0499755078505742,-0.002600104828588079
60,20,QGIS,26.531911225832435,-0.11259271197499748,-0.04642401258543599,-0.0377178793224624,0.0010170253024023024,-0.0028880976473399274,-0.05374248188576994,-0.09428103039438002,-0.45268127564753025,-0.06883348302747172,-0.12304824591682571,-0.055071877325806665,-0.007148183669578246,0.09428103039438002,-6.425616515944622E-4,-0.014033973201460187
60,20,QGIS,25.32576594419877,-0.10028777706538985,-0.03967130351168749,-0.0013605005171417606,0.0215847018940378,-0.016114905665708223,-0.05330912932431742,-0.05213717529501005,-0.26825820500779485,-0.06090620457324339,-0.1314124360444269,-0.047294875839047734,-0.02341133380506058,0.05213717529501005,-0.03273501440580647,4.277469352820251E-5
60,20,QGIS,52.43261222743116,-0.05079293186011649,-0.021307467375540387,0.008925717972218195,0.009220949449512128,-0.012389140625646361,-0.02503448026107903,-0.03234073968728923,-0.16296327859563098,-0.03153524941736287,-0.058405790831783086,-0.0254136800185758,-0.010242583628207277,0.03234073968728923,-0.034232373217584613,0.0033190074611194886
60,20,QGIS,22.35287516948762,-0.048813055399131666,-0.01678488195341027,0.06592359281295446,0.016316516025854377,-0.025138100694642458,-0.018692344021507268,-0.03768422109222874,-0.21711801067199232,-0.026877635289065838,-0.05264677297362565,-0.019914508955500038,-0.008935851818714025,0.03768422109222874,-0.02804966879442216,0.020801311594234317
60,20,QGIS,33.956995784385605,-0.012863219023813655,0.008552916727396082,-0.017238698437186395,0.0010618029922412342,-0.007457139740674211,0.006858194176589255,-0.004040175223506304,-0.03335912572846289,0.0010432460845128666,-0.02238205820279368,0.007022466293533675,-0.0025179808101734417,0.004040175223506304,-0.00156997037109579,-0.005614584036907622
60,20,QGIS,20.073576784421373,-0.03167676007822923,-0.00793265738961546,-0.05975740244658945,-0.014843810985285227,0.009572962366538765,-0.008118743036998166,-0.035615754334021976,-0.1717224038619931,-0.016310722207002915,-0.029508217508370155,-0.010578133279247115,0.003179696059414974,0.035615754334021976,-0.006158191735304214,-0.01930650144398352
60,20,QGIS,18.819761166303465,-0.02041156431272484,0.001622692898362088,0.0019027207272519497,5.393163325506378E-4,-0.009470532092298464,0.0030570269906970426,-0.024617329104246022,-0.16873771354527056,-0.005881168714619078,-0.01962751199577617,-1.4550119906198145E-4,0.004471209577869527,0.024617329104246022,-0.019911438718745927,0.0010920735534084014
60,20,QGIS,32.13751838117787,-0.022399801166335276,-0.007430518549018189,0.02398662184215894,0.00633037200630282,-0.008959020084590291,-0.008598828015282528,-0.024431276874776697,-0.15739264851771528,-0.012161029244868948,-0.02529685619273271,-0.00887470486152897,0.006273054736464442,0.024431276874776697,-0.00987240251426423,0.0069275399918432845
60,20,QGIS,21.001952511251872,-0.05085521483791172,-0.01241077352678921,-0.025828971655186717,-0.009320555062076047,-0.0034762188049235684,-0.011411822779446357,-0.05821768552778023,-0.3307684397914401,-0.02580147485783499,-0.04645808024726017,-0.01634488259956382,0.005731700336053901,0.05821768552778023,-0.007961025139707742,-0.008586546613361112
60,20,QGIS,19.27762413057106,-0.06394761864026721,-0.024967803702059338,0.03985875266469918,0.019344690859325192,-0.02084140517925325,-0.028630428907340605,-0.050900694400527635,-0.3440668845489101,-0.03677666708176991,-0.07569521649599653,-0.028063927048347287,-0.007103987625601172,0.050900694400527635,-0.04494694348262187,0.017753698522880945
60,20,QGIS,27.01873226067251,-0.03330049630379961,-0.009853968425489926,-0.0068305416681717634,0.0039320972567041534,-0.007033604578869798,-0.013012695796176907,-0.024201523769145916,-0.11536490323118276,-0.017978198934702816,-0.041153388486050234,-0.012610182246712301,-0.0018026014531943527,0.024201523769145916,-0.018985547206559955,-0.0017583387361807812
60,20,QGIS,17.468934938467203,-0.040391037254859596,-0.009667705491533035,0.021853303940161384,0.007865886802787825,-0.016158417743654632,-0.012315710334829477,-0.03524950751347683,-0.2155474400566395,-0.020004790347122714,-0.04704865654931144,-0.012672636415169303,0.0016408661174255948,0.03524950751347683,-0.006807506534420499,0.006764002143753806
60,20,QGIS,57.465970323334446,-0.08072855024860892,-0.025533786387255453,-0.0035672138947622223,0.008697040960329278,-0.011567341726794146,-0.032098853302683944,-0.05620220396611081,-0.32021349411790667,-0.04397933826962208,-0.09824494680350788,-0.031150396378423206,-0.01253351756457086,0.05620220396611081,-0.017275812004162425,-6.229971774879828E-4
60,20,QGIS,17.86531060117587,-0.022547011227558367,-0.007112929945375934,0.052662612073348214,0.012350780006595868,-0.017213272344393335,-0.008184281202312849,-0.01389038300032902,-0.08983590079948756,-0.01185721130615483,-0.025424501760212798,-0.008534258421543983,-0.007125904834299639,0.01389038300032902,-0.017155933339609852,0.015400092016809502
60,20,QGIS,35.924746812360134,-0.09093611904039439,-0.03461193165687751,0.04408177198927099,0.02060605007740479,-0.02578747258304326,-0.04274112432753621,-0.06827332518044621,-0.3854213942382849,-0.05362799368186685,-0.10960554889277739,-0.04070679360847876,-0.008824244920845435,0.06827332518044621,-0.025418113811147607,0.014704823713694692
60,20,QGIS,21.197316701343095,-0.04644377533030852,-0.012407028354169763,0.02610044439501391,0.012328038548569092,-0.018611257490955286,-0.016603969536516938,-0.0311452842081415,-0.18399361457157482,-0.02432497025518962,-0.05759993206771846,-0.015833137119145274,-0.00793977808250081,0.0311452842081415,-0.034797359100405885,0.009263861393002198
60,20,QGIS,29.599796649992104,-0.05155080866443795,-0.015917598385987997,0.015696814458114217,0.007996755411490558,-0.01745694231478758,-0.01925059667883902,-0.04697144340034304,-0.239550607633074,-0.028630712282683712,-0.057897749368637196,-0.01993565198338676,3.6020515602810596E-4,0.04697144340034304,-0.013032895138788872,0.006348114333126431
60,20,QGIS,19.008249572415153,-0.044498847757387855,-0.017288885803375814,-0.03243240702901451,-0.009399396418328182,0.00653123550845656,-0.01742609676858861,-0.05071566564387131,-0.2664304159436717,-0.02613331757676904,-0.04127921638896094,-0.020296947824857248,0.004859247760090616,0.05071566564387131,-0.013084634822570745,-0.01071473491438632
60,20,QGIS,17.509885275815694,-0.06273622974437254,-0.019200061543606567,-0.02291217100401055,-0.0036162566061669343,-0.002748314771860487,-0.021239325012641336,-0.06719674747462479,-0.3397672326857524,-0.03339771149144105,-0.06625490616832887,-0.023625758915165135,0.008161646964615158,0.06719674747462479,-0.013261985668229621,-0.007109782788525282
60,20,QGIS,18.632782746027512,-0.03343168284948994,-0.005854715850288517,-0.040082207211481036,-0.008533311854838466,3.131338263874378E-4,-0.007072037573619572,-0.03673830280346463,-0.21726055679791867,-0.015547551841980783,-0.0347819722765163,-0.008644034593064565,0.006605717961113162,0.03673830280346463,0.009466061730238909,-0.01156054458097966
60,20,QGIS,34.59314985814332,-0.07444679944001484,-0.031186663790019498,0.12936391860110397,0.03048645886988191,-0.04703318671476057,-0.03445034761583954,-0.04924614206290534,-0.2541413945230444,-0.04542863326561253,-0.07843683257950267,-0.0361300454806289,-0.024890741347341653,0.04924614206290534,-0.0671670485187312,0.041141730921279956
60,20,QGIS,19.835898021309337,-0.07508071356692292,-0.03041592054219766,0.029587852169581152,0.016861940264693148,-0.01771177807846993,-0.03670423327245581,-0.05558501627295637,-0.32453594516892315,-0.044913131121249394,-0.09009116606110397,-0.03489317101909453,-0.009782161324468382,0.05558501627295637,-0.04217358736803638,0.011562246451417929
60,20,QGIS,46.417410069938654,-0.054599763154333625,-0.01288944814630058,-0.03513849071656261,-0.00625947969844487,-0.008629163073947677,-0.015358915338334084,-0.05169836383341586,-0.2812666316389618,-0.02832742017026979,-0.056360861508927905,-0.017902498647574927,0.001410174987036255,0.05169836383341586,-0.004304930634638132,-0.010432217450458747
60,20,QGIS,18.98646744666166,-0.020555398172893258,-0.00464988318333126,-0.035638757327973725,-0.00888953413285748,0.006016273214570773,-0.004894344311779625,-0.02684517964903732,-0.16649331922634936,-0.01007889709457363,-0.019714281068870694,-0.006164392892235887,0.0072152343180245,0.02684517964903732,0.005760853500128338,-0.01103749940327925
60,20,QGIS,19.31885973732649,0.007421030756366076,0.005788321312143546,-0.03698782750853935,-0.008038654342319346,0.007050504681326411,0.006890200272490071,0.009924531743254306,0.05091447680159189,0.006014795314108173,0.009470197416580187,0.006083144177781885,-0.0051478581058087185,-0.009924531743254306,0.016994441306966653,-0.00931859488709047
60,20,QGIS,24.253590861306396,-0.041281440411860215,-0.015704893697204292,-0.04943094654127167,-0.0042188954954730795,0.010155915999217606,-0.020678793717566535,-0.029974886249068133,-0.16896189051794552,-0.024358406870315846,-0.05310770860448044,-0.018542445793577972,-0.001373374657480372,0.029974886249068133,0.005913237640321672,-0.0157141997232694
60,20,QGIS,18.8721204863429,-0.06776820522388391,-0.02459866937950865,-0.003235759437882013,0.009615935896721245,-0.009183660617631586,-0.03102720932384817,-0.050707885108906836,-0.24877309497955524,-0.03900387632177402,-0.08324745668895303,-0.029602482602554075,-0.004135276405669047,0.050707885108906836,-0.016783701702816213,-7.586500477168023E-4
60,20,QGIS,19.962268070374357,-0.05320985409009188,-0.014676077092036527,0.028627258232117203,0.016187994928455768,-0.019772121323825442,-0.021198039914293337,-0.031168889056809423,-0.17892742377991455,-0.027835924066826168,-0.07113342337891225,-0.018556063116974497,-0.008951868431921087,0.031168889056809423,-0.04673418783330323,0.009468411683643818
60,20,QGIS,25.81375439057921,-0.005223427712814477,-0.0032564114898811225,-0.10252693908112165,-0.02700520770105272,0.0319926628707358,-0.0015958064693300245,-0.023480821165576482,-0.13370943671401125,-0.003941503791110218,0.0017039089362965512,-0.0036209869513782744,0.015226392665828422,0.023480821165576482,0.029485076355066142,-0.032069422563829
60,20,QGIS,21.414692456932162,-0.03569295166646641,-0.0178423564026102,0.06364845407869368,0.01728350100674303,-0.020454001949751763,-0.02028061140522608,-0.023790943099843698,-0.13236663525270043,-0.023203945506672236,-0.04010999149498874,-0.019871613457079773,-0.009118370828503593,0.023790943099843698,-0.034764663597035186,0.02083678624080887
60,20,QGIS,25.257174087790084,-0.0368262415161737,-0.004712245080568472,-0.08800177191561342,-0.011693290394579031,0.015542023631649733,-0.010009909085421348,-0.019944649687203442,-0.10700040472073469,-0.01650000235332641,-0.05154153958601865,-0.008066739207040957,-0.005444724179464884,0.019944649687203442,0.038124717385678644,-0.030835330774638764
60,20,QGIS,19.131767773071598,-0.034541196003187974,-0.010128195333213089,-0.02370094490601926,-0.0026758178677384337,-0.0020302742328418277,-0.012168174379837221,-0.02537104570852483,-0.13806486536504692,-0.018578676362985186,-0.0380201370410538,-0.012882270956573405,-0.005837120953237004,0.02537104570852483,4.2888354863762634E-4,-0.0061867149726418935
60,20,QGIS,19.886382340555095,-0.06710279000229338,-0.020271531203999577,-0.07183606991820435,-0.002596614110019574,0.0066495028332584916,-0.029492139973840314,-0.044734936762953814,-0.23597829660285763,-0.03748276169512768,-0.08849167274498355,-0.02600162656196911,-0.0034953985263851076,0.044734936762953814,-0.0037702390750525283,-0.023581961773818466
60,20,QGIS,18.12796531594612,-0.06065356349707457,-0.020224052565379708,-0.0024441598226572214,0.0027862842050462855,-0.00792067006243904,-0.02253295569976224,-0.060523513901264536,-0.3538340096466204,-0.03385096623977124,-0.06544871171538601,-0.024317533125073565,0.004508073044763904,0.060523513901264536,-0.019059837263775966,-5.32460055392231E-4
60,20,QGIS,23.018658443565688,-0.12901034228978978,-0.0352909062659752,-0.09294531682124862,0.005184163559404681,-0.001843246673469594,-0.04963838976011911,-0.08588876420045088,-0.41965119774022197,-0.06809348858613332,-0.16751731721699514,-0.04601020572912504,-0.010593669923216451,0.08588876420045088,-0.02595768110960417,-0.03427622026574477
60,20,QGIS,19.24953346204917,-0.035028487022249755,-0.009992132534899723,-0.04619147657896083,-0.0062874339608186,0.008861203029987592,-0.013439831362110799,-0.022202722784907536,-0.1318799011293943,-0.018722046673562698,-0.04374443095401079,-0.01256875744238059,-0.006826096784820169,0.022202722784907536,-0.010003353372743988,-0.01618682431399593
60,20,QGIS,30.65580055991074,-0.06673006445623536,-0.028233875750268186,0.13585383184591082,0.03714048821445812,-0.047076178802591795,-0.034236325327882025,-0.04417630501277653,-0.21524324598998779,-0.04101015723250022,-0.08121753266002266,-0.0331814504525699,-0.00975673601204041,0.04417630501277653,-0.08074287140247527,0.04003508946169057
60,20,QGIS,28.006202715567824,-0.04572213638365716,-0.015230321732106533,0.020013807982463883,0.009982200155988274,-0.014750163469151104,-0.019370717849905697,-0.03256741513482775,-0.16555681696948787,-0.02573499315625588,-0.05510478878494795,-0.018772287269038374,-0.005513200394351225,0.03256741513482775,-0.019342817018926983,0.006653602612631482
60,20,QGIS,36.862784812309044,-0.06502086949611821,-0.01641862883169745,-0.02658380297518126,0.009121650305476459,-0.01278206657976072,-0.0241984733655516,-0.03338060899792361,-0.19375329782132278,-0.03379706023808046,-0.08544358841083198,-0.022061931845125782,-0.011993804038477877,0.03338060899792361,-0.013308512679381837,-0.00797466103856223
60,20,QGIS,27.225289731563464,-0.06331107063350042,-0.015942212824279836,-0.08154541589443332,-0.010097381327012434,0.0050938110047250365,-0.021198359464615707,-0.05337513568821456,-0.281454361543241,-0.03317026602574519,-0.07401379564191334,-0.02152962771670608,0.0013777300250472947,0.05337513568821456,0.010003867618588215,-0.02539782276450206
60,20,QGIS,18.455123359562137,-0.037451186921997726,-0.0071187405631465694,0.01779543529473293,0.011770839871205585,-0.018339272429075716,-0.011325732969713342,-0.022967978605845207,-0.1295594242174165,-0.01766993016781565,-0.04969164349967996,-0.010143280408315497,-0.004948990111673826,0.022967978605845207,-0.011196776591145027,0.006877849879012521
60,20,QGIS,26.567279529977046,-0.07646950247096126,-0.024800827746471632,-0.039090326750391036,0.0058129739490176136,-0.0036962561806983384,-0.03265973096684177,-0.052107104794769155,-0.28126280712219986,-0.04286770474247556,-0.09563506440826214,-0.030876105795951125,-0.006735140483878622,0.052107104794769155,-0.017722836787726653,-0.013467942654699722
60,20,QGIS,47.91029379213356,-0.039696618095910075,-0.01276759976628028,0.02460895714025435,0.012728055743290972,-0.013255206877992635,-0.01682022050007806,-0.020201022954244474,-0.13420723398819678,-0.021694783245893773,-0.05126193526063161,-0.015577283626053734,-0.009751175878700117,0.020201022954244474,-0.017573593216009653,0.007468617584572401
60,20,QGIS,29.510405243070334,-0.066647472145906,-0.020887059126936308,0.016928792938311732,0.018021823094287792,-0.02384448377232025,-0.02866841498201457,-0.029896348344794044,-0.1739802129702972,-0.03765984953530782,-0.08449825109755074,-0.026751795984539306,-0.019264635478233212,0.029896348344794044,-0.019266208143881733,0.005309663231974876
60,20,QGIS,25.68395234630542,-0.1269450767079141,-0.06141649679669042,0.09034329753070858,0.03780791000039216,-0.03872894770313084,-0.06939374510811584,-0.0942220409676553,-0.5388372982641719,-0.08152493215725712,-0.1442078952330459,-0.06864113251183668,-0.020998587710720402,0.0942220409676553,-0.08561283047057941,0.03489599960417297
60,20,QGIS,35.76757279382085,-0.051962985494058866,-0.021587797876950976,-0.027723289589690392,0.0030662414883702582,0.0024245334754116332,-0.02768586106844595,-0.027544576034829682,-0.14006715906119682,-0.03173206697928449,-0.06586279921611576,-0.0253504791524565,-0.013179964482637616,0.027544576034829682,-0.022679152170657746,-0.008202531613740516
60,20,QGIS,17.45070394316609,-0.08160859535171894,-0.028175777542803634,-0.037210199882964146,0.006047348605015879,-0.009953803352851148,-0.03548098599169236,-0.046877613548262365,-0.2599000028323366,-0.04742418977136434,-0.0971009865555538,-0.035269320868654114,-0.01742893078905746,0.046877613548262365,-0.010515992469985372,-0.01111188643560454
60,20,QGIS,29.937156103061643,-0.06544499506041213,-0.018988826057455527,-0.031100562617058847,0.010594120727433709,-0.011406807772327734,-0.028257198231451702,-0.03330993903520724,-0.1741768671754278,-0.03605080222938428,-0.08871245185421148,-0.024845813390808547,-0.010213505174735165,0.03330993903520724,-0.01962146222766581,-0.00851705922785903
60,20,QGIS,20.22208472883832,-0.08305724959871763,-0.02538835666337154,-0.022634283837072777,0.017238649658127825,-0.016016205593807356,-0.036923314406938024,-0.03549280014980882,-0.20549673339814278,-0.04635327236667486,-0.11135465177858486,-0.03244501387367632,-0.022115719706438903,0.03549280014980882,-0.020939927416622678,-0.006129063151364134
60,20,QGIS,22.462965778777853,-0.03569748317476612,-0.009724778747024765,-0.054357212179039216,-0.005996537656984158,0.0048192679056153764,-0.012858578068127652,-0.03166949373364514,-0.19200014455640035,-0.019119094276663223,-0.041854066208941686,-0.01282468256327346,0.0049971840282397526,0.03166949373364514,0.012670688515785566,-0.015531643932190281
60,20,QGIS,38.07631860620603,-0.07922948320536222,-0.03734054545196396,-0.009586319663997589,-0.0014710904558374038,-0.009869228999196344,-0.04288162699968251,-0.07821771877043582,-0.27558031285630774,-0.05128293665245028,-0.07518940300840532,-0.04383557380193257,-0.0035323644324532196,0.07821771877043582,-0.013919751799894005,-0.0038624091280791556
60,20,QGIS,27.608419973908415,-0.07837137746663496,-0.04043746396485459,0.04841593577816017,0.019621818397926122,-0.029283760553993593,-0.04702760625925115,-0.06509301967082329,-0.23600844662020037,-0.05316364128132592,-0.08368290577384785,-0.046823674836706686,-0.007488996627832057,0.06509301967082329,-0.04276388421746449,0.018934656070895395
60,20,QGIS,26.121429364098237,-0.07249145499065988,-0.03337032497805624,-0.009107844376498031,-0.001126705373422382,-0.013246918992427255,-0.039185086988262896,-0.06696292955636812,-0.215670673057263,-0.04671917612812851,-0.07021795909096847,-0.039612529245097894,-0.007104538778210278,0.06696292955636812,-0.021559131964822422,-0.0036089033479838883
60,20,QGIS,18.5067943613625,-0.06254171186767137,-0.03217320260175697,-0.008110312085040539,-0.005186044586597299,-0.010592886741324477,-0.03820213241942404,-0.06668648574801823,-0.20122762915331066,-0.04228146844793784,-0.054332198408723005,-0.037504767092629045,-0.0017484258606289722,0.06668648574801823,-0.01152857669068079,-0.0034461131987842952
60,20,QGIS,21.197316701343095,-0.006394203743132415,-0.0037363027722640894,-0.052220044596592796,-0.020483622228374965,0.013191330274260699,-0.004529087526308704,-0.016151634812859583,-0.03926066870641809,-0.0045957383148915905,0.005484041534865841,-0.004320239775564547,3.641356818813368E-4,0.016151634812859583,0.020644272002553622,-0.020916571494549632
60,20,QGIS,19.405169294686,-0.056040336464636346,-0.029778309451719612,-0.051645216454887066,-0.019988104272078033,2.994079144562206E-4,-0.035310955688340404,-0.06418120514781775,-0.17721092840794056,-0.038590349054366764,-0.04138132379851263,-0.03480579677797331,-0.0026258056425128,0.06418120514781775,0.006717632784589436,-0.020826922482618512
60,20,QGIS,17.918682490450845,-0.018821958713550906,-0.010292041513173762,-0.04655708370482792,-0.022446342223843035,0.0052553464447784234,-0.011242302157788623,-0.036582529824311566,-0.09805299742053836,-0.013184486687246113,-0.002232403786435938,-0.012047207301345555,0.004099647485214179,0.036582529824311566,0.013159894208924418,-0.018362232885201654
60,20,QGIS,34.32109504097641,-0.06282340338727428,-0.0340630333074018,0.0065159921151467515,0.005560982115838858,-0.023198141168156248,-0.04101702815783063,-0.05641579000822736,-0.1664653921550174,-0.04348617716870738,-0.06354212881025095,-0.03947539538104257,-0.004942033245091791,0.05641579000822736,-0.02365392662620759,0.0026869202822794314
60,20,QGIS,30.79720714386032,-0.004391827783105859,-0.0020599944482129068,-0.02645659923901089,-0.015140127781352014,0.0026347956002179887,-4.612341917499957E-4,-0.020738109991049664,-0.06343385218273778,-0.0030530201351213343,0.008894381114265978,-0.0026095021364857876,0.00620660955533927,0.020738109991049664,0.010223976236009819,-0.011226142304905734
60,20,QGIS,37.92764213132405,-0.07216466933317844,-0.03999076021948178,-4.0162684468869614E-4,-8.961150913312232E-4,-0.013887542159789386,-0.04542014278342267,-0.06990737182475582,-0.22848199279750936,-0.050304540948423224,-0.06594063531647716,-0.045803461634804296,-0.00644149480155068,0.06990737182475582,-0.02306001099489186,2.7036397245716604E-5
60,20,QGIS,18.7384000237304,-0.04982807909770897,-0.027888495755238208,-0.016264755715004853,0.0011076572551520503,-0.017299701198205765,-0.03358220425415636,-0.04753984207425786,-0.13289943233276233,-0.0351375270674079,-0.05191248951085567,-0.0323040740874709,3.2072196134235245E-4,0.04753984207425786,-0.01861665250298814,-0.0061525249246367625
60,20,QGIS,30.03269707319656,-0.0022215154304209214,-7.432476131656891E-4,-0.009385802252067643,-6.29161769643588E-4,-0.002745577609748355,-8.773071616521647E-4,0.0023229069820790843,0.0037729115029643823,-0.0013073645768794558,-0.004057029101067505,-9.706296365044383E-4,-0.0031530899344502823,-0.0023229069820790843,-0.004848091218463902,-0.003886290676063983
60,20,QGIS,18.924334940636165,-0.10890269225655863,-0.0549266297506754,0.03440419437999709,0.015421602610716761,-0.028983414942712064,-0.06395078289982313,-0.09989557807337085,-0.3480016710060115,-0.07248072855668289,-0.10906009480930316,-0.06334886112859817,-0.00969777489702823,0.09989557807337085,-0.048378934071848914,0.01568031974050721
60,20,QGIS,19.800562790299043,-0.027169545888280834,-0.014735748336545632,-0.0353215166785954,-0.01950217982722474,-4.88229105461941E-4,-0.016157578442723294,-0.03875952676143969,-0.1087704399881167,-0.01895746262208762,-0.010610021168795461,-0.017232467724391597,-0.0016635088637152863,0.03875952676143969,0.008421550839657913,-0.013466966474127373
60,20,QGIS,18.129721136117407,-0.044281216846911074,-0.02023172741034961,-0.07176967774899023,-0.024713518776959847,-0.0017487130833857387,-0.02260094166342573,-0.052883842596202546,-0.15742593125464693,-0.028938921058993376,-0.03063878463774329,-0.024564208470391823,-0.0019790560151854908,0.052883842596202546,0.00818709857321262,-0.027150171690127844
60,20,QGIS,20.959472176613836,-0.019052168302140297,-0.01066014631738732,-0.051627160569081676,-0.017440160852211478,0.007080512867706581,-0.012071261404903859,-0.027051159097151306,-0.07346537018831523,-0.013464895899631324,-0.010395299069891811,-0.012413667055762894,9.894939798876597E-4,0.027051159097151306,0.01644890073483532,-0.020567873803537196
60,20,QGIS,40.17053606822701,-0.011541643362713846,-0.006432664400403645,-0.020732375421870453,-0.010848001681670605,-0.0021578285992131588,-0.006601693370465615,-0.018973563150308348,-0.05367929327390708,-0.008225647343439668,-0.002772156308525786,-0.0075482101286466,1.558840961673573E-4,0.018973563150308348,0.004943582268549643,-0.007646016528438132
60,20,QGIS,19.186593844962527,-0.004072498782331397,-0.0023681391946696728,-0.016129591113031916,-0.008009161083430916,0.005680341949742908,-0.002729262091558736,-0.004910325460040124,-0.012561901162456618,-0.0028979109144721214,0.0016732444754942732,-0.002715972082459474,-0.003963151383006426,0.004910325460040124,0.008937782621527585,-0.006247622336294348
60,20,QGIS,42.875067623270404,-0.019623411732982893,-0.01000212856665017,-0.025993444321728232,-0.006541163330056221,-0.005653711532087772,-0.011537375045481258,-0.021067175619977396,-0.06139038088630355,-0.013334320588006382,-0.01727231685672101,-0.011845403663859591,-4.031987109286882E-5,0.021067175619977396,0.009270311550291635,-0.009884412439672682
60,20,QGIS,25.31759502417833,-0.03676289258520549,-0.0230348554864229,-0.008484422154448001,-0.006010421137925048,-0.0011342050332105828,-0.0248092186859906,-0.036268386906751965,-0.11210500707627741,-0.027025001385297148,-0.02886842399050389,-0.02590830427346988,-0.006541237566712183,0.036268386906751965,-0.002880285998825116,-0.003001262319514586
60,20,QGIS,34.183091744195366,-0.02651360246394891,-0.01434827455472291,-0.030895728203951256,-0.013862836522418848,-0.010903539688097468,-0.01623130520355752,-0.03672239821099561,-0.1008484661779272,-0.018521956153885237,-0.015254999852033269,-0.016840122533169896,0.0015256173223817807,0.03672239821099561,-1.4919768742132494E-4,-0.0118361240270793
60,20,QGIS,33.57615409627987,-0.032978511892023075,-0.01750582256960438,-0.019703578260638732,-0.00979299629360475,-0.010136294914787947,-0.018850935719677823,-0.03943629862590822,-0.11860264562119227,-0.022808150071175454,-0.02341759175752632,-0.020500552797447412,-0.0011474073752921986,0.03943629862590822,-0.00474857972100215,-0.007026481552962788
60,20,QGIS,17.390406058031523,-0.03286710940329774,-0.015975378055173427,-0.025585113311833885,-7.292140397716085E-5,-0.008485454319746835,-0.018920816693496528,-0.028710094590816332,-0.08926464029354914,-0.021930830736198594,-0.03717045491562927,-0.01907871040051251,6.541630473445657E-4,0.028710094590816332,-0.010768532743590672,-0.009265884087776372
60,20,QGIS,18.191942960148243,-0.05953352982865829,-0.029146340387527066,-0.041526613594510264,-0.004054287669037648,-2.514838125704799E-4,-0.03345600655189078,-0.053691426490094646,-0.1763359579463678,-0.0396053396882447,-0.06153249332507996,-0.03442186637781628,-0.00265950445068768,0.053691426490094646,-0.00429248206544482,-0.016822885432111315
60,20,QGIS,19.17912679122771,-0.0153483941393594,-0.0028459497324543337,-0.026106298471735512,-0.0016844779251690145,0.003033431570584437,-0.005221369707426676,-0.0020735839143378176,-0.010347282062283858,-0.007318614301811716,-0.021790400475058508,-0.004158379062481593,-0.008947807364376118,0.0020735839143378176,0.010417372873727355,-0.008168897116113322
60,20,QGIS,47.47915978567445,-0.06551185805022863,-0.03340643052381143,0.010981897700334198,0.002654582222616886,-0.021397681205470535,-0.03750667159324599,-0.06050764644202841,-0.20222723966723438,-0.04428258663062255,-0.06064242050817508,-0.03903649873443271,-0.007927910111683058,0.06050764644202841,-0.023110712971785914,0.004258427326588446
60,20,QGIS,27.320410906726327,-0.079217015945371,-0.02296743858119904,0.010849854104094003,0.011102239717861534,-0.02098228159324598,-0.02878518770040378,-0.05881142909834319,-0.3265671898747935,-0.042497227979277075,-0.09204704692709045,-0.02918726846479522,-0.008991494726852345,0.05881142909834319,-0.02258443261934858,0.0036789102061819123
60,20,QGIS,35.78091940154451,-0.01748191578494938,-0.009029853758490976,-0.05320032713223388,-0.015167882069001243,0.003966406095998897,-0.010226506912452766,-0.02129877078168424,-0.06059307837691402,-0.012039582821347376,-0.011835369440124352,-0.01072477628735163,-5.313034905080807E-4,0.02129877078168424,0.02101569365183218,-0.0208381528852722
60,20,QGIS,19.939931765985882,-0.0416270530833121,-0.021793432291832813,-0.02954805533518612,-0.008755922699000496,-0.004237717516548372,-0.024204726531037002,-0.042224998814188064,-0.13702317940574837,-0.028522724809570688,-0.03560500677164592,-0.02542853497668103,-0.0037680598179032658,0.042224998814188064,-0.0014357348177439014,-0.01115335028409109
60,20,QGIS,23.12489154112443,-0.04574160740580367,-0.022272821070501964,-0.011992305657665847,0.0059979987679512625,-0.008083536486296776,-0.02644014649403925,-0.03862096937161258,-0.1436176788900967,-0.030643179120870057,-0.05348098368265547,-0.026329958410781257,0.001022112405735718,0.03862096937161258,-0.01608940752486407,-0.004413216403336723
60,20,QGIS,29.20737055903114,-0.0914679112038357,-0.04537385544820646,-9.959597707507317E-4,0.005224108556979398,-0.0257600448548631,-0.05216551876662877,-0.07903855020718481,-0.28672124889737943,-0.0607167142783443,-0.0901692004532329,-0.05247877724143886,-0.014858754230125771,0.07903855020718481,-0.037677757681107954,1.1532020503196572E-4
60,20,QGIS,19.95509127054853,-0.012489441823952441,-0.006622046422439114,-0.056130899239691834,-0.020916901649954384,0.004833518758707408,-0.007141633960848451,-0.023798723948358497,-0.06369699321261957,-0.00875789294620406,-0.0011610119652829265,-0.007900658402476321,0.0020108663943741245,0.023798723948358497,0.02111805364062158,-0.02233776762740522
60,20,QGIS,49.86491258303076,-0.06525452166400535,-0.034759844180914545,-0.005642740804680191,0.0019607563343931045,-0.01974427970133657,-0.0400603397162126,-0.05828126879495783,-0.19136231479927412,-0.04478755156679722,-0.06405888094243077,-0.04014177201238196,-0.0073241373614181355,0.05828126879495783,-0.02105235825630558,-0.002022248238516877
60,20,QGIS,20.993614943836533,-0.018869257225953572,-0.010649211065623092,-0.06581338928041292,-0.018139466487297362,0.011359751176284526,-0.012082887255315507,-0.02419159402217433,-0.06871587550428526,-0.013380975334196512,-0.013348688740001072,-0.012344221301299915,0.0012037811588318022,0.02419159402217433,0.022303654826648416,-0.02747820077501202
60,20,QGIS,17.886678467600632,-0.07163528783825823,-0.03058558789431163,0.019356823447356897,0.017154721234243525,-0.023880586304407606,-0.03542799080419605,-0.051261669467456916,-0.24843037481553232,-0.04444040404758551,-0.08165642562034964,-0.03563435237839306,-0.015623087234198441,0.051261669467456916,-0.03712730842820457,0.009858287622407563
60,20,QGIS,18.677998695187732,-0.010431862415217062,-0.0061688455227043824,-0.07685993286547177,-0.02824293747616763,0.017320449807014762,-0.005506551769034772,-0.0208590077878143,-0.05812071543458491,-0.007611019476142799,0.004489176622699709,-0.007160787607029668,-0.0027289903709195504,0.0208590077878143,0.03099621576782327,-0.02868123580611448
60,20,QGIS,20.18663707239244,-0.05409302038573373,-0.027556681407779643,-0.046305120263687494,-0.011424518713140874,-0.010518501828148383,-0.03133305942247122,-0.05247674108311706,-0.18039103045165183,-0.036409185101297356,-0.04795097335009588,-0.031947001009652955,-0.007500843809357737,0.05247674108311706,-0.005708327173281166,-0.016823096409182184
60,20,QGIS,20.815461010349395,-0.009541228284938098,-0.005337559291073433,-0.07599023087533663,-0.02556062481346902,0.010884853859219697,-0.0056120099831489835,-0.022056139374105235,-0.05857192896116947,-0.00683475165656593,0.0020052953688940167,-0.0063031494436668715,0.002787327869802498,0.022056139374105235,0.034202588893256496,-0.029611767740359826
60,20,QGIS,17.896463546693525,-0.02765568777449232,-0.013009640284631589,-0.0202258332593781,0.002831316225678282,-0.011412310085591465,-0.0157183338914199,-0.025586625598705615,-0.08296236312077909,-0.018431965979004768,-0.033949535378092394,-0.01574257965090235,0.004461972321538832,0.025586625598705615,-0.006695797133300749,-0.0074245845884737816
60,20,QGIS,49.31094422699668,-0.040969157963795556,-0.027129364503679962,-0.006923180146365837,-0.011453634062725787,-0.011673382748689152,-0.029665926027613226,-0.05055814510059582,-0.14387893419380637,-0.03079849921872669,-0.025538122747430753,-0.030256321357493905,-0.002586848498083485,0.05055814510059582,2.2445239614809348E-4,-0.0031557523397852116
60,20,QGIS,21.20107049844726,-0.145361479366781,-0.0731371940852848,0.09756201047571889,0.04449986189930899,-0.043402411972915125,-0.08220330145672197,-0.11437361156097242,-0.6570890845452073,-0.0943284912872158,-0.16526399218918522,-0.07987420821196176,-0.023055355419433567,0.11437361156097242,-0.10842989277656741,0.041918123100432456
60,20,QGIS,25.9465876230135,-0.1070844190647594,-0.04831851403661282,0.012343001752410876,0.011942383784034144,-0.020179441888407895,-0.055422360851279454,-0.09154964316144143,-0.42497431994262724,-0.06868765619492954,-0.11572369840568454,-0.056798073615972416,-0.004800742666160651,0.09154964316144143,-0.03600771368583454,0.004323750788337133
60,20,QGIS,26.499498861489073,-0.11567113425488872,-0.055238944911611784,0.05124344170327788,0.02227641233956773,-0.03537798655991588,-0.06257588338196607,-0.0966887810040114,-0.4226707462507422,-0.07552772219618274,-0.1242747616570231,-0.06434675430233505,-0.008365643044297313,0.0966887810040114,-0.05862083653342862,0.018544948945134837
60,20,QGIS,24.004261204417393,-0.052266704684509974,-0.019373127300114867,-0.0851227942872046,-0.010729140121247593,0.01677289867570851,-0.024262983821136758,-0.04667541308607803,-0.2653344743684478,-0.03047571984640504,-0.06409004548197458,-0.02325384312689896,0.008160683226786494,0.04667541308607803,0.013814976616443958,-0.02444042690625048
60,20,QGIS,26.420101237740074,-0.09454133556077982,-0.04809252928360204,-3.0189373660016727E-4,0.009207596248728717,-0.009902078243375023,-0.05434217215155211,-0.08187446956478506,-0.37875937291403394,-0.06330017461564291,-0.10306003105608168,-0.055056448695572524,-0.001610534653319064,0.08187446956478506,-0.02246765311998454,6.191282600921666E-4
60,20,QGIS,17.905354432803446,-0.0940545752108411,-0.045583999070866354,-0.04154233573910515,3.4602235793101954E-4,2.6339524868917996E-4,-0.05132095451244918,-0.08920594445332303,-0.42649420100171287,-0.06193632625526978,-0.10292209406371723,-0.05301531253429484,0.01015817599586355,0.08920594445332303,-0.029739159743740223,-0.012380682103315194
60,20,QGIS,30.257082867540294,0.014261722582999792,0.009617511965594627,0.030779044982809367,0.008703571218301703,-0.010417543671049197,0.0104047916699255,0.02256195452019366,0.05803848301831227,0.011310085847085288,0.011685448910695222,0.011227935637583203,-0.008936276703890588,-0.02256195452019366,-0.006983350857188636,0.012930721547299504
60,20,QGIS,26.100705324005112,-0.01738281811051609,-0.009506951418944254,0.01214351930455626,0.005430211978755289,-0.0015014515741993695,-0.011153129873525222,-0.011126313891619694,-0.04625911688216133,-0.011989950150716605,-0.019682519691826765,-0.010765737415554547,-0.004512109471296297,0.011126313891619694,1.0216269697994537E-4,0.004885055731323182
60,20,QGIS,26.170127074835612,-0.021747675526783916,-0.009084447232175871,0.03942904619879162,0.013368728383578027,-0.019751712164975233,-0.011138535792770632,-0.018221091921965804,-0.07604472748471736,-0.013477439328260496,-0.025594814907811327,-0.010787710109522411,-4.382668025505673E-4,0.018221091921965804,-0.03266573705557301,0.01575352407226896
60,20,QGIS,53.96555207419579,-0.11407107806943859,-0.05369061394123835,0.07725783332897218,0.040658064073340244,-0.03885995567279365,-0.06201225064980688,-0.08339335903363504,-0.4339565015604372,-0.07224927386615601,-0.13212420343815545,-0.06027744839660183,-0.022905849366320452,0.08339335903363504,-0.07085591602182792,0.035689911652998486
60,20,QGIS,25.173858512419365,-0.112021556796842,-0.05583306978858966,0.07372834948844198,0.03536773455061182,-0.03994003176065344,-0.065177425222491,-0.09145033096297572,-0.3620571190751326,-0.07419734983757464,-0.1259850625994813,-0.06435899215678237,-0.007546157620741813,0.09145033096297572,-0.06830337751077613,0.03012427277966248
60,20,QGIS,23.059415969838053,0.04447129853505888,0.016273574930762896,-0.07302356346799055,-0.03614490110007779,0.03308729311252316,0.024847891619981688,0.023843927050842706,0.12860039045604754,0.02526811161776471,0.06840555750138491,0.018876691218557284,0.005753709051840666,-0.023843927050842706,0.027086183379002093,-0.03300048334678149
60,20,QGIS,53.76907292525617,0.13435105673015568,0.05416812114797148,-0.09736901340111626,-0.05291832215064309,0.053884897986578986,0.07147794066227728,0.09911443746600401,0.4495797112009636,0.0799938655451761,0.17306552871441802,0.06303235166700885,0.012941523421852293,-0.09911443746600401,0.08061689710703365,-0.04440148585599683
60,20,QGIS,71.37678348971342,0.03922163659419825,0.01772880064709173,-0.005188846240468337,-0.005246919762105201,0.005478831352193084,0.020487723337422298,0.034275221485493,0.17100281526247263,0.024665129774202876,0.044426159263951555,0.02035329816883147,0.001081121023688729,-0.034275221485493,0.014195274401088092,-0.001121137150938506
60,20,QGIS,56.82456316078662,0.008251405313947066,0.005756717398478613,-0.02709284004936441,-0.007897300901581916,0.008811218104537659,0.006685680910524031,0.004976643406766984,0.012761229809051478,0.0065185408211932624,0.009254541368412264,0.006500180323405713,0.0018357742044098108,-0.004976643406766984,0.0168525571027088,-0.010398095739267532
60,20,QGIS,26.046990064345852,-0.07049770141918116,-0.027375621818873735,-0.005951759949013757,-4.708529527738814E-4,-0.0030443852613531996,-0.028627811248708696,-0.061562099132752124,-0.3279000741284219,-0.0409868791597178,-0.07042462769438261,-0.031811429930065194,-0.011068462661720596,0.061562099132752124,-0.010989497423180988,-0.0021314889309262397
60,20,QGIS,25.170697198532604,-0.03149376605685683,-0.011052538777382714,0.012697797692534651,0.008677194120319615,-0.005565841762901029,-0.013218825276572588,-0.019405776546989995,-0.1597252848987425,-0.016805551584124084,-0.040285275505158175,-0.012244872044762989,-0.008222938253340327,0.019405776546989995,-0.023064246466847772,0.005582887005138468
60,20,QGIS,23.58825303088947,-0.06117666073104938,-0.01576586100922797,0.040937509403214944,0.03121776826116328,-0.02932163548214524,-0.022496694037865805,-0.037660739584249536,-0.3114242427846581,-0.029833494017990847,-0.08598617895594751,-0.018375450838562346,-0.012766368930790258,0.037660739584249536,-0.04986809458223403,0.023189310641615432
60,20,QGIS,24.04400996687118,0.0043447738920579515,0.0017733622745231548,0.0445690016219038,0.007486645274462328,-0.012622840645561538,0.0033509735290806753,0.004618883151816966,0.026537445378496338,0.002962197228732172,0.00846393312982921,0.0022350881503563347,-0.004933509024846183,-0.004618883151816966,-0.0029008589612902237,0.013695294305334837
60,20,QGIS,17.34091547404078,-0.1411942193010311,-0.06327135615130816,0.15262033714479106,0.07762247212097312,-0.0714962442839567,-0.07449060824963932,-0.08880407478171626,-0.6764538843773931,-0.08567433685378309,-0.17667368308485468,-0.0681130785215317,-0.04112176341681537,0.08880407478171626,-0.09775427788203138,0.0740714354148823
60,20,QGIS,24.120012002030894,-0.06849927063085254,-0.029646175778423017,0.08134043035867489,0.041839784360951246,-0.03889338207411182,-0.03326466551508708,-0.04270275050632805,-0.3780965751742347,-0.040195857585828665,-0.08549235634062119,-0.031013799166397182,-0.025671322908493048,0.04270275050632805,-0.0548637709071865,0.04154712131655135
60,20,QGIS,18.978921655499228,-0.054777115104542695,-0.017994367312396536,0.0027853018958410303,0.010975625407309841,-0.0046549002124431915,-0.02351032714515769,-0.03131452432070514,-0.2313615818305237,-0.029025055120186244,-0.07432495844181342,-0.020649310833902257,-0.014179935316425259,0.03131452432070514,-0.01861953661541013,0.0014581980916333614
60,20,QGIS,25.04391741993535,-0.042355718313980883,-0.015557055974390943,0.028791093257865885,0.010597733681446647,-0.012088262705125835,-0.017403640338550297,-0.0355457081847102,-0.19967386031949363,-0.02375665457641049,-0.046084480995876816,-0.018154107474694592,-0.004564066259732723,0.0355457081847102,-0.019389547016208056,0.011727821161069019
60,20,QGIS,18.65412467997681,-0.056041554768270996,-0.021613356730063926,-0.06809863019045781,-0.024084128351475137,0.020911365311093354,-0.01948123484197084,-0.07144110366689804,-0.36817649046077805,-0.03240963027442209,-0.04474411009303619,-0.025093847346103454,0.007977847670614997,0.07144110366689804,0.020357900963263217,-0.025022538016869614
60,20,QGIS,22.092903373577332,5.355641127448157E-4,0.0016528464327172435,-0.0680048514408258,-0.022292702062452,0.03262511841588602,0.004496577048984103,-0.007647691674522977,-0.04357710287561084,0.0014283951234670758,0.00831587804427679,0.002037068290750059,0.0019368064555824824,0.007647691674522977,0.047277181461379374,-0.028153782560100968
60,20,QGIS,19.294128948774627,0.03357190410183056,0.01787312709853707,0.0022466697580298955,0.0034280375848094735,0.002605115017812791,0.018160792172295548,0.05197230491833926,0.19144178617415575,0.02323295762530192,0.026834247802839703,0.02080739011041327,-0.015930139423967607,-0.05197230491833926,0.021281645064637783,0.0013554545964419434
60,20,QGIS,19.0592560744889,-0.07656469169180163,-0.027076679450318775,0.05322119188377328,0.02174116377235094,-0.02471623589935372,-0.030784691808732806,-0.06522542948110521,-0.4344217592635511,-0.04239716023173157,-0.0876648014580296,-0.031417499067970506,-0.003226902195298503,0.06522542948110521,-0.0392383246649449,0.021486514383283792
60,20,QGIS,35.68738832711025,-0.010021928899148796,-2.813554905523735E-4,0.018313489422845386,0.0057876634832745855,-0.014350917901755347,-9.294715404755405E-4,-0.014161209310230488,-0.06595252193242163,-0.0041662182153525545,-0.011908095725653902,-0.0013043867438341517,0.006039144756401573,0.014161209310230488,-0.017954099751525218,0.006970276365678013
60,20,QGIS,19.365761227014605,-0.11280108848628889,-0.061017473840663305,0.05562527787727234,0.04011157070851322,-0.026702446354467946,-0.06591351272858281,-0.08584625177009775,-0.6115396302129903,-0.07367101725224157,-0.12898610778849282,-0.06336032577594491,-0.02885499804799878,0.08584625177009775,-0.05974658647502129,0.033080332657299344
60,20,QGIS,28.678928064178006,0.002205073249104905,0.0037869590028118683,0.01228791197486001,0.005212456895770157,-0.0018585839774919732,0.003193058057592277,0.007675262118015003,-0.007876628220416793,0.003413101261297402,-0.0029700449639972672,0.004516998060172403,-0.002640143761735393,-0.007675262118015003,-0.00860628348819125,0.004851461386096337
60,20,QGIS,40.36144615237918,-0.022979837886098142,-0.00869417173853454,-5.844180816996225E-4,9.174272717369369E-4,-7.684061425113908E-4,-0.00993272496229014,-0.010925673972846939,-0.06699577420912495,-0.013121542808194803,-0.02592277760245129,-0.010110498664510165,-0.011286046879695543,0.010925673972846939,-0.0018840104922101045,-2.577491659919162E-4
60,20,QGIS,23.442739142350977,-0.04752772359737972,-0.01411396106527199,-0.03310306746356684,-0.0022619635505363167,0.005962320597159159,-0.0175865396887728,-0.03519265181276754,-0.22905272718604874,-0.024594029659880556,-0.05869101908866865,-0.016959554982313635,-0.004524186673699303,0.03519265181276754,0.006316651642240824,-0.012359529612289269
60,20,QGIS,35.33286534676783,-0.038010850569259735,-0.014295526514106871,0.06438915691232028,0.01750919511361773,-0.02242601975377056,-0.016752780156357144,-0.021556463281503735,-0.12449750819840433,-0.021810508170497095,-0.04382632627586806,-0.01673062206935874,-0.013456454960490933,0.021556463281503735,-0.019939747721490157,0.020365666687694683
60,20,QGIS,29.393140238498585,-0.06799241590808558,-0.023037294449187617,-0.007047212780780132,0.011072527821732708,-0.008615020880018247,-0.028153708460794347,-0.05018476068836569,-0.3646839904124355,-0.037293830058149485,-0.08434912878830475,-0.026554971033535296,-0.008263530261762011,0.05018476068836569,-0.029377159808183943,0.0011246190439808679
60,20,QGIS,17.34550386759978,-0.0305204145410079,-0.01485330439339741,0.06267255725827314,0.0220258937366013,-0.023427327829906412,-0.017753733474699662,-0.00792966390193417,-0.0692169043648645,-0.019116226471408176,-0.038392482366703645,-0.01594036190655529,-0.02073039343047039,0.00792966390193417,-0.031948736706207924,0.024501811438297327
60,20,QGIS,37.73369782950929,-0.12454940635910011,-0.05400577699704093,0.13255032425099444,0.056782522315168116,-0.054396652032971254,-0.06401165877072756,-0.08391520213196674,-0.5466316172730776,-0.07532392131204452,-0.15247828071796815,-0.06030370991733891,-0.025308165688550224,0.08391520213196674,-0.08917514722696356,0.05440159516202024
60,20,QGIS,18.020536781258855,-0.03310730324176819,-0.007602772270601049,-5.761101978916106E-4,0.005313906281777914,-0.004998995685146904,-0.01055222181248891,-0.017303814905398562,-0.12898787742533635,-0.01590041073323581,-0.04310138265096494,-0.009641339330295928,-0.011133297568436881,0.017303814905398562,-0.017123558720407432,-3.9378915164985095E-4
60,20,QGIS,17.704229577284032,-0.078697334920908,-0.04356048136242427,0.08857951546200482,0.029826641538021392,-0.02851146243155689,-0.04882399005268387,-0.06237389777220054,-0.31491249228437324,-0.05308716244531325,-0.08608945949064092,-0.047504720569864683,-0.012436025966834297,0.06237389777220054,-0.06371763633334093,0.03512136532206735
60,20,QGIS,30.432785689784584,-0.06386431275698895,-0.023218565074711345,0.08734362491426317,0.035238558367816475,-0.035248538305718495,-0.028999326138214876,-0.03402716064128708,-0.24131847383214744,-0.03552354406521982,-0.08304276246139072,-0.026507137474479137,-0.02151704917040755,0.03402716064128708,-0.05141826222662071,0.03414154744752941
60,20,QGIS,19.327096301221204,-0.06623821895597432,-0.021494924582809355,0.025377813495159218,0.019023970763882264,-0.01666843360674712,-0.028230315334951628,-0.05128918364026447,-0.32131557308112924,-0.03587575029790405,-0.08641990058287814,-0.025627495417572005,6.175980457189829E-4,0.05128918364026447,-0.029102979693687622,0.009915348896427728
60,20,QGIS,21.514051350218768,-0.07431511693029369,-0.027678110626418423,-0.061711516989565895,-0.005849787015953012,0.009935733103454891,-0.0334999719394079,-0.06780644675039776,-0.3685429076747062,-0.04354796681329762,-0.08670862647945174,-0.033064734771387105,0.006259111396716115,0.06780644675039776,-0.01228977115731749,-0.020850962242411508
60,20,QGIS,22.302978705531906,-0.019802332419450175,-6.336821264311954E-4,-0.038919271748312,-0.011151892133947905,6.876880099796201E-4,3.0469540444202914E-4,-0.023046080846974792,-0.1329610529855363,-0.007486794230465832,-0.015859285826616512,-0.0024658021675138253,0.0012965992432442605,0.023046080846974792,0.005443904167606803,-0.011259264688283088
60,20,QGIS,34.65015237623985,-0.03919977060704595,-0.023603052200141198,-0.03871348922613249,-0.01644543573870852,0.0013236461310350174,-0.027528228550930272,-0.04852228918577965,-0.13113201626955676,-0.028372486666494855,-0.02644143067488909,-0.026882176870463285,-4.115421978632926E-4,0.04852228918577965,0.004457574424834555,-0.015547448605015182
60,20,QGIS,21.060978761612965,-0.03636497802197547,-0.007273599422979726,0.029842890257299137,0.014065810070164775,-0.01979910151551468,-0.011147320484916595,-0.019994312615610466,-0.12619638269862432,-0.017428065373595203,-0.04741179538696644,-0.010115641715705503,-0.0085205404959177,0.019994312615610466,-0.020669086619402977,0.01077627296439268
60,20,QGIS,23.496989117454707,-0.08944954593000415,-0.029623260565382475,0.15155077102148584,0.0530253576888072,-0.06215018881885516,-0.03679415642200917,-0.056154155136553585,-0.3778102405484438,-0.048339082163545266,-0.11241480087858222,-0.034746356259724054,-0.02086201307355688,0.056154155136553585,-0.100380201995692,0.05610283588301247
60,20,QGIS,19.28752871632331,-0.06110536464995964,-0.02028726108353371,0.07537696792361182,0.02633036296710417,-0.033371492387067415,-0.021124608655784333,-0.05332117712919304,-0.39207467885877123,-0.032411636436515734,-0.06637984439368586,-0.023227779587178365,-0.006664269973754123,0.05332117712919304,-0.050538990840811926,0.03171454522457523
60,20,QGIS,18.32530845371775,-0.12204126050002319,-0.05751598315984033,-0.004884602402951632,-7.729176845693853E-4,-0.020882037834832036,-0.0637968488581436,-0.11432032580730872,-0.4402035440755519,-0.07904373225419993,-0.11321017641260056,-0.06676770146141353,-0.016444451611560416,0.11432032580730872,-0.03375695832747647,-0.001387259377742256
60,20,QGIS,18.110397751672323,-0.06410474647004236,-0.01825651399613229,0.03312724582687321,0.012200630661705486,-0.023840795699300213,-0.022294872922019315,-0.04986927253870521,-0.2829096075851547,-0.03389687512124101,-0.07279213723092198,-0.02314818478381131,-0.006037132271968644,0.04986927253870521,-0.01569771777169557,0.010284460982156102
60,20,QGIS,20.223658738159934,-0.032507095147800424,-0.010412194930783186,0.0068996670785046454,0.004782063848286944,-0.00791929807058786,-0.012777146332908607,-0.025150466628161727,-0.1469997676291246,-0.01790724869421953,-0.037861463337683775,-0.012817502960499522,-0.00209258891090942,0.025150466628161727,-0.0040569842392383995,0.002399218016744642
60,20,QGIS,20.251184097706386,-0.12172293771637682,-0.053991683156713655,0.10940789177286625,0.05375415602083586,-0.05222164825360236,-0.06637073116501879,-0.06961491661299307,-0.46294636335599604,-0.07524794680593319,-0.15202788019878688,-0.06020306068525172,-0.035735209301491294,0.06961491661299307,-0.08724451948604796,0.046543508584665216
60,20,QGIS,24.809591429799806,-0.057375387968137875,-0.01996867485366627,0.0617559812033015,0.022204513960623062,-0.03025550116436047,-0.02402948398470417,-0.03694253764566324,-0.21192173071966303,-0.03264634249063211,-0.06649606034314448,-0.02403095698465252,-0.014411275843910058,0.03694253764566324,-0.0460568375909589,0.02278185607196284
60,20,QGIS,27.891743614073043,-0.10638303608843946,-0.03337531005189143,0.056922181873297895,0.031485368805812736,-0.0339388244996685,-0.042546697977896564,-0.07009207334475442,-0.43746020788026607,-0.05695626134369319,-0.13392356817774412,-0.04017493931549418,-0.018796849583656832,0.07009207334475442,-0.0668087185426543,0.021626274460824824
60,20,QGIS,19.012435581753135,-0.09639610453096836,-0.049964065563696196,0.013292100314915567,0.0012177732396163599,-0.023208919181881518,-0.05649880661147704,-0.09284344015567508,-0.31244952414377114,-0.06522585230896565,-0.08637828625163976,-0.057797515531307,-0.011276972586336885,0.09284344015567508,-0.03593683521928269,0.0061603838211047035
60,20,QGIS,28.854312299937472,-0.059257984275013914,-0.03628535990082138,-0.038793988559519876,-0.017640477443008756,0.003152619507977964,-0.03875133192784834,-0.06364356037678409,-0.19852654050863938,-0.043205179306376504,-0.043363926474577236,-0.041018325736851435,-0.007861132098155539,0.06364356037678409,0.007291266671663868,-0.014772126553060011
60,20,QGIS,26.115945189213587,-0.020429164250688414,6.10009061380673E-4,0.029944373576065608,0.00890230969553088,-0.02118586695486378,-9.218888175603901E-4,-0.011106227630503618,-0.06358081811172878,-0.007456787468108822,-0.023304565521599235,-0.001571997878267506,-0.007695476445140128,0.011106227630503618,-0.01188673793013189,0.009952963500967638
60,20,QGIS,20.449051261113457,-0.0559745172842184,-0.012485381439689053,0.00680276641985178,0.008569692084873154,-0.018399842720407095,-0.017354293430606293,-0.036843113146874384,-0.2089256844711529,-0.02787672256648213,-0.06771784039413484,-0.017115879342426615,-0.009318637346209033,0.036843113146874384,-0.012200126658949921,0.00220376990872459
60,20,QGIS,22.151178062403662,-0.09420889779288572,-0.04572037137145046,-0.018286813869942353,0.0013602125572282076,-0.02391845638442191,-0.053766597234731706,-0.08792764329172537,-0.2805169787972454,-0.06243623226160862,-0.09413605809201647,-0.05416849107235647,-0.004419624775448677,0.08792764329172537,-0.0186158319190116,-0.007010482675817942
60,20,QGIS,18.804532766372397,-0.058687373606252896,-0.026597165675375754,0.009339557022025824,0.008235558966737777,-0.022863870835889227,-0.030611186525012025,-0.05182047640864776,-0.20368350112203937,-0.037390633465787644,-0.06102529500853426,-0.030966247436572676,-0.0066034407239883505,0.05182047640864776,-0.026842498555425254,0.0052136185013059305
60,20,QGIS,25.277960074447098,-0.06034905158945125,-0.017423676598060323,-0.017489019541270023,0.0017756467856660796,-0.009160491283434852,-0.021635189093551693,-0.048854175457208715,-0.2687123421342039,-0.03250528360426247,-0.06879291491788826,-0.022291209718356686,-0.0027069328740719125,0.048854175457208715,-0.008604917518733497,-0.00533880976095974
60,20,QGIS,26.60918094995079,-0.03504280981152377,-0.014616050484993412,0.044083449743542724,0.013637691346670505,-0.019642814608512936,-0.017274911004951377,-0.026304501882248588,-0.1409241404882119,-0.021719314760809405,-0.03947872786562616,-0.017250535924194954,-0.004242136999759482,0.026304501882248588,-0.033833093518325544,0.01531266628612879
60,20,QGIS,20.659664236958086,-0.088778643426906,-0.025709893835736214,0.011733972997837183,0.025233812768027275,-0.018509798840850425,-0.03699625827660469,-0.04027493263483073,-0.27652405084253795,-0.046615071022184706,-0.12243581538307267,-0.03159028088491775,-0.02700783346856184,0.04027493263483073,-0.03852828580651764,0.0049792080749637285
60,20,QGIS,29.145730274925043,-0.006601612279996467,-0.0021979845784474115,-0.040673426949909164,-0.01390122652246159,-0.001049095684646486,-0.0022315669574402668,-0.015220127952030205,-0.04097171821145856,-0.0040892785238370866,-2.1620671597497032E-4,-0.003074914799605699,0.0034289040464471426,0.015220127952030205,0.017192017240221423,-0.016266168171130038
60,20,QGIS,22.59859246486988,-0.21252167000498212,-0.070577942603512,0.09070309240139651,0.06001234064951855,-0.06656864181742386,-0.08830141304113365,-0.15594276666599743,-0.9580006535625321,-0.117832565077791,-0.2606683444293522,-0.08478965503083588,-0.024130041078793227,0.15594276666599743,-0.1082374363252556,0.03803220975568558
60,20,QGIS,22.319385562278196,-0.04612535157398509,-0.023670426247453896,-0.020437653153935642,-0.008548022472415595,-0.008571741149808847,-0.02752130821162232,-0.052891307268264784,-0.15637905862255008,-0.03128307309357055,-0.03774472404199572,-0.027792564863521888,7.147548146304538E-4,0.052891307268264784,-0.007430286524221431,-0.007751015312332604
60,20,QGIS,76.34362782178394,-0.034674100551287244,-0.022741718146064592,-0.07627855682588569,-0.03288261162267048,0.011202432846538487,-0.023634196888809578,-0.05189656438028517,-0.14547668420582216,-0.02606387008483991,-0.011916106628159007,-0.025522626799651574,-0.001910016556276514,0.05189656438028517,0.026380480978983448,-0.028119964435437128
60,20,QGIS,23.65630171645015,-0.05619668060559756,-0.023690248373610057,-0.0284218461558301,-0.007802249437384057,-0.0033344027089435915,-0.02638949325657705,-0.054126752228673636,-0.2054916731254665,-0.03528255380141404,-0.05230001786502294,-0.02862538850574782,-0.004390874892060276,0.054126752228673636,-0.012987251752475195,-0.011212589217445959
60,20,QGIS,23.500375582719457,-0.10705182770643631,-0.04565775759002602,0.021973592137321196,0.014760000162178988,-0.023585594269158905,-0.053674299552866886,-0.08822301137952854,-0.4239931073373182,-0.06695094149079159,-0.11917205562285138,-0.05406470661529947,-0.005861937294132259,0.08822301137952854,-0.0484578832431921,0.007582554602823144
60,20,QGIS,23.271709012298633,-0.033715184995597766,-0.017723119953945078,0.0031198760845738693,0.005294398828096375,-0.010926480277123223,-0.020132504050647364,-0.02791947339634565,-0.09330017301441795,-0.023286804295325224,-0.03641737312716885,-0.020754185065103507,-0.0023429914479112784,0.02791947339634565,-0.01808875308733278,0.0010234390852590092
60,20,QGIS,19.3690482950561,-0.06683510898797196,-0.01909668867663769,-0.05760525252785542,-0.002205887062502354,6.323438355376257E-4,-0.025500170686375973,-0.05037055395746015,-0.28395496691886835,-0.036124268402327964,-0.08131177690371226,-0.024675221563659866,-0.0010973197182573245,0.05037055395746015,-0.008124934036775396,-0.018248452857445224
60,20,QGIS,44.07183823592443,-0.12157392854115001,-0.04821878637983888,0.04409595740327732,0.02916264301746807,-0.035914381470444345,-0.059848865106685856,-0.0938151839423152,-0.4816762041505114,-0.07388174865632449,-0.14527849860680014,-0.05765509176832315,-0.0054742736722136615,0.0938151839423152,-0.060902952472843164,0.01575052335553842
60,20,QGIS,21.366329557619217,-0.08843866311704457,-0.031615104772353214,0.058130251220820606,0.025018639193043146,-0.034890781021587276,-0.039321690040042934,-0.05725513694200013,-0.3527866674631237,-0.05156323338636454,-0.10493836447661059,-0.0382955914066854,-0.01603193566709798,0.05725513694200013,-0.06227299766338569,0.01891882484739968
60,20,QGIS,20.32649089898599,-0.09999614294418391,-0.02053957943596052,-0.05603795588274596,0.004994116563627332,-0.01582173462654283,-0.030981601039589718,-0.06153349299832506,-0.36095480611517017,-0.049103734341276656,-0.12546876425345502,-0.029256119303562922,-0.015120102047394347,0.06153349299832506,-0.01901635097274383,-0.017559996226569397
60,20,QGIS,28.978701519048027,-0.10740365419190348,-0.04244034226937879,0.12245585340144727,0.048034584201760544,-0.05345309822880277,-0.053259894346084025,-0.07196226426270724,-0.4265138401804689,-0.064022694156467,-0.13392670263890794,-0.04941822292036141,-0.015654321018583897,0.07196226426270724,-0.082655108875438,0.04288453725706956
60,20,QGIS,18.46719285807438,-0.06973495135465047,-0.03340830391547067,0.0017023136392015914,0.003888940119302048,-0.010125504357757761,-0.03696258452551719,-0.07101453752180031,-0.2878408577658048,-0.045596813010393714,-0.07145297363207585,-0.03888263967058203,0.004762227892058964,0.07101453752180031,-0.034092224179217104,0.002101971095043398
60,20,QGIS,31.104708631582323,-0.11425314978609824,-0.032120926138820505,0.06815510350812715,0.03389383191954126,-0.04522021095217136,-0.04092780849916461,-0.09499799968158906,-0.5386949521367845,-0.05972063606001776,-0.13958419202764322,-0.040162042455909513,-0.0019034461250722334,0.09499799968158906,-0.06467113507537686,0.026150890592883336
60,20,QGIS,18.035544701816345,0.048657254485621415,0.02039490592506306,-0.0067165116670679925,-0.007542957666875683,0.01575401211341499,0.024292498565538237,0.038415901241640904,0.14681362488319805,0.03091550763194026,0.054616896903151725,0.02493071688354627,0.003965037968950161,-0.038415901241640904,0.022546453795637453,-0.0020011227080973526
60,20,QGIS,32.9314710000658,-0.038086683844380353,-0.017223760094459722,0.012687069015375751,0.0033664868032329542,-0.00342271560339911,-0.01797118948805837,-0.03802125180717786,-0.2417815556564502,-0.02336592687716449,-0.03894966604321895,-0.019165153343719543,9.535343835825518E-4,0.03802125180717786,-0.015355930337213795,0.00457532704152383
60,20,QGIS,24.298827294384257,0.03107367839865441,0.015094682482405086,0.0037723716981443722,-0.012980690308564441,0.001312710220381784,0.022568021976080793,0.017748886159652588,0.07247610061088627,0.020416726430640103,0.05144872228327074,0.017423132397889562,-0.005181022514894409,-0.017748886159652588,0.005442273872409281,0.0012873301729519893
60,20,QGIS,22.05541131029002,-0.0031553320096658344,-0.0017152976066316938,-0.0024579756545071163,5.805475056221421E-4,0.0013006797709349885,-0.0023464500986082326,-0.0020205285792623817,-0.011943748737428095,-0.0020764778998631495,-0.004985972240342473,-0.0018476271737475625,4.417108843974421E-4,0.0020205285792623817,-0.002365093998895937,-7.81447751884573E-4
60,20,QGIS,18.326176931169183,-0.14668087324168366,-0.048545895123397464,0.05327351931130053,0.035132083582609386,-0.03995028145998491,-0.060569402387148336,-0.10930438601877207,-0.6142236468390947,-0.08105660290785016,-0.1789796215038399,-0.05844612097716412,-0.01630659542287365,0.10930438601877207,-0.07547382884570847,0.020775933877720767
60,20,QGIS,21.59453595841442,0.047351329571791195,0.02225086593816633,0.0072666414599456,-0.004584522506797584,0.001771443589204183,0.02602766501837067,0.03560146055397512,0.15592822193865286,0.030672464410371914,0.05494597553849147,0.025779386595234433,0.004609498945742609,-0.03560146055397512,0.010439045821426858,0.002963832305787062
60,20,QGIS,19.140084848529924,-0.015189509151631253,2.2822330591004691E-4,-0.014685679454484957,-0.0018555593690613714,-6.750866374068028E-4,-8.665130140034505E-4,-0.010090513875677998,-0.06712529085196173,-0.0052187490080729815,-0.019913731254776967,-0.0010490595055700214,-0.0025848659023594775,0.010090513875677998,-0.0134681256086485,-0.005358676485725938
60,20,QGIS,19.0325156108475,-0.045549045813370104,-0.01635106162260297,0.04496859816000298,0.014523140729556044,-0.020651601442776564,-0.01824587562231464,-0.03226524718579338,-0.19052620381197993,-0.02586906242865944,-0.04994340824343409,-0.019172521589315178,-0.01253025283653174,0.03226524718579338,-0.03709181561982247,0.016417592601039643
60,20,QGIS,29.710354177900168,-0.11485970489014019,-0.04006267171066791,0.06165168130406795,0.03361420217057856,-0.034293633016421826,-0.05054959987651547,-0.08196249612239004,-0.4525832440923483,-0.06438377318820773,-0.1437172642943261,-0.047496718779869135,-0.014165236011246484,0.08196249612239004,-0.06369751076939573,0.023074317290588314
60,20,QGIS,23.703349554504083,-0.04445250364804754,-0.010838231165050116,-0.02272947549189097,0.0026785678037116734,-4.313680161492986E-4,-0.01573903641964397,-0.029399374506277942,-0.18506567558314235,-0.02217594152753835,-0.059397590794000116,-0.013814637951812175,-0.005720881048219377,0.029399374506277942,-0.009419551909948726,-0.00808690132795907
60,20,QGIS,19.7643591427789,-0.04770899761625985,-0.011040900548080074,0.02552582043328755,0.015374408694507707,-0.018692369756998447,-0.01630865717019117,-0.035435468238391,-0.22408426011903515,-0.023670880402027694,-0.06289272916051322,-0.014380644268211895,-0.001692280400935723,0.035435468238391,-0.03656588363346167,0.009659136673175278
60,20,QGIS,20.849076252260783,-0.09852780611298251,-0.03579787488462935,0.05793070482830598,0.03329312931590539,-0.031235227612134826,-0.0445750615201328,-0.06666390528040694,-0.41889369906784335,-0.05578394659135136,-0.1242804565881378,-0.041519463497409204,-0.01724660650071555,0.06666390528040694,-0.05117807225688541,0.023712517612381828
60,20,QGIS,17.677240035328687,-0.11167822794845922,-0.03429787337864168,0.021307652816688005,0.015074702908407678,-0.02808035069257169,-0.040936268768086176,-0.1021790310298995,-0.5262530994179063,-0.06015963429071891,-0.12671742646904913,-0.04245625711740089,0.0029233292225771066,0.1021790310298995,-0.033365910640175654,0.008275656824638322
60,20,QGIS,19.3303899441049,-0.048072188928715565,-0.017871256359994772,0.008261575947880573,0.005126371598153462,-0.01284927704451394,-0.020511828694360495,-0.049372495332350164,-0.24534111816191206,-0.028503352034467938,-0.05166148564562094,-0.021804410534324553,0.006979575063527251,0.049372495332350164,-0.02183990614052951,0.0030201102258720636
60,20,QGIS,32.61874653566471,-0.02721566363145722,-0.002368602803435399,0.004425543520007791,0.00598672947160564,-0.011500212444522904,-0.0048904313340065175,-0.01640054756633408,-0.10395722560385523,-0.010703133042085838,-0.03623228323292518,-0.0044802635342143515,-0.004501787376996914,0.01640054756633408,-0.010488637161413655,0.001724398213111461
60,20,QGIS,46.46299042342289,-0.17893495847743035,-0.07190321455513156,-0.04545934846241817,-0.00213518634717616,-0.019866409922308387,-0.081342767460284,-0.16940678928388636,-0.7444960554023683,-0.10890256036768643,-0.18512172428314477,-0.0864821812070332,-5.621856374272418E-4,0.16940678928388636,-0.03782783765356498,-0.016361532968024006
60,20,QGIS,24.637714036665187,-0.06648750295105277,-0.02224785900367174,0.022144236221609326,0.013941087310346961,-0.020050866484290362,-0.02661542130303013,-0.0587740216642067,-0.3418405470669108,-0.03768406193088236,-0.07660946597560833,-0.02709658779331592,0.0016287887707871762,0.0587740216642067,-0.019635195453688317,0.009417893643841907
60,20,QGIS,23.367258691589704,-0.06479790627093679,-0.013150987463064062,0.015917005302464204,0.008667637193121303,-0.02155930278162455,-0.016425401205346996,-0.05328650968951676,-0.32369352917074945,-0.03169575772357594,-0.0746079729963011,-0.01838737503389523,-0.003780414331607656,0.05328650968951676,-0.030049403442149993,0.005165321715175114
60,20,QGIS,18.619111070154943,-0.08123575677240735,-0.026628551544658097,0.09000224478774976,0.03084873934777657,-0.04003165414710681,-0.03329668536763894,-0.06021784711787925,-0.3675929957531001,-0.04474999542862826,-0.09869077969794046,-0.03200060344045216,-0.008166884552606184,0.06021784711787925,-0.06403640586737433,0.029613529327174565
60,20,QGIS,18.945348443901537,-0.04467936172290668,-0.013666357131871643,0.017182862487564732,0.015158323012644581,-0.01820944911287349,-0.01964404572670568,-0.015592414694863332,-0.08389368851258627,-0.024837347157451506,-0.05979548097105462,-0.017531048956819312,-0.015580138493022401,0.015592414694863332,-0.018306951957372697,0.005589069308555683
60,20,QGIS,33.87299537593467,-0.06616311294682886,-0.03436934495816452,0.005124429859569846,0.005088248634252751,-0.02128065241652969,-0.0395032534274623,-0.05618184804898682,-0.18860236800486496,-0.0448842908131102,-0.06551315241311562,-0.03972683937685703,-0.010626913472642744,0.05618184804898682,-0.02535619676337829,0.0025744927040477483
60,20,QGIS,17.76077411624101,-0.004548597973959012,-0.0014204947749868642,-0.0917597108079573,-0.028137937117147405,0.019794584322079926,-9.017225908961174E-4,-0.014278225851979492,-0.0387128851362446,-0.00280885354852526,0.005483267767101702,-0.002055737260143572,0.0012067899240930156,0.014278225851979492,0.04532564015415699,-0.03597420276073504
60,20,QGIS,20.68507067931486,-0.0794210115377878,-0.041702989381660005,0.03817465743362014,0.018548833461002,-0.0145743392348536,-0.04478169518234745,-0.0801275652488383,-0.4328057782549293,-0.05198198969476728,-0.08554597071866654,-0.04482672845587979,9.119420255380845E-4,0.0801275652488383,-0.04767949228689228,0.018405529272385514
60,20,QGIS,45.49236624974735,-0.14624341423968173,-0.04260416547239973,0.06707733951335149,0.043871115354510395,-0.0530134182737706,-0.05450743173077349,-0.10583051807887944,-0.7001690040206205,-0.07843883631723494,-0.179757269198713,-0.05263839563848563,-0.020300137265244513,0.10583051807887944,-0.07727109365750551,0.029380380270489392
60,20,QGIS,19.20234808962964,-0.051333088364047846,-0.017082221275887488,-0.0025123031948113272,0.010755211329843029,-0.012435347261007049,-0.0244199910256937,-0.0325294185989502,-0.19382879577044854,-0.02983659779911374,-0.0673082795287463,-0.021534174144077517,-0.002138869860339808,0.0325294185989502,-0.03775298751792948,-4.6088216176043417E-4
60,20,QGIS,17.43884357576481,-0.04416853366899334,-0.016715462768174982,-0.02988781126622908,-0.001147847126864887,-3.0365171643625954E-4,-0.020520857184202157,-0.03424761391569131,-0.1845007736236599,-0.026547547129738835,-0.05151029169945072,-0.020363867797373092,-0.0014909987853413686,0.03424761391569131,-0.00861326856290269,-0.008891609187441363
60,20,QGIS,24.4001395716943,-0.09269333632303894,-0.044283138148233696,-0.008211812418100983,0.007933537851132433,-0.02122510612176773,-0.05202498253036384,-0.07839170974710505,-0.2903273537553467,-0.060202765810243905,-0.0973593619118105,-0.051342294438603976,-0.012420045014685095,0.07839170974710505,-0.008020138406739541,-0.001397525354921464
60,20,QGIS,32.75702407615134,-0.1127428848097396,-0.04161426749982597,0.04780166886063375,0.025588098813613708,-0.028627915597380857,-0.04878275610964686,-0.09263454755924344,-0.5230812968953904,-0.06441305771881353,-0.1298175928527865,-0.04886520180575643,-0.008466096558307098,0.09263454755924344,-0.054140646495539915,0.019298008018686294
60,20,QGIS,18.617401404748453,-0.0034953856788699916,-0.0013464830617409586,-0.022499002662541345,-0.0012981382888270776,0.00995393200059623,-0.001985220867091797,0.0037596600015305237,0.005184747368918052,-0.00206033815285335,-0.008428140870259962,-0.0015641791578232742,-0.003378852287154204,-0.0037596600015305237,0.02244922255843198,-0.008907752776047453
60,20,QGIS,22.458714247410395,-0.09671326453787346,-0.03993673828448813,-0.019110826912684287,-0.009406390204384246,-2.1219704930261485E-4,-0.03908782655371465,-0.10928558479223055,-0.5601444936105076,-0.05818810142001263,-0.08583210598310476,-0.04625156987025286,0.00573975673644556,0.10928558479223055,-0.026370885474687415,-0.0064034275207476565
60,20,QGIS,24.495835695992568,-0.14135688998672857,-0.04945013463988003,0.0136496775283943,0.019941567393666926,-0.01994182243295932,-0.05766474635261981,-0.12500218402326235,-0.6830359879793153,-0.07893662364011866,-0.16029164983904715,-0.05899265394955577,-0.0015406563488434988,0.12500218402326235,-0.04688123404645651,0.006099653334427552
60,20,QGIS,23.837927947187506,-0.040566320192034246,-0.024486174125036245,-0.027800711816543977,-0.015411858752988061,0.00401550245967444,-0.02563024591915064,-0.04738302509332079,-0.14785166653406678,-0.02935908213703768,-0.026001420269390535,-0.02769517086451225,-0.004831214509046572,0.04738302509332079,0.002602528911123919,-0.010611411600759763
60,20,QGIS,22.89038889243994,-0.09676924218476814,-0.04595853153876377,-0.021222796308691283,-1.411467332957106E-4,-0.019085206859205554,-0.053738243636716684,-0.08911746907948681,-0.29645798146520214,-0.06326202316878171,-0.0948966644760401,-0.054257914727880795,-0.008284628942757524,0.08911746907948681,-0.015021735361168017,-0.00832373007570214
60,20,QGIS,17.2811554942843,-0.09309728271038076,-0.02781304528069309,0.00849563207475934,0.015386927159790342,-0.018504518062366637,-0.035252268076776366,-0.07022117913246734,-0.4404345154457996,-0.049803628598715705,-0.11386481774959334,-0.034124017890645925,-0.007547860107221091,0.07022117913246734,-0.028222923608645593,0.003991617396069791
60,20,QGIS,39.34509460501562,-0.0869825091951231,-0.03747289484001444,0.02264241228789876,0.020627742552161682,-0.024144842959448624,-0.04480405668454415,-0.062324181792003386,-0.2845146100999787,-0.05443116932410583,-0.10242504602174299,-0.044330619584829256,-0.010318842091025309,0.062324181792003386,-0.027912420530236196,0.00913156298260659
60,20,QGIS,18.11918366290164,0.007051165137589077,0.0031408552972145842,-0.019929814213300645,-0.004603296906646431,0.006947902717031971,0.0033264625641653556,0.004649553274812479,0.024532023481627308,0.004560165451334419,0.006618169794158593,0.003698453424130249,0.0028172506731581094,-0.004649553274812479,0.010197783850157639,-0.006590996707334873
60,20,QGIS,22.6955735292724,-0.11748573759937275,-0.05683481032182356,0.016994099240704275,0.010675167159697907,-0.026579774281234286,-0.0655647517982699,-0.10604887938634466,-0.384953420433269,-0.07696792238008346,-0.11753119724141578,-0.06603704915658762,-0.01232236886641854,0.10604887938634466,-0.026708398620176606,0.007707407917426107
60,20,QGIS,20.417116029113718,-0.06688029315098973,-0.03147526868528824,-0.019563729791981288,0.005801274991685951,-0.010579771330773612,-0.037741818369812934,-0.04975887330972198,-0.17846644091171526,-0.04365932434037238,-0.0753575578670262,-0.03709087487638319,-0.010430255868874166,0.04975887330972198,-0.02243844481079823,-0.008036956519392152
