{"type":"FeatureCollection","features":[{"type":"Feature","geometry":{"type":"Polygon","coordinates":[[[-72.1693909507993,11.850448639343215],[-72.16944267939456,11.85044142550961],[-72.169490290386,11.850420358231036],[-72.16952999393338,11.850387114465802],[-72.16955862963313,11.850344340421476],[-72.16957391808671,11.85029544091557],[-72.16957464233984,11.850244308350945],[-72.16956074474997,11.850195012879842],[-72.16953333157207,11.850151478419768],[-72.16949458489871,11.85011717031025],[-72.16944758896429,11.850094819472924],[-72.16939608464027,11.850086205031365],[-72.16934417166328,11.850092012693828],[-72.16929598229855,11.850111780171261],[-72.16925535241388,11.85014393397524],[-72.16922551614645,11.850185914666799],[-72.16920884846593,11.850234380586542],[-72.169206676126,11.850285473849627],[-72.1692191720529,11.850335127432626],[-72.16924534157793,11.850379388908532],[-72.16928310161087,11.850414735060465],[-72.16932944645274,11.850438352330833],[-72.16938068704954,11.850448360781721],[-72.1693909507993,11.850448639343215]]]},"id":"0000000000000000009c","properties":{"area_m2":1274.5,"blanqueami":110.6614,"blanqueamiento":110.6614,"circularid":0.1765,"circularidad":0.1765,"comp_humedad":1,"comp_suelo":1,"comp_vegetacion":1,"comp_verdor":1,"confianza":"baja","confusor":"Erosión","coord_x":5090435.625054045,"coord_y":2867656.520855756,"cumple_BSI":1,"cumple_GLI":1,"cumple_MSAVI":1,"cumple_MSI":1,"cumple_NDVI":1,"dif_BSI":0.023920674939069825,"dif_GLI":-0.011433890827652355,"dif_MSAVI":-0.03134655584979962,"dif_MSI":0.053811282712000086,"dif_NDVI":-0.08107211614836746,"distancia_":2.23,"distancia_similitud":2.23,"ext_BSI":0.22830860235639103,"ext_GLI":0.0017803296894466016,"ext_MSAVI":0.1502696702573333,"ext_MSI":1.5113213555941711,"ext_NDVI":0.2703655269004055,"fid":157,"id_cand":"C157","int_BSI":0.25222927729546085,"int_GLI":-0.009653561138205754,"int_MSAVI":0.11892311440753367,"int_MSI":1.5651326383061712,"int_NDVI":0.18929341075203804,"prioridad_espectral":"Muy alta","puntaje_componentes":4,"puntaje_indices":5,"radio_m":20.141647150648858,"vari":-0.0684,"zona":0}},{"type":"Feature","geometry":{"type":"Polygon","coordinates":[[[-72.14259442454583,11.849136353645463],[-72.14267247401608,11.849125469166811],[-72.14274431073103,11.849093682137834],[-72.14280421647622,11.849043522812718],[-72.14284742275147,11.848978983882523],[-72.14287049034455,11.848905202654246],[-72.1428715830901,11.848828052118629],[-72.14285061402376,11.84875367345856],[-72.14280925229878,11.848687987210816],[-72.14275079031664,11.848636221992777],[-72.14267988164933,11.848602498306954],[-72.1426021706155,11.848589500551746],[-72.14252384299634,11.848598263345515],[-72.14245113365261,11.848628089171886],[-72.14238983023537,11.848676603901415],[-72.1423448124928,11.84873994577033],[-72.14231966384351,11.848813072774195],[-72.14231638613448,11.848890164008887],[-72.14233524028947,11.848965083012855],[-72.1423747255338,11.849031866229257],[-72.1424316988511,11.84908519770636],[-72.1425016251645,11.849120832249705],[-72.14257893832902,11.849135933342353],[-72.14259442454583,11.849136353645463]]]},"id":"000000000000000000e2","properties":{"area_m2":2901.5,"blanqueami":108.955,"blanqueamiento":108.955,"circularid":0.0788,"circularidad":0.0788,"comp_humedad":1,"comp_suelo":1,"comp_vegetacion":1,"comp_verdor":1,"confianza":"baja","confusor":"Erosión","coord_x":5093353.863803946,"coord_y":2867510.0542503255,"cumple_BSI":1,"cumple_GLI":1,"cumple_MSAVI":1,"cumple_MSI":1,"cumple_NDVI":1,"dif_BSI":0.039212878809329,"dif_GLI":-0.03492360024131626,"dif_MSAVI":-0.04173700629414512,"dif_MSI":0.04509459553195483,"dif_NDVI":-0.10822237758851289,"distancia_":5.539,"distancia_similitud":5.539,"ext_BSI":0.2584720086510488,"ext_GLI":-0.03653998872151254,"ext_MSAVI":0.13380625848719252,"ext_MSI":1.5673948726740636,"ext_NDVI":0.24587827058262582,"fid":227,"id_cand":"C227","int_BSI":0.2976848874603778,"int_GLI":-0.0714635889628288,"int_MSAVI":0.0920692521930474,"int_MSI":1.6124894682060185,"int_NDVI":0.13765589299411293,"prioridad_espectral":"Muy alta","puntaje_componentes":4,"puntaje_indices":5,"radio_m":30.390395436095737,"vari":-0.1544,"zona":0}},{"type":"Feature","geometry":{"type":"Polygon","coordinates":[[[-72.15620820468598,11.836831946117094],[-72.1563000095435,11.836819142786243],[-72.15638450671024,11.836781751942269],[-72.15645497019516,11.836722749905572],[-72.15650579110094,11.836646833250416],[-72.15653292409355,11.836560044953819],[-72.15653420940757,11.836469293371065],[-72.1565095447571,11.836381802328482],[-72.15646089346988,11.83630453610676],[-72.15639212819966,11.83624364508617],[-72.15630872265946,11.83620397617972],[-72.15621731591474,11.836188687022707],[-72.1561251839187,11.836198994627942],[-72.15603966035376,11.836234078512827],[-72.1559675528781,11.836291146008886],[-72.1559146012415,11.836365654555449],[-72.15588502040298,11.836451673283726],[-72.15588116501729,11.836542355110385],[-72.15590334199815,11.836630481763036],[-72.15594978608013,11.836709038354433],[-72.15601680032682,11.836771771769238],[-72.15609905040306,11.836813688415353],[-72.15618998918838,11.836831451717686],[-72.15620820468598,11.836831946117094]]]},"id":"0000000000000000001e","properties":{"area_m2":4014.7,"blanqueami":116.1648,"blanqueamiento":116.1648,"circularid":0.1273,"circularidad":0.1273,"comp_humedad":1,"comp_suelo":1,"comp_vegetacion":1,"comp_verdor":1,"confianza":"baja","confusor":"Infraestructura","coord_x":5091875.514575755,"coord_y":2866140.177975459,"cumple_BSI":1,"cumple_GLI":1,"cumple_MSAVI":1,"cumple_MSI":1,"cumple_NDVI":1,"dif_BSI":0.044606517158126885,"dif_GLI":-0.018374461189706075,"dif_MSAVI":-0.03462252431133736,"dif_MSI":0.14098347286410373,"dif_NDVI":-0.09377147918391282,"distancia_":0.735,"distancia_similitud":0.735,"ext_BSI":0.16577106338614828,"ext_GLI":0.019273752819822503,"ext_MSAVI":0.19620024116266105,"ext_MSI":1.3553895487868,"ext_NDVI":0.36914718801183916,"fid":31,"id_cand":"C031","int_BSI":0.21037758054427516,"int_GLI":8.992916301164285E-4,"int_MSAVI":0.1615777168513237,"int_MSI":1.4963730216509037,"int_NDVI":0.27537570882792634,"prioridad_espectral":"Muy alta","puntaje_componentes":4,"puntaje_indices":5,"radio_m":35.747988755481956,"vari":-0.0121,"zona":0}},{"type":"Feature","geometry":{"type":"Polygon","coordinates":[[[-72.14850000624405,11.830769587368298],[-72.14856753665401,11.830760169205709],[-72.14862969163029,11.830732664405541],[-72.14868152362783,11.830689262354872],[-72.14871890681749,11.830633417863504],[-72.14873886550282,11.830569576159046],[-72.14873981098371,11.83050281904489],[-72.14872166801348,11.830438460387507],[-72.1486858807842,11.830381623132615],[-72.14863529796541,11.830336831519771],[-72.14857394594817,11.83030765095474],[-72.14850670834464,11.830296404205274],[-72.14843893725524,11.830303986510424],[-72.14837602724548,11.830329794320201],[-72.14832298594258,11.83037177333768],[-72.14828403543146,11.830426582039577],[-72.14826227617748,11.830489857659447],[-72.14825944022809,11.830556563461966],[-72.1482757533384,11.830621389665811],[-72.14830991699687,11.830679176102066],[-72.14835921178303,11.83072532296464],[-72.1484197138313,11.830756156956637],[-72.14848660717087,11.830769223686847],[-72.14850000624405,11.830769587368298]]]},"id":"0000000000000000003a","properties":{"area_m2":2172.4,"blanqueami":119.6,"blanqueamiento":119.6,"circularid":0.1335,"circularidad":0.1335,"comp_humedad":1,"comp_suelo":1,"comp_vegetacion":1,"comp_verdor":1,"confianza":"baja","confusor":"Infraestructura","coord_x":5092716.831037397,"coord_y":2865481.9920417843,"cumple_BSI":1,"cumple_GLI":1,"cumple_MSAVI":1,"cumple_MSI":1,"cumple_NDVI":1,"dif_BSI":0.04441725815781353,"dif_GLI":-0.021011370064887125,"dif_MSAVI":-0.034776585880224614,"dif_MSI":0.18147657043269683,"dif_NDVI":-0.09525025418283262,"distancia_":1.084,"distancia_similitud":1.084,"ext_BSI":0.2046888358145345,"ext_GLI":0.0024741696969396774,"ext_MSAVI":0.17650744750989153,"ext_MSI":1.467925514212718,"ext_NDVI":0.3391364629097358,"fid":59,"id_cand":"C059","int_BSI":0.24910609397234804,"int_GLI":-0.018537200367947447,"int_MSAVI":0.14173086162966692,"int_MSI":1.649402084645415,"int_NDVI":0.2438862087269032,"prioridad_espectral":"Muy alta","puntaje_componentes":4,"puntaje_indices":5,"radio_m":26.296319072175613,"vari":-0.0307,"zona":0}},{"type":"Feature","geometry":{"type":"Polygon","coordinates":[[[-72.16902266816106,11.842839427768336],[-72.16914704884167,11.842822081707089],[-72.1692615287758,11.842771424276131],[-72.16935699533026,11.842691487823913],[-72.16942584936018,11.842588635314325],[-72.16946261010317,11.842471053827817],[-72.16946435144233,11.842348102863351],[-72.16943093481314,11.842229569318318],[-72.1693650202189,11.842124888451334],[-72.16927185448203,11.842042392839248],[-72.16915885359057,11.841988649110325],[-72.16903501238701,11.84196793524765],[-72.16891018858763,11.841981900067195],[-72.16879431812195,11.842029431974417],[-72.1686966242467,11.84210674744559],[-72.16862488338468,11.842207692191279],[-72.16858480612457,11.842324231030883],[-72.168579582653,11.842447087486418],[-72.16860962880426,11.842566482185898],[-72.16867255294555,11.842672911300761],[-72.16876334633822,11.8427579030539],[-72.16887478182616,11.842814692079221],[-72.16899798911807,11.842838757951817],[-72.16902266816106,11.842839427768336]]]},"id":"00000000000000000067","properties":{"area_m2":7369.0,"blanqueami":120.8003,"blanqueamiento":120.8003,"circularid":0.084,"circularidad":0.084,"comp_humedad":1,"comp_suelo":1,"comp_vegetacion":1,"comp_verdor":1,"confianza":"baja","confusor":"Infraestructura","coord_x":5090478.296398465,"coord_y":2866787.264333229,"cumple_BSI":1,"cumple_GLI":1,"cumple_MSAVI":1,"cumple_MSI":1,"cumple_NDVI":1,"dif_BSI":0.04911166510944917,"dif_GLI":-0.02724708259319541,"dif_MSAVI":-0.04775806518760983,"dif_MSI":0.20921105059426348,"dif_NDVI":-0.10398471469472714,"distancia_":1.642,"distancia_similitud":1.642,"ext_BSI":0.203413085994163,"ext_GLI":0.0178135265898836,"ext_MSAVI":0.17312572602153267,"ext_MSI":1.4653305449255813,"ext_NDVI":0.30755428579082134,"fid":104,"id_cand":"C104","int_BSI":0.25252475110361217,"int_GLI":-0.009433556003311808,"int_MSAVI":0.12536766083392284,"int_MSI":1.6745415955198448,"int_NDVI":0.2035695710960942,"prioridad_espectral":"Muy alta","puntaje_componentes":4,"puntaje_indices":5,"radio_m":48.43165856429401,"vari":-0.0487,"zona":0}},{"type":"Feature","geometry":{"type":"Polygon","coordinates":[[[-72.16380212526798,11.841418667249979],[-72.16386373788258,11.841410074751042],[-72.16392044612219,11.841384981218699],[-72.16396773600346,11.841345384102278],[-72.16400184325012,11.841294435337717],[-72.1640200529298,11.841236190451754],[-72.16402091556142,11.841175285740409],[-72.1640043624908,11.841116569218858],[-72.16397171135206,11.841064714719375],[-72.16392556118096,11.841023849855176],[-72.16386958552997,11.840997227463943],[-72.16380824005391,11.840986966683658],[-72.16374640784203,11.840993884270597],[-72.16368901072734,11.841017429586092],[-72.16364061751226,11.841055728426973],[-72.16360508029432,11.841105732210924],[-72.16358522784003,11.84116346064193],[-72.16358264041375,11.841224318540235],[-72.16359752398587,11.84128346161759],[-72.16362869383413,11.84133618208247],[-72.16367366884417,11.841378283381065],[-72.16372886900473,11.841406414244481],[-72.16378990037654,11.84141833545145],[-72.16380212526798,11.841418667249979]]]},"id":"00000000000000000085","properties":{"area_m2":1808.2,"blanqueami":121.8516,"blanqueamiento":121.8516,"circularid":0.2377,"circularidad":0.2377,"comp_humedad":1,"comp_suelo":1,"comp_vegetacion":1,"comp_verdor":1,"confianza":"baja","confusor":"Infraestructura","coord_x":5091047.013665177,"coord_y":2866656.1995265186,"cumple_BSI":1,"cumple_GLI":1,"cumple_MSAVI":1,"cumple_MSI":1,"cumple_NDVI":1,"dif_BSI":0.051712098708202175,"dif_GLI":-0.040425875422346144,"dif_MSAVI":-0.0598677144819596,"dif_MSI":0.15574687021101385,"dif_NDVI":-0.1279894026726179,"distancia_":1.963,"distancia_similitud":1.963,"ext_BSI":0.19411970417666616,"ext_GLI":0.02493427443792697,"ext_MSAVI":0.19819123176770453,"ext_MSI":1.4264844124209832,"ext_NDVI":0.35252915479806746,"fid":134,"id_cand":"C134","int_BSI":0.24583180288486833,"int_GLI":-0.015491600984419176,"int_MSAVI":0.13832351728574493,"int_MSI":1.582231282631997,"int_NDVI":0.22453975212544955,"prioridad_espectral":"Muy alta","puntaje_componentes":4,"puntaje_indices":5,"radio_m":23.990996982149998,"vari":-0.0577,"zona":0}},{"type":"Feature","geometry":{"type":"Polygon","coordinates":[[[-72.16554588550694,11.843645620691897],[-72.16560851251002,11.843636886797348],[-72.16566615439243,11.84361138033331],[-72.16571422285259,11.84357113161861],[-72.16574889163928,11.843519344456597],[-72.16576740112176,11.843460141110606],[-72.16576827795487,11.843398234170188],[-72.16575145235444,11.843338551427955],[-72.16571826364826,11.843285843627255],[-72.16567135366262,11.843244306303909],[-72.1656144564312,11.84321724582317],[-72.1655521009664,11.8432068161948],[-72.16548925075219,11.843213847615317],[-72.16543090865423,11.843237780384941],[-72.1653817186953,11.843276709459289],[-72.16534559639372,11.843327536089639],[-72.16532541708874,11.843386214481578],[-72.16532278706234,11.843448073838568],[-72.1653379156763,11.84350819015627],[-72.1653695987033,11.843561778173134],[-72.1654153141802,11.84360457227806],[-72.16547142315453,11.843633166054579],[-72.16553345934521,11.843645283433391],[-72.16554588550694,11.843645620691897]]]},"id":"00000000000000000086","properties":{"area_m2":1868.2,"blanqueami":122.1175,"blanqueamiento":122.1175,"circularid":0.1259,"circularidad":0.1259,"comp_humedad":1,"comp_suelo":1,"comp_vegetacion":1,"comp_verdor":1,"confianza":"baja","confusor":"Infraestructura","coord_x":5090856.442486611,"coord_y":2866901.5309194466,"cumple_BSI":1,"cumple_GLI":1,"cumple_MSAVI":1,"cumple_MSI":1,"cumple_NDVI":1,"dif_BSI":0.02577008042808676,"dif_GLI":-0.035040220092917296,"dif_MSAVI":-0.03648954789434036,"dif_MSI":0.08129979806554566,"dif_NDVI":-0.09795321779387037,"distancia_":1.968,"distancia_similitud":1.968,"ext_BSI":0.19878163043941888,"ext_GLI":0.02716822304278656,"ext_MSAVI":0.17329251754506445,"ext_MSI":1.4436086555300252,"ext_NDVI":0.31715236780076,"fid":135,"id_cand":"C135","int_BSI":0.22455171086750564,"int_GLI":-0.007871997050130737,"int_MSAVI":0.13680296965072408,"int_MSI":1.5249084535955708,"int_NDVI":0.21919915000688964,"prioridad_espectral":"Muy alta","puntaje_componentes":4,"puntaje_indices":5,"radio_m":24.38578539577017,"vari":-0.0577,"zona":0}},{"type":"Feature","geometry":{"type":"Polygon","coordinates":[[[-72.15702201201186,11.829948433357695],[-72.15707091418712,11.829941613172414],[-72.15711592374237,11.829921695504297],[-72.15715345791234,11.829890265802337],[-72.15718052897599,11.829849825874255],[-72.15719498207949,11.829803594741524],[-72.15719566676171,11.829755252404258],[-72.15718252852906,11.8297086469126],[-72.15715661319099,11.829667488061899],[-72.15711998361157,11.829635052093554],[-72.15707555550466,11.829613920907185],[-72.15702686534314,11.829605776542483],[-72.15697778885716,11.829611267289716],[-72.15693223252806,11.829629956086201],[-72.15689382263464,11.829660355306213],[-72.15686561660296,11.829700045175256],[-72.15684985963556,11.829745866383014],[-72.15684780599277,11.82979417156346],[-72.15685961915162,11.829841115624518],[-72.15688435879099,11.829882961817312],[-72.15692005563912,11.829916379181872],[-72.1569638682266,11.829938707692499],[-72.15701230906737,11.82994816999689],[-72.15702201201186,11.829948433357695]]]},"id":"000000000000000000c6","properties":{"area_m2":1139.2,"blanqueami":127.094,"blanqueamiento":127.094,"circularid":0.1067,"circularidad":0.1067,"comp_humedad":1,"comp_suelo":1,"comp_vegetacion":1,"comp_verdor":1,"confianza":"baja","confusor":"Infraestructura","coord_x":5091789.080534217,"coord_y":2865395.641724423,"cumple_BSI":1,"cumple_GLI":1,"cumple_MSAVI":1,"cumple_MSI":1,"cumple_NDVI":1,"dif_BSI":0.01594361007420697,"dif_GLI":-0.018692362162144413,"dif_MSAVI":-0.05544608237567364,"dif_MSI":0.033479261953557105,"dif_NDVI":-0.12825565410266804,"distancia_":2.714,"distancia_similitud":2.714,"ext_BSI":0.20802270626143618,"ext_GLI":8.483483775031796E-4,"ext_MSAVI":0.187026671374471,"ext_MSI":1.4341634679248354,"ext_NDVI":0.32876822653809595,"fid":199,"id_cand":"C199","int_BSI":0.22396631633564315,"int_GLI":-0.017844013784641233,"int_MSAVI":0.13158058899879735,"int_MSI":1.4676427298783925,"int_NDVI":0.20051257243542792,"prioridad_espectral":"Muy alta","puntaje_componentes":4,"puntaje_indices":5,"radio_m":19.04254768513327,"vari":-0.077,"zona":0}},{"type":"Feature","geometry":{"type":"Polygon","coordinates":[[[-72.14669866755663,11.84858623472309],[-72.14674817679534,11.848579330343927],[-72.14679374509161,11.848559166796013],[-72.14683174520427,11.848527349100456],[-72.14685915232319,11.84848640994935],[-72.14687378484463,11.848439608102408],[-72.14687447802594,11.84839066898864],[-72.14686117669721,11.84834348816161],[-72.14683493965046,11.848301821213312],[-72.14679785535792,11.848268984829634],[-72.14675287572851,11.848247592783158],[-72.14670358113628,11.848239347877971],[-72.14665389542381,11.848244906407338],[-72.14660777356671,11.848263825913126],[-72.14656888685971,11.848294600405229],[-72.14654033068311,11.848334780237572],[-72.14652437811115,11.848381167098854],[-72.14652229897436,11.84843006859708],[-72.14653425877931,11.848477592173287],[-72.14655930553202,11.848519954949156],[-72.14659544551459,11.848553784844611],[-72.14663980198411,11.848576388996415],[-72.1466888441614,11.848585968111147],[-72.14669866755663,11.84858623472309]]]},"id":"00000000000000000028","properties":{"area_m2":1167.5,"blanqueami":114.3947,"blanqueamiento":114.3947,"circularid":0.0808,"circularidad":0.0808,"comp_humedad":1,"comp_suelo":1,"comp_vegetacion":1,"comp_verdor":1,"confianza":"baja","confusor":"Vegetación irregular","coord_x":5092907.298659824,"coord_y":2867459.002905566,"cumple_BSI":1,"cumple_GLI":1,"cumple_MSAVI":1,"cumple_MSI":1,"cumple_NDVI":1,"dif_BSI":0.019344690859325192,"dif_GLI":-0.007103987625601172,"dif_MSAVI":-0.024967803702059338,"dif_MSI":0.03985875266469918,"dif_NDVI":-0.06394761864026721,"distancia_":0.856,"distancia_similitud":0.856,"ext_BSI":0.15611009915107746,"ext_GLI":0.017726438297066473,"ext_MSAVI":0.18433843595303112,"ext_MSI":1.3043073186975003,"ext_NDVI":0.3707435960809006,"fid":41,"id_cand":"C041","int_BSI":0.17545479001040265,"int_GLI":0.0106224506714653,"int_MSAVI":0.15937063225097178,"int_MSI":1.3441660713621995,"int_NDVI":0.30679597744063336,"prioridad_espectral":"Muy alta","puntaje_componentes":4,"puntaje_indices":5,"radio_m":19.27762413057106,"vari":2.0E-4,"zona":0}},{"type":"Feature","geometry":{"type":"Polygon","coordinates":[[[-72.17337926859237,11.837144559832263],[-72.17347152748995,11.837131693194511],[-72.17355644255493,11.837094117469084],[-72.17362725453137,11.837034823693047],[-72.17367832678205,11.83695853166323],[-72.17370559396592,11.836871314236587],[-72.17370688563618,11.836780113927228],[-72.17368209900123,11.836692190280118],[-72.17363320709894,11.836614542011201],[-72.1735641017362,11.836553349911595],[-72.17348028369732,11.836513484860088],[-72.17338842488252,11.836498120105015],[-72.17329583722953,11.836508478676757],[-72.17320989069083,11.836543736035813],[-72.17313742659314,11.83660108570524],[-72.1730842130733,11.836675962663495],[-72.17305448593632,11.836762406716336],[-72.1730506114825,11.836853536924657],[-72.17307289814364,11.836942099324911],[-72.17311957192398,11.837021044344274],[-72.17318691760322,11.837084087948442],[-72.1732695744642,11.837126211854128],[-72.17336096300625,11.837144062988266],[-72.17337926859237,11.837144559832263]]]},"id":"0000000000000000003c","properties":{"area_m2":4054.5,"blanqueami":110.3693,"blanqueamiento":110.3693,"circularid":0.1815,"circularidad":0.1815,"comp_humedad":1,"comp_suelo":1,"comp_vegetacion":1,"comp_verdor":1,"confianza":"baja","confusor":"Vegetación irregular","coord_x":5090005.852239533,"coord_y":2866169.0222942736,"cumple_BSI":1,"cumple_GLI":1,"cumple_MSAVI":1,"cumple_MSI":1,"cumple_NDVI":1,"dif_BSI":0.02060605007740479,"dif_GLI":-0.008824244920845435,"dif_MSAVI":-0.03461193165687751,"dif_MSI":0.04408177198927099,"dif_NDVI":-0.09093611904039439,"distancia_":1.096,"distancia_similitud":1.096,"ext_BSI":0.21384366920288644,"ext_GLI":0.01919686368807809,"ext_MSAVI":0.1895651799065492,"ext_MSI":1.4829777672032374,"ext_NDVI":0.3470580632040329,"fid":61,"id_cand":"C061","int_BSI":0.23444971928029124,"int_GLI":0.010372618767232654,"int_MSAVI":0.1549532482496717,"int_MSI":1.5270595391925084,"int_NDVI":0.2561219441636385,"prioridad_espectral":"Muy alta","puntaje_componentes":4,"puntaje_indices":5,"radio_m":35.924746812360134,"vari":-0.0375,"zona":0}},{"type":"Feature","geometry":{"type":"Polygon","coordinates":[[[-72.16716519563825,11.84190566119129],[-72.16725403638883,11.841893271472546],[-72.16733580539305,11.841857088541136],[-72.16740399382267,11.841799992567042],[-72.16745317387505,11.841726528401184],[-72.16747943082738,11.841642543801711],[-72.1674806746458,11.841554723949193],[-72.16745680634583,11.841470059304198],[-72.16740972586439,11.841395289166574],[-72.16734318081835,11.841336365228983],[-72.16726246819105,11.84129797782541],[-72.16717401269307,11.841283182584123],[-72.16708485535985,11.841293157202504],[-72.16700209309221,11.841327107703533],[-72.16693231375015,11.841382331635533],[-72.16688107176438,11.841454433184774],[-72.16685244600517,11.841537673078733],[-72.16684871510164,11.84162542542881],[-72.16687017605719,11.841710705148898],[-72.1669151206006,11.841786723967926],[-72.16697997115793,11.841847430777927],[-72.16705956562376,11.841887993305315],[-72.16714756826515,11.841905182763478],[-72.16716519563825,11.84190566119129]]]},"id":"00000000000000000055","properties":{"area_m2":3759.5,"blanqueami":104.4244,"blanqueamiento":104.4244,"circularid":0.0756,"circularidad":0.0756,"comp_humedad":1,"comp_suelo":1,"comp_vegetacion":1,"comp_verdor":1,"confianza":"baja","confusor":"Vegetación irregular","coord_x":5090680.812929565,"coord_y":2866698.7176970993,"cumple_BSI":1,"cumple_GLI":1,"cumple_MSAVI":1,"cumple_MSI":1,"cumple_NDVI":1,"dif_BSI":0.03048645886988191,"dif_GLI":-0.024890741347341653,"dif_MSAVI":-0.031186663790019498,"dif_MSI":0.12936391860110397,"dif_NDVI":-0.07444679944001484,"distancia_":1.4,"distancia_similitud":1.4,"ext_BSI":0.20073988916841537,"ext_GLI":0.019125181291291656,"ext_MSAVI":0.17299120451733188,"ext_MSI":1.4555116050934944,"ext_NDVI":0.31709835403963316,"fid":86,"id_cand":"C086","int_BSI":0.23122634803829728,"int_GLI":-0.0057655600560499965,"int_MSAVI":0.14180454072731238,"int_MSI":1.5848755236945984,"int_NDVI":0.24265155459961832,"prioridad_espectral":"Muy alta","puntaje_componentes":4,"puntaje_indices":5,"radio_m":34.59314985814332,"vari":-0.0478,"zona":0}},{"type":"Feature","geometry":{"type":"Polygon","coordinates":[[[-72.16824094217624,11.850939526361126],[-72.16831967378727,11.850928546826148],[-72.1683921383443,11.850896482194722],[-72.16845256765639,11.850845884818307],[-72.16849615154742,11.850780782256997],[-72.16851942074706,11.850706356682979],[-72.16852052304235,11.850628532377],[-72.16849937070906,11.850553504154067],[-72.16845764748876,11.850487244256094],[-72.16839867455816,11.850435026962867],[-72.16832714616066,11.850401008761928],[-72.16824875594526,11.850387897494954],[-72.1681697437557,11.850396736815798],[-72.16809639894421,11.850426823116559],[-72.16803455974488,11.850475761534147],[-72.16798914855404,11.850539656579372],[-72.16796378010896,11.850613422215114],[-72.16796047375257,11.850691186702242],[-72.1679794926893,11.850766759988336],[-72.16801932302812,11.850834126435611],[-72.1680767942833,11.850887923667026],[-72.16814733174209,11.85092386941392],[-72.16822532061218,11.850939102387425],[-72.16824094217624,11.850939526361126]]]},"id":"000000000000000000a3","properties":{"area_m2":2952.4,"blanqueami":111.8679,"blanqueamiento":111.8679,"circularid":0.1056,"circularidad":0.1056,"comp_humedad":1,"comp_suelo":1,"comp_vegetacion":1,"comp_verdor":1,"confianza":"baja","confusor":"Vegetación irregular","coord_x":5090560.734574239,"coord_y":2867700.9508583895,"cumple_BSI":1,"cumple_GLI":1,"cumple_MSAVI":1,"cumple_MSI":1,"cumple_NDVI":1,"dif_BSI":0.03714048821445812,"dif_GLI":-0.00975673601204041,"dif_MSAVI":-0.028233875750268186,"dif_MSI":0.13585383184591082,"dif_NDVI":-0.06673006445623536,"distancia_":2.302,"distancia_similitud":2.302,"ext_BSI":0.24920536672552415,"ext_GLI":-0.01118119948458811,"ext_MSAVI":0.1298099592534378,"ext_MSI":1.572222171750598,"ext_NDVI":0.23426852490003966,"fid":164,"id_cand":"C164","int_BSI":0.28634585493998227,"int_GLI":-0.02093793549662852,"int_MSAVI":0.10157608350316961,"int_MSI":1.7080760035965088,"int_NDVI":0.1675384604438043,"prioridad_espectral":"Muy alta","puntaje_componentes":4,"puntaje_indices":5,"radio_m":30.65580055991074,"vari":-0.0701,"zona":0}},{"type":"Feature","geometry":{"type":"Polygon","coordinates":[[[-72.16589100715598,11.853110625402875],[-72.16595697036695,11.85310142656276],[-72.16601768289384,11.853074562271864],[-72.16606831201096,11.853032170932506],[-72.16610482763858,11.852977626901582],[-72.16612432313792,11.852915271889776],[-72.16612524667798,11.85285006935958],[-72.16610752475798,11.852787209432575],[-72.16607256805385,11.852731695755693],[-72.16602315912512,11.85268794721194],[-72.16596323092121,11.852659446179079],[-72.1658975537191,11.852648461334324],[-72.16583135541185,11.852655867069217],[-72.16576990537207,11.852681073888691],[-72.16571809501386,11.85272207533444],[-72.16568004843896,11.852775607697604],[-72.16565879415928,11.852837409808025],[-72.16565602402582,11.852902562221553],[-72.16567195855411,11.852965878806602],[-72.16570532936726,11.853022319560052],[-72.16575348015495,11.85306739179242],[-72.16581257811393,11.85309750774766],[-72.1658779190392,11.85311027019054],[-72.16589100715598,11.853110625402875]]]},"id":"000000000000000000c5","properties":{"area_m2":2072.4,"blanqueami":115.8069,"blanqueamiento":115.8069,"circularid":0.1111,"circularidad":0.1111,"comp_humedad":1,"comp_suelo":1,"comp_vegetacion":1,"comp_verdor":1,"confianza":"baja","confusor":"Vegetación irregular","coord_x":5090815.654935621,"coord_y":2867946.295265349,"cumple_BSI":1,"cumple_GLI":1,"cumple_MSAVI":1,"cumple_MSI":1,"cumple_NDVI":1,"dif_BSI":0.03780791000039216,"dif_GLI":-0.020998587710720402,"dif_MSAVI":-0.06141649679669042,"dif_MSI":0.09034329753070858,"dif_NDVI":-0.1269450767079141,"distancia_":2.712,"distancia_similitud":2.712,"ext_BSI":0.19773480767130885,"ext_GLI":0.007472141840835512,"ext_MSAVI":0.16819673401728807,"ext_MSI":1.383582555286144,"ext_NDVI":0.30447066780562415,"fid":198,"id_cand":"C198","int_BSI":0.235542717671701,"int_GLI":-0.01352644586988489,"int_MSAVI":0.10678023722059765,"int_MSI":1.4739258528168526,"int_NDVI":0.17752559109771004,"prioridad_espectral":"Muy alta","puntaje_componentes":4,"puntaje_indices":5,"radio_m":25.68395234630542,"vari":-0.0801,"zona":0}},{"type":"Feature","geometry":{"type":"Polygon","coordinates":[[[-71.88810273052556,11.967051328927736],[-71.88817366602709,11.967041440828904],[-71.88823895504814,11.967012563627145],[-71.88829340057265,11.966966995953285],[-71.88833266873448,11.966908365001483],[-71.88835363379403,11.966841337802308],[-71.88835462694512,11.966771249724953],[-71.88833556914805,11.966703679780585],[-71.8882979774165,11.966644006532976],[-71.88824484405912,11.966596979966008],[-71.88818039848962,11.966566343387044],[-71.88810977056598,11.966554535461935],[-71.88803858225663,11.966562496099058],[-71.88797250013621,11.966589591633376],[-71.8879167843309,11.966633665265638],[-71.88787586981564,11.966691208741965],[-71.8878530133911,11.966757641608593],[-71.88785003444075,11.96682767581382],[-71.88786717010413,11.966895736635527],[-71.88790305639586,11.966956406428862],[-71.88795483677468,11.967004855871847],[-71.88801838952175,11.967037228381418],[-71.88808865582973,11.96705094709974],[-71.88810273052556,11.967051328927736]]]},"id":"00000000000000000024","properties":{"area_m2":2394.6,"blanqueami":110.1308,"blanqueamiento":110.1308,"circularid":0.0965,"circularidad":0.0965,"comp_humedad":1,"comp_suelo":1,"comp_vegetacion":1,"comp_verdor":1,"confianza":"baja","confusor":"Erosión","coord_x":5121013.559975243,"coord_y":2880646.541069875,"cumple_BSI":1,"cumple_GLI":1,"cumple_MSAVI":1,"cumple_MSI":1,"cumple_NDVI":1,"dif_BSI":0.019621818397926122,"dif_GLI":-0.007488996627832057,"dif_MSAVI":-0.04043746396485459,"dif_MSI":0.04841593577816017,"dif_NDVI":-0.07837137746663496,"distancia_":0.826,"distancia_similitud":0.826,"ext_BSI":0.15977575716138664,"ext_GLI":0.01661967498868604,"ext_MSAVI":0.11288098957988904,"ext_MSI":1.2461415730040675,"ext_NDVI":0.18999168827422777,"fid":37,"id_cand":"C037","int_BSI":0.17939757555931277,"int_GLI":0.009130678360853984,"int_MSAVI":0.07244352561503445,"int_MSI":1.2945575087822276,"int_NDVI":0.11162031080759281,"prioridad_espectral":"Muy alta","puntaje_componentes":4,"puntaje_indices":5,"radio_m":27.608419973908415,"vari":-0.0292,"zona":1}},{"type":"Feature","geometry":{"type":"Polygon","coordinates":[[[-71.86727144923931,11.986578509005456],[-71.86732007586349,11.986571731158639],[-71.86736483180155,11.986551937135772],[-71.86740215447608,11.986520702543697],[-71.8674290730011,11.986480513659384],[-71.86744344466487,11.986434569521231],[-71.86744412548886,11.986386527284576],[-71.86743106128662,11.986340211111564],[-71.86740529197475,11.986299307767773],[-71.86736886879369,11.986267073156254],[-71.86732469102795,11.986246073148608],[-71.86727627522328,11.986237979342706],[-71.86722747527098,11.986243436004337],[-71.86718217564031,11.986262008784022],[-71.8671439821769,11.98629221929099],[-71.8671159350789,11.986331662772288],[-71.86710026689784,11.986377199530086],[-71.86709822482658,11.986425204840566],[-71.86710997142109,11.986471857481309],[-71.86713457165878,11.986513443900487],[-71.86717006736431,11.986546653816111],[-71.86721363307917,11.986568843715412],[-71.86726180096838,11.986578247279546],[-71.86727144923931,11.986578509005456]]]},"id":"00000000000000000078","properties":{"area_m2":1125.1,"blanqueami":121.345,"blanqueamiento":121.345,"circularid":0.0741,"circularidad":0.0741,"comp_humedad":1,"comp_suelo":1,"comp_vegetacion":1,"comp_verdor":1,"confianza":"baja","confusor":"Erosión","coord_x":5123271.983894859,"coord_y":2882822.845232455,"cumple_BSI":1,"cumple_GLI":1,"cumple_MSAVI":1,"cumple_MSI":1,"cumple_NDVI":1,"dif_BSI":0.015421602610716761,"dif_GLI":-0.00969777489702823,"dif_MSAVI":-0.0549266297506754,"dif_MSI":0.03440419437999709,"dif_NDVI":-0.10890269225655863,"distancia_":1.813,"distancia_similitud":1.813,"ext_BSI":0.13969056258543866,"ext_GLI":0.021543405847646538,"ext_MSAVI":0.08270252609388906,"ext_MSI":1.2048492695321826,"ext_NDVI":0.15164091003235497,"fid":121,"id_cand":"C121","int_BSI":0.15511216519615542,"int_GLI":0.011845630950618307,"int_MSAVI":0.02777589634321366,"int_MSI":1.2392534639121797,"int_NDVI":0.04273821777579634,"prioridad_espectral":"Muy alta","puntaje_componentes":4,"puntaje_indices":5,"radio_m":18.924334940636165,"vari":-0.0535,"zona":1}},{"type":"Feature","geometry":{"type":"Polygon","coordinates":[[[-71.94729291152993,11.957379628697227],[-71.94734738240506,11.95737203542544],[-71.94739751738996,11.957349860035729],[-71.94743932573392,11.957314867692398],[-71.94746947949142,11.957269843790293],[-71.94748557842685,11.957218372236019],[-71.94748634107242,11.957164550167748],[-71.94747170673045,11.957112661822231],[-71.94744284030222,11.957066837509531],[-71.94740203955942,11.957030724841042],[-71.9473525522403,11.957007198380822],[-71.94729831752997,11.956998130831677],[-71.94724365250289,11.957004243969065],[-71.94719290848656,11.957025051188237],[-71.94715012469841,11.957058896237664],[-71.94711870672612,11.957103085055675],[-71.94710115544335,11.95715410021646],[-71.94709886793936,11.957207880915856],[-71.94711202630836,11.957260146210553],[-71.94713958315207,11.95730673578107],[-71.9471793449502,11.957343941093804],[-71.94722814666319,11.957368800601497],[-71.94728210366961,11.95737933548376],[-71.94729291152993,11.957379628697227]]]},"id":"00000000000000000080","properties":{"area_m2":1412.1,"blanqueami":117.7778,"blanqueamiento":117.7778,"circularid":0.1336,"circularidad":0.1336,"comp_humedad":1,"comp_suelo":1,"comp_vegetacion":1,"comp_verdor":1,"confianza":"baja","confusor":"Infraestructura","coord_x":5114574.879471575,"coord_y":2879558.358438851,"cumple_BSI":1,"cumple_GLI":1,"cumple_MSAVI":1,"cumple_MSI":1,"cumple_NDVI":1,"dif_BSI":0.04449986189930899,"dif_GLI":-0.023055355419433567,"dif_MSAVI":-0.0731371940852848,"dif_MSI":0.09756201047571889,"dif_NDVI":-0.145361479366781,"distancia_":1.917,"distancia_similitud":1.917,"ext_BSI":0.10793930007562938,"ext_GLI":0.0488679099377225,"ext_MSAVI":0.23864669613438397,"ext_MSI":1.1305728383684859,"ext_NDVI":0.41632788462525455,"fid":129,"id_cand":"C129","int_BSI":0.15243916197493837,"int_GLI":0.02581255451828893,"int_MSAVI":0.16550950204909917,"int_MSI":1.2281348488442048,"int_NDVI":0.27096640525847354,"prioridad_espectral":"Muy alta","puntaje_componentes":4,"puntaje_indices":5,"radio_m":21.20107049844726,"vari":-0.058,"zona":1}},{"type":"Feature","geometry":{"type":"Polygon","coordinates":[[[-71.92831663367267,11.953045050995895],[-71.92838471644998,11.953035560063265],[-71.92844737982483,11.953007842745519],[-71.92849963578335,11.95296410534627],[-71.92853732474912,11.952907829369234],[-71.928557446686,11.952843494388445],[-71.92855839989939,11.952776221472183],[-71.92854010852744,11.952711365544774],[-71.92850402857533,11.952654089134542],[-71.92845303201351,11.952608951437648],[-71.92839117816692,11.95257954540798],[-71.92832339059309,11.952568211760136],[-71.92825506516982,11.952575852650213],[-71.92819164058716,11.952601859864908],[-71.92813816543213,11.952644163234792],[-71.92809889632414,11.95269939541829],[-71.92807695908905,11.952763159939996],[-71.9280740999419,11.9528303811481],[-71.92809054648464,11.95289570823501],[-71.92812498958487,11.952953941161434],[-71.92817468757875,11.95300044458052],[-71.92823568450534,11.953031516813294],[-71.92830312500128,11.953044684504434],[-71.92831663367267,11.953045050995895]]]},"id":"000000000000000000bb","properties":{"area_m2":2206.1,"blanqueami":119.9705,"blanqueamiento":119.9705,"circularid":0.1795,"circularidad":0.1795,"comp_humedad":1,"comp_suelo":1,"comp_vegetacion":1,"comp_verdor":1,"confianza":"baja","confusor":"Infraestructura","coord_x":5116642.338382698,"coord_y":2879082.0263652527,"cumple_BSI":1,"cumple_GLI":1,"cumple_MSAVI":1,"cumple_MSI":1,"cumple_NDVI":1,"dif_BSI":0.02227641233956773,"dif_GLI":-0.008365643044297313,"dif_MSAVI":-0.055238944911611784,"dif_MSI":0.05124344170327788,"dif_NDVI":-0.11567113425488872,"distancia_":2.558,"distancia_similitud":2.558,"ext_BSI":0.19802118072618585,"ext_GLI":-7.902535817968129E-5,"ext_MSAVI":0.12192154713086777,"ext_MSI":1.3695444277863682,"ext_NDVI":0.21162944047005122,"fid":188,"id_cand":"C188","int_BSI":0.22029759306575358,"int_GLI":-0.008444668402476995,"int_MSAVI":0.06668260221925598,"int_MSI":1.420787869489646,"int_NDVI":0.0959583062151625,"prioridad_espectral":"Muy alta","puntaje_componentes":4,"puntaje_indices":5,"radio_m":26.499498861489073,"vari":-0.0749,"zona":1}},{"type":"Feature","geometry":{"type":"Polygon","coordinates":[[[-71.88803126615163,11.971383136603448],[-71.88816992438443,11.971363808544394],[-71.88829754536627,11.971307362888645],[-71.88840397042874,11.97121829273167],[-71.8884807281279,11.971103688085963],[-71.88852170857403,11.970972671507289],[-71.88852364977164,11.970835671931171],[-71.88848639725927,11.97070359452465],[-71.88841291638667,11.97058695263476],[-71.88830905625731,11.97049503093062],[-71.88818308413173,11.970435146351694],[-71.8880450273553,11.970412065688187],[-71.88790587519281,11.970427626151505],[-71.88777670409996,11.970480589135162],[-71.88766779605514,11.97056673880586],[-71.88758782012656,11.970679217677517],[-71.88754314241831,11.970809072458513],[-71.8875373193221,11.970945966725408],[-71.8875708144141,11.971079003696914],[-71.8876409615363,11.971197593616944],[-71.88774217700666,11.971292296703298],[-71.88786640407112,11.971355574561994],[-71.88800375422215,11.971382390252272],[-71.88803126615163,11.971383136603448]]]},"id":"00000000000000000035","properties":{"area_m2":9149.2,"blanqueami":125.5066,"blanqueamiento":125.5066,"circularid":0.1751,"circularidad":0.1751,"comp_humedad":1,"comp_suelo":1,"comp_vegetacion":1,"comp_verdor":1,"confianza":"baja","confusor":"Nubes","coord_x":5121019.249672257,"coord_y":2881099.0343063865,"cumple_BSI":1,"cumple_GLI":1,"cumple_MSAVI":1,"cumple_MSI":1,"cumple_NDVI":1,"dif_BSI":0.040658064073340244,"dif_GLI":-0.022905849366320452,"dif_MSAVI":-0.05369061394123835,"dif_MSI":0.07725783332897218,"dif_NDVI":-0.11407107806943859,"distancia_":1.029,"distancia_similitud":1.029,"ext_BSI":0.10974050926261877,"ext_GLI":0.05003760653112628,"ext_MSAVI":0.16493349041176966,"ext_MSI":1.1280847932185976,"ext_NDVI":0.3057157058606338,"fid":54,"id_cand":"C054","int_BSI":0.15039857333595902,"int_GLI":0.027131757164805828,"int_MSAVI":0.11124287647053131,"int_MSI":1.2053426265475697,"int_NDVI":0.1916446277911952,"prioridad_espectral":"Muy alta","puntaje_componentes":4,"puntaje_indices":5,"radio_m":53.96555207419579,"vari":-0.0143,"zona":1}},{"type":"Feature","geometry":{"type":"Polygon","coordinates":[[[-71.88914288720201,11.96916630476603],[-71.88920756798633,11.96915728861873],[-71.88926710016811,11.969130957863877],[-71.88931674497735,11.969089408434181],[-71.88935255068532,11.969035947670342],[-71.88937166716265,11.96897483105481],[-71.88937257274823,11.968910923473635],[-71.88935519537003,11.96884931197044],[-71.88932091827817,11.968794900817729],[-71.88927246993484,11.968752021137743],[-71.88921370682688,11.968724086146876],[-71.88914930648993,11.968713319465563],[-71.88908439517891,11.96872057811958],[-71.88902413982191,11.968745284321464],[-71.8889733367365,11.968785471461937],[-71.88893602984564,11.968837940650646],[-71.88891518878224,11.96889851534595],[-71.88891247250497,11.968962373805828],[-71.88892809724206,11.969024432897388],[-71.8889608192756,11.96907975271408],[-71.88900803393801,11.969123929793145],[-71.88906598294159,11.969153447632939],[-71.88913005353844,11.969165956608357],[-71.88914288720201,11.96916630476603]]]},"id":"00000000000000000036","properties":{"area_m2":1990.9,"blanqueami":125.3254,"blanqueamiento":125.3254,"circularid":0.3969,"circularidad":0.3969,"comp_humedad":1,"comp_suelo":1,"comp_vegetacion":1,"comp_verdor":1,"confianza":"baja","confusor":"Nubes","coord_x":5120899.060141701,"coord_y":2880882.258017555,"cumple_BSI":1,"cumple_GLI":1,"cumple_MSAVI":1,"cumple_MSI":1,"cumple_NDVI":1,"dif_BSI":0.03536773455061182,"dif_GLI":-0.007546157620741813,"dif_MSAVI":-0.05583306978858966,"dif_MSI":0.07372834948844198,"dif_NDVI":-0.112021556796842,"distancia_":1.033,"distancia_similitud":1.033,"ext_BSI":0.1503143554330119,"ext_GLI":0.01225386296091576,"ext_MSAVI":0.10782114672253794,"ext_MSI":1.2088391860986634,"ext_NDVI":0.19234228117388597,"fid":55,"id_cand":"C055","int_BSI":0.1856820899836237,"int_GLI":0.004707705340173946,"int_MSAVI":0.05198807693394828,"int_MSI":1.2825675355871053,"int_NDVI":0.08032072437704396,"prioridad_espectral":"Muy alta","puntaje_componentes":4,"puntaje_indices":5,"radio_m":25.173858512419365,"vari":-0.017,"zona":1}},{"type":"Feature","geometry":{"type":"Polygon","coordinates":[[[-71.90079247872663,11.975293061228225],[-71.90083703484653,11.97528685049147],[-71.90087804429353,11.975268712656666],[-71.90091224271173,11.975240091497666],[-71.90093690790609,11.975203265261612],[-71.90095007652951,11.97516116531958],[-71.90095070036456,11.975117142828596],[-71.90093872975993,11.975074701979016],[-71.9009151175809,11.97503722106097],[-71.9008817433596,11.975007683552922],[-71.90084126368343,11.974988440637599],[-71.90079690073095,11.974981024048757],[-71.90075218578754,11.974986024145903],[-71.90071067815681,11.975003042921957],[-71.90067568184203,11.975030725684437],[-71.90064998254859,11.975066868888309],[-71.9006356259423,11.975108595537286],[-71.90063375481381,11.975152584191884],[-71.90064451811091,11.97519533335544],[-71.90066705908045,11.97523344019317],[-71.90069958346423,11.975263871398262],[-71.90073950232103,11.975284204643856],[-71.90078363810645,11.975292821401215],[-71.90079247872663,11.975293061228225]]]},"id":"00000000000000000006","properties":{"area_m2":944.7,"blanqueami":87.5727,"blanqueamiento":87.5727,"circularid":0.1135,"circularidad":0.1135,"comp_humedad":1,"comp_suelo":1,"comp_vegetacion":1,"comp_verdor":1,"confianza":"baja","confusor":"Vegetación irregular","coord_x":5119628.353717778,"coord_y":2881562.224755662,"cumple_BSI":1,"cumple_GLI":1,"cumple_MSAVI":1,"cumple_MSI":1,"cumple_NDVI":1,"dif_BSI":0.07762247212097312,"dif_GLI":-0.04112176341681537,"dif_MSAVI":-0.06327135615130816,"dif_MSI":0.15262033714479106,"dif_NDVI":-0.1411942193010311,"distancia_":0.296,"distancia_similitud":0.296,"ext_BSI":0.04148234579473879,"ext_GLI":0.06629749365215767,"ext_MSAVI":0.26409424428590117,"ext_MSI":0.9689223745711552,"ext_NDVI":0.48288582401468605,"fid":7,"id_cand":"C007","int_BSI":0.11910481791571191,"int_GLI":0.0251757302353423,"int_MSAVI":0.200822888134593,"int_MSI":1.1215427117159462,"int_NDVI":0.34169160471365495,"prioridad_espectral":"Muy alta","puntaje_componentes":4,"puntaje_indices":5,"radio_m":17.34091547404078,"vari":-0.0194,"zona":1}},{"type":"Feature","geometry":{"type":"Polygon","coordinates":[[[-71.90747809512128,11.964029329211732],[-71.90754006701366,11.964020690505295],[-71.90759710593228,11.9639954620286],[-71.90764467157163,11.963955651972636],[-71.90767897770499,11.963904429223446],[-71.90769729356877,11.963845871117053],[-71.9076981612298,11.963784638881892],[-71.90768151163381,11.963725606604036],[-71.90764867009861,11.963673473249905],[-71.90760225081553,11.96363238862943],[-71.90754594875841,11.963605623072777],[-71.90748424556382,11.963595307113806],[-71.90742205279516,11.963602261900975],[-71.90736432098554,11.963625933834498],[-71.90731564557889,11.963664438632504],[-71.90727990113517,11.9637147113186],[-71.90725993291612,11.963772750192277],[-71.90725733040118,11.96383393536261],[-71.90727230076209,11.96389339649051],[-71.90730365236833,11.963946400467572],[-71.90734888963782,11.963988728172318],[-71.90740441168339,11.964017010313793],[-71.90746579894359,11.964028995628906],[-71.90747809512128,11.964029329211732]]]},"id":"00000000000000000007","properties":{"area_m2":1827.7,"blanqueami":87.2417,"blanqueamiento":87.2417,"circularid":0.1189,"circularidad":0.1189,"comp_humedad":1,"comp_suelo":1,"comp_vegetacion":1,"comp_verdor":1,"confianza":"baja","confusor":"Vegetación irregular","coord_x":5118905.631767374,"coord_y":2880307.602480845,"cumple_BSI":1,"cumple_GLI":1,"cumple_MSAVI":1,"cumple_MSI":1,"cumple_NDVI":1,"dif_BSI":0.041839784360951246,"dif_GLI":-0.025671322908493048,"dif_MSAVI":-0.029646175778423017,"dif_MSI":0.08134043035867489,"dif_NDVI":-0.06849927063085254,"distancia_":0.316,"distancia_similitud":0.316,"ext_BSI":0.08148540667860077,"ext_GLI":0.0635909153264257,"ext_MSAVI":0.21114469510837852,"ext_MSI":1.0702907388181713,"ext_NDVI":0.3848808278215246,"fid":8,"id_cand":"C008","int_BSI":0.12332519103955202,"int_GLI":0.037919592417932656,"int_MSAVI":0.1814985193299555,"int_MSI":1.1516311691768462,"int_NDVI":0.31638155719067207,"prioridad_espectral":"Muy alta","puntaje_componentes":4,"puntaje_indices":5,"radio_m":24.120012002030894,"vari":-0.0199,"zona":1}},{"type":"Feature","geometry":{"type":"Polygon","coordinates":[[[-71.91818845916673,11.975926716282379],[-71.9182382180853,11.975919780336397],[-71.91828401618679,11.975899524600774],[-71.91832220793738,11.975867561434804],[-71.9183497532726,11.975826435110104],[-71.91836445958668,11.975779419285468],[-71.91836515626328,11.97573025642258],[-71.91835178785436,11.975682859885424],[-71.91832541849168,11.975641002436491],[-71.91828814717988,11.975608015925449],[-71.91824294071462,11.975586526074954],[-71.91819339752593,11.97557824347422],[-71.91814346124458,11.975583827417074],[-71.91809710679131,11.975602833422471],[-71.91805802397536,11.975633748614994],[-71.91802932378732,11.97567411214888],[-71.91801329076476,11.975720711090265],[-71.91801120114219,11.97576983616561],[-71.91802322126107,11.975817577019226],[-71.91804839432646,11.975860133477472],[-71.91808471656613,11.975894118043103],[-71.91812929672945,11.975916825541049],[-71.91817858623116,11.975926448451485],[-71.91818845916673,11.975926716282379]]]},"id":"0000000000000000001c","properties":{"area_m2":1178.2,"blanqueami":105.993,"blanqueamiento":105.993,"circularid":0.1598,"circularidad":0.1598,"comp_humedad":1,"comp_suelo":1,"comp_vegetacion":1,"comp_verdor":1,"confianza":"baja","confusor":"Vegetación irregular","coord_x":5117734.758656778,"coord_y":2881622.840583106,"cumple_BSI":1,"cumple_GLI":1,"cumple_MSAVI":1,"cumple_MSI":1,"cumple_NDVI":1,"dif_BSI":0.04011157070851322,"dif_GLI":-0.02885499804799878,"dif_MSAVI":-0.061017473840663305,"dif_MSI":0.05562527787727234,"dif_NDVI":-0.11280108848628889,"distancia_":0.68,"distancia_similitud":0.68,"ext_BSI":-0.01542284021518038,"ext_GLI":0.09508310894796929,"ext_MSAVI":0.27782998446800977,"ext_MSI":0.8513993919822365,"ext_NDVI":0.4969409813207027,"fid":29,"id_cand":"C029","int_BSI":0.024688730493332835,"int_GLI":0.06622811089997051,"int_MSAVI":0.21681251062734647,"int_MSI":0.9070246698595088,"int_NDVI":0.3841398928344138,"prioridad_espectral":"Muy alta","puntaje_componentes":4,"puntaje_indices":5,"radio_m":19.365761227014605,"vari":6.0E-4,"zona":1}},{"type":"Feature","geometry":{"type":"Polygon","coordinates":[[[-71.91351262132908,11.966137418723733],[-71.91360957181365,11.966123904199648],[-71.9136988050125,11.966084436387378],[-71.91377321794425,11.966022156935182],[-71.91382688733519,11.965942023301125],[-71.91385554111307,11.96585041413518],[-71.91385689846064,11.965754621534696],[-71.91383085136134,11.96566227059106],[-71.91377947318858,11.965580712432288],[-71.91370685365763,11.965516439075444],[-71.91361877328033,11.96547456666596],[-71.91352224323722,11.965458428236742],[-71.91342494729302,11.965469308402161],[-71.91333463017733,11.965506341104168],[-71.91325848111269,11.965566578549563],[-71.91320256155875,11.96564522585123],[-71.91317132272182,11.965736022696932],[-71.91316725123589,11.965831741666129],[-71.91319067121944,11.965924763530024],[-71.91323971846684,11.966007683741815],[-71.91331048883131,11.966073901840645],[-71.91339734899059,11.966118146852011],[-71.91349338485976,11.966136896861665],[-71.91351262132908,11.966137418723733]]]},"id":"00000000000000000033","properties":{"area_m2":4473.1,"blanqueami":80.9187,"blanqueamiento":80.9187,"circularid":0.1384,"circularidad":0.1384,"comp_humedad":1,"comp_suelo":1,"comp_vegetacion":1,"comp_verdor":1,"confianza":"baja","confusor":"Vegetación irregular","coord_x":5118248.259389366,"coord_y":2880524.385679424,"cumple_BSI":1,"cumple_GLI":1,"cumple_MSAVI":1,"cumple_MSI":1,"cumple_NDVI":1,"dif_BSI":0.056782522315168116,"dif_GLI":-0.025308165688550224,"dif_MSAVI":-0.05400577699704093,"dif_MSI":0.13255032425099444,"dif_NDVI":-0.12454940635910011,"distancia_":0.993,"distancia_similitud":0.993,"ext_BSI":0.12174285254755796,"ext_GLI":0.02655943807590891,"ext_MSAVI":0.20387955451214687,"ext_MSI":1.1809003257792048,"ext_NDVI":0.39733665562579223,"fid":52,"id_cand":"C052","int_BSI":0.17852537486272607,"int_GLI":0.001251272387358684,"int_MSAVI":0.14987377751510594,"int_MSI":1.3134506500301992,"int_NDVI":0.2727872492666921,"prioridad_espectral":"Muy alta","puntaje_componentes":4,"puntaje_indices":5,"radio_m":37.73369782950929,"vari":-0.0367,"zona":1}},{"type":"Feature","geometry":{"type":"Polygon","coordinates":[[[-71.93834136155026,11.940894153614753],[-71.93838684539335,11.940887812755145],[-71.93842870871654,11.940869294909598],[-71.93846361919523,11.940840074100903],[-71.93848879795434,11.940802476308436],[-71.93850224076714,11.940759494319261],[-71.93850287759085,11.940714549501424],[-71.93849065774056,11.940671219462507],[-71.93846655392166,11.940632953272047],[-71.93843248480094,11.94060279691609],[-71.93839116227979,11.940583150837545],[-71.93834587562706,11.940575578861868],[-71.93830022965443,11.940580683717315],[-71.93825785777526,11.940598059058082],[-71.93822213278679,11.940626321809209],[-71.9381958983968,11.940663222258681],[-71.93818124286487,11.940705823133571],[-71.93817933277631,11.940750733406079],[-71.93819032018038,11.940794378218765],[-71.9382133304852,11.940833283443125],[-71.93824653207362,11.940864352220666],[-71.93828728209891,11.940885111473655],[-71.93833233685551,11.940893908763062],[-71.93834136155026,11.940894153614753]]]},"id":"00000000000000000044","properties":{"area_m2":984.7,"blanqueami":91.7027,"blanqueamiento":91.7027,"circularid":0.0945,"circularidad":0.0945,"comp_humedad":1,"comp_suelo":1,"comp_vegetacion":1,"comp_verdor":1,"confianza":"baja","confusor":"Vegetación irregular","coord_x":5115556.274859558,"coord_y":2877742.9372668364,"cumple_BSI":1,"cumple_GLI":1,"cumple_MSAVI":1,"cumple_MSI":1,"cumple_NDVI":1,"dif_BSI":0.029826641538021392,"dif_GLI":-0.012436025966834297,"dif_MSAVI":-0.04356048136242427,"dif_MSI":0.08857951546200482,"dif_NDVI":-0.078697334920908,"distancia_":1.165,"distancia_similitud":1.165,"ext_BSI":0.15409411736478246,"ext_GLI":0.03119799605563968,"ext_MSAVI":0.16682582097144233,"ext_MSI":1.2550906569723732,"ext_NDVI":0.3024868923162265,"fid":69,"id_cand":"C069","int_BSI":0.18392075890280385,"int_GLI":0.018761970088805383,"int_MSAVI":0.12326533960901806,"int_MSI":1.343670172434378,"int_NDVI":0.2237895573953185,"prioridad_espectral":"Muy alta","puntaje_componentes":4,"puntaje_indices":5,"radio_m":17.704229577284032,"vari":-0.043,"zona":1}},{"type":"Feature","geometry":{"type":"Polygon","coordinates":[[[-71.98909718845246,11.947657097676215],[-71.989175375113,11.947646198015162],[-71.98924733809774,11.94761436664754],[-71.9893073491409,11.947564137356965],[-71.98935063136062,11.947499508403844],[-71.98937373949957,11.947425624261093],[-71.98937483416509,11.94734836611151],[-71.9893538282402,11.947273883704044],[-71.9893123938123,11.947208105833724],[-71.98925382907011,11.947156268410989],[-71.98918279576529,11.947122497685749],[-71.98910494813752,11.94710948180066],[-71.98902648284063,11.947118256817186],[-71.9889536456944,11.947148124246047],[-71.9888922345227,11.94719670664631],[-71.98884713765099,11.947260136867708],[-71.98882194479667,11.947333365873055],[-71.98881866132554,11.947410564638957],[-71.98883754862027,11.947485588144396],[-71.98887710326845,11.947552464514164],[-71.98893417672926,11.947605870381429],[-71.98900422595439,11.947641554630176],[-71.98908167501497,11.947656676786838],[-71.98909718845246,11.947657097676215]]]},"id":"00000000000000000046","properties":{"area_m2":2909.6,"blanqueami":81.2876,"blanqueamiento":81.2876,"circularid":0.0648,"circularidad":0.0648,"comp_humedad":1,"comp_suelo":1,"comp_vegetacion":1,"comp_verdor":1,"confianza":"baja","confusor":"Vegetación irregular","coord_x":5110028.686191523,"coord_y":2878457.587517609,"cumple_BSI":1,"cumple_GLI":1,"cumple_MSAVI":1,"cumple_MSI":1,"cumple_NDVI":1,"dif_BSI":0.035238558367816475,"dif_GLI":-0.02151704917040755,"dif_MSAVI":-0.023218565074711345,"dif_MSI":0.08734362491426317,"dif_NDVI":-0.06386431275698895,"distancia_":1.18,"distancia_similitud":1.18,"ext_BSI":0.13542201920180766,"ext_GLI":0.039692106928913735,"ext_MSAVI":0.19289915891477344,"ext_MSI":1.237696442207612,"ext_NDVI":0.40717435397262874,"fid":71,"id_cand":"C071","int_BSI":0.17066057756962413,"int_GLI":0.018175057758506186,"int_MSAVI":0.1696805938400621,"int_MSI":1.3250400671218752,"int_NDVI":0.3433100412156398,"prioridad_espectral":"Muy alta","puntaje_componentes":4,"puntaje_indices":5,"radio_m":30.432785689784584,"vari":-0.0419,"zona":1}},{"type":"Feature","geometry":{"type":"Polygon","coordinates":[[[-71.98553777389775,11.942135285785998],[-71.98559814016497,11.9421268702186],[-71.98565370126681,11.94210229339706],[-71.98570003453231,11.942063511640402],[-71.98573345183188,11.942013611981745],[-71.9857512931528,11.94195656643883],[-71.98575213833502,11.941896915839873],[-71.98573592011299,11.941839408372703],[-71.98570392946658,11.941788621628952],[-71.98565871285616,11.94174859822864],[-71.98560386952286,11.941722524029103],[-71.9855437649892,11.941712474532407],[-71.98548318356575,11.941719249676712],[-71.98542694752314,11.941742310161741],[-71.98537953324269,11.941779820376704],[-71.98534471489882,11.94182879451373],[-71.98532526403552,11.941885334236538],[-71.98532272895024,11.941944938986428],[-71.98533731144667,11.942002864225755],[-71.9853678507678,11.94205449910298],[-71.98541191598912,11.942095733477233],[-71.98546599951854,11.94212328508697],[-71.9855257963008,11.942134960819661],[-71.98553777389775,11.942135285785998]]]},"id":"0000000000000000005e","properties":{"area_m2":1734.5,"blanqueami":95.117,"blanqueamiento":95.117,"circularid":0.1002,"circularidad":0.1002,"comp_humedad":1,"comp_suelo":1,"comp_vegetacion":1,"comp_verdor":1,"confianza":"baja","confusor":"Vegetación irregular","coord_x":5110417.917504813,"coord_y":2877855.3075551856,"cumple_BSI":1,"cumple_GLI":1,"cumple_MSAVI":1,"cumple_MSI":1,"cumple_NDVI":1,"dif_BSI":0.0530253576888072,"dif_GLI":-0.02086201307355688,"dif_MSAVI":-0.029623260565382475,"dif_MSI":0.15155077102148584,"dif_NDVI":-0.08944954593000415,"distancia_":1.537,"distancia_similitud":1.537,"ext_BSI":0.14885512134264522,"ext_GLI":0.025599851568535777,"ext_MSAVI":0.19457908219267486,"ext_MSI":1.2765063617529693,"ext_NDVI":0.4073856513568784,"fid":95,"id_cand":"C095","int_BSI":0.20188047903145243,"int_GLI":0.004737838494978894,"int_MSAVI":0.1649558216272924,"int_MSI":1.4280571327744551,"int_NDVI":0.3179361054268742,"prioridad_espectral":"Muy alta","puntaje_componentes":4,"puntaje_indices":5,"radio_m":23.496989117454707,"vari":-0.0525,"zona":1}},{"type":"Feature","geometry":{"type":"Polygon","coordinates":[[[-71.91204680488968,11.966463834279853],[-71.91209883701589,11.966456581214958],[-71.91214672737702,11.966435399365352],[-71.91218666389494,11.966401974809251],[-71.91221546762158,11.966358968145268],[-71.91223084578353,11.966309802707515],[-71.91223157428585,11.96625839206706],[-71.91221759514795,11.966208828511],[-71.91219002111617,11.966165057296353],[-71.91215104708711,11.96613056260824],[-71.91210377539267,11.966108090219867],[-71.91205196885468,11.966099428930209],[-71.91199975126591,11.966105268176603],[-71.91195127913844,11.966125143155935],[-71.91191041084792,11.966157471822694],[-71.91188039950856,11.966199680818903],[-71.91186363402583,11.966248410312208],[-71.91186144893864,11.966299781437352],[-71.91187401818804,11.966349705053101],[-71.911900341269,11.966394207237792],[-71.91193832286837,11.966429745614066],[-71.91198493965044,11.96645349132319],[-71.91203648091471,11.966463554203443],[-71.91204680488968,11.966463834279853]]]},"id":"00000000000000000071","properties":{"area_m2":1288.4,"blanqueami":100.4404,"blanqueamiento":100.4404,"circularid":0.0886,"circularidad":0.0886,"comp_humedad":1,"comp_suelo":1,"comp_vegetacion":1,"comp_verdor":1,"confianza":"baja","confusor":"Vegetación irregular","coord_x":5118407.522262668,"coord_y":2880578.448493473,"cumple_BSI":1,"cumple_GLI":1,"cumple_MSAVI":1,"cumple_MSI":1,"cumple_NDVI":1,"dif_BSI":0.05375415602083586,"dif_GLI":-0.035735209301491294,"dif_MSAVI":-0.053991683156713655,"dif_MSI":0.10940789177286625,"dif_NDVI":-0.12172293771637682,"distancia_":1.736,"distancia_similitud":1.736,"ext_BSI":0.12929970091635024,"ext_GLI":0.02740816929750451,"ext_MSAVI":0.22609355774232123,"ext_MSI":1.1884103317250871,"ext_NDVI":0.3900975691001928,"fid":114,"id_cand":"C114","int_BSI":0.1830538569371861,"int_GLI":-0.008327040003986787,"int_MSAVI":0.17210187458560758,"int_MSI":1.2978182234979534,"int_NDVI":0.26837463138381595,"prioridad_espectral":"Muy alta","puntaje_componentes":4,"puntaje_indices":5,"radio_m":20.251184097706386,"vari":-0.0572,"zona":1}},{"type":"Feature","geometry":{"type":"Polygon","coordinates":[[[-71.9822926508272,11.94905999675011],[-71.98236430951856,11.94905000717737],[-71.98243026416327,11.949020833631243],[-71.98248526476138,11.948974798331678],[-71.98252493326292,11.948915565695982],[-71.98254611206134,11.948847850648884],[-71.98254711533704,11.948777043312354],[-71.98252786324475,11.948708779950595],[-71.98248988826428,11.94864849432333],[-71.98243621321099,11.948600985159736],[-71.98237111061759,11.94857003418172],[-71.98229976264096,11.948558105081199],[-71.9822278485655,11.948566147412055],[-71.98216109273658,11.948593521006469],[-71.98210480890731,11.948638046931698],[-71.98206347726729,11.948696180931494],[-71.98204038782045,11.948763295546549],[-71.98203737849904,11.94883404845807],[-71.98205468886044,11.948902807734934],[-71.98209094101357,11.94896410013519],[-71.98214324929472,11.949013046777228],[-71.98220744996404,11.949045751500794],[-71.98227843263938,11.949059611003705],[-71.9822926508272,11.94905999675011]]]},"id":"00000000000000000075","properties":{"area_m2":2444.0,"blanqueami":102.16,"blanqueamiento":102.16,"circularid":0.0707,"circularidad":0.0707,"comp_humedad":1,"comp_suelo":1,"comp_vegetacion":1,"comp_verdor":1,"confianza":"baja","confusor":"Vegetación irregular","coord_x":5110768.387927993,"coord_y":2878617.5888344278,"cumple_BSI":1,"cumple_GLI":1,"cumple_MSAVI":1,"cumple_MSI":1,"cumple_NDVI":1,"dif_BSI":0.031485368805812736,"dif_GLI":-0.018796849583656832,"dif_MSAVI":-0.03337531005189143,"dif_MSI":0.056922181873297895,"dif_NDVI":-0.10638303608843946,"distancia_":1.784,"distancia_similitud":1.784,"ext_BSI":0.15535979694744662,"ext_GLI":0.027840011874587997,"ext_MSAVI":0.1871704494079243,"ext_MSI":1.2880097462665978,"ext_NDVI":0.3942209552219296,"fid":118,"id_cand":"C118","int_BSI":0.18684516575325935,"int_GLI":0.009043162290931165,"int_MSAVI":0.15379513935603287,"int_MSI":1.3449319281398957,"int_NDVI":0.28783791913349016,"prioridad_espectral":"Muy alta","puntaje_componentes":4,"puntaje_indices":5,"radio_m":27.891743614073043,"vari":-0.0583,"zona":1}},{"type":"Feature","geometry":{"type":"Polygon","coordinates":[[[-71.9222422532423,11.964584584767762],[-71.92230031624902,11.964576490965966],[-71.92235375743066,11.964552853828584],[-71.92239832286245,11.964515554875483],[-71.92243046513444,11.964467563108233],[-71.92244762572587,11.964412698676062],[-71.92244843866203,11.964355328790548],[-71.92243283924337,11.964300020094718],[-71.92240206919234,11.964251175158209],[-71.92235857780955,11.964212682033537],[-71.92230582700806,11.96418760476848],[-71.92224801574541,11.964177939509435],[-71.92218974578851,11.964184455609374],[-71.92213565541606,11.964206634387859],[-71.92209005021456,11.964242710417665],[-71.92205656035597,11.964289812051677],[-71.9220378516365,11.964344190004478],[-71.92203541327838,11.964401515794037],[-71.92204943938498,11.964457226287907],[-71.92207881348722,11.964506886928474],[-71.92212119741163,11.964546544724445],[-71.92217321739737,11.9645730429103],[-71.92223073264773,11.964584272226375],[-71.9222422532423,11.964584584767762]]]},"id":"000000000000000000b6","properties":{"area_m2":1604.4,"blanqueami":119.3289,"blanqueamiento":119.3289,"circularid":0.0824,"circularidad":0.0824,"comp_humedad":1,"comp_suelo":1,"comp_vegetacion":1,"comp_verdor":1,"confianza":"baja","confusor":"Vegetación irregular","coord_x":5117298.320997912,"coord_y":2880363.8148830663,"cumple_BSI":1,"cumple_GLI":1,"cumple_MSAVI":1,"cumple_MSI":1,"cumple_NDVI":1,"dif_BSI":0.06001234064951855,"dif_GLI":-0.024130041078793227,"dif_MSAVI":-0.070577942603512,"dif_MSI":0.09070309240139651,"dif_NDVI":-0.21252167000498212,"distancia_":2.51,"distancia_similitud":2.51,"ext_BSI":0.12100796552397375,"ext_GLI":0.02883099288912785,"ext_MSAVI":0.20824304858119141,"ext_MSI":1.1925482626883825,"ext_NDVI":0.4330645310574263,"fid":183,"id_cand":"C183","int_BSI":0.1810203061734923,"int_GLI":0.004700951810334623,"int_MSAVI":0.13766510597767942,"int_MSI":1.283251355089779,"int_NDVI":0.2205428610524442,"prioridad_espectral":"Muy alta","puntaje_componentes":4,"puntaje_indices":5,"radio_m":22.59859246486988,"vari":-0.0738,"zona":1}},{"type":"Feature","geometry":{"type":"Polygon","coordinates":[[[-71.94075879899694,11.951526168943088],[-71.94087202816614,11.951510384377153],[-71.94097624425645,11.95146428713607],[-71.94106315164157,11.951391546574383],[-71.94112583248773,11.951297952859454],[-71.94115929741494,11.951190956068272],[-71.94116088264697,11.95107907315598],[-71.9411304620379,11.950971210002917],[-71.94107045710132,11.950875952506392],[-71.94098564424749,11.950800883146279],[-71.94088277457575,11.950751977424872],[-71.94077003648816,11.950733128222764],[-71.94065640390006,11.950745835930176],[-71.94055092192797,11.950789089017858],[-71.94046198690975,11.950859444553478],[-71.94039667806483,11.95095130225485],[-71.94036019399067,11.951057350266629],[-71.94035543885029,11.951169147178485],[-71.94038279119128,11.951277793957798],[-71.94044007380147,11.951374642312182],[-71.94052272700429,11.951451983096264],[-71.94062417160309,11.95150365996479],[-71.9407363325857,11.951525559423569],[-71.94075879899694,11.951526168943088]]]},"id":"000000000000000000cd","properties":{"area_m2":6102.0,"blanqueami":104.2909,"blanqueamiento":104.2909,"circularid":0.0795,"circularidad":0.0795,"comp_humedad":1,"comp_suelo":1,"comp_vegetacion":1,"comp_verdor":1,"confianza":"baja","confusor":"Vegetación irregular","coord_x":5115288.854610111,"coord_y":2878891.1684909766,"cumple_BSI":1,"cumple_GLI":1,"cumple_MSAVI":1,"cumple_MSI":1,"cumple_NDVI":1,"dif_BSI":0.02916264301746807,"dif_GLI":-0.0054742736722136615,"dif_MSAVI":-0.04821878637983888,"dif_MSI":0.04409595740327732,"dif_NDVI":-0.12157392854115001,"distancia_":2.839,"distancia_similitud":2.839,"ext_BSI":0.18625533026076402,"ext_GLI":0.0036419521473458837,"ext_MSAVI":0.17288407821137763,"ext_MSI":1.3546119538151418,"ext_NDVI":0.3114729405034801,"fid":206,"id_cand":"C206","int_BSI":0.2154179732782321,"int_GLI":-0.0018323215248677782,"int_MSAVI":0.12466529183153875,"int_MSI":1.398707911218419,"int_NDVI":0.1898990119623301,"prioridad_espectral":"Muy alta","puntaje_componentes":4,"puntaje_indices":5,"radio_m":44.07183823592443,"vari":-0.0853,"zona":1}},{"type":"Feature","geometry":{"type":"Polygon","coordinates":[[[-71.97702023283951,11.929777727438962],[-71.97707512271299,11.92977007497877],[-71.97712564334385,11.929747726735258],[-71.97716777328391,11.929712461631933],[-71.97719815898851,11.929667086775396],[-71.97721438175923,11.929615214008276],[-71.97721515027096,11.92956097240532],[-71.97720040335925,11.929508679598245],[-71.97717131488604,11.929462498092223],[-71.97713020029782,11.929426103931178],[-71.97708033231497,11.92940239408593],[-71.97702568042328,11.929393255856677],[-71.97697059490484,11.929399416645001],[-71.97691946055808,11.929420386053152],[-71.97687634767065,11.92945449491939],[-71.97684468802652,11.929499028182297],[-71.97682700173651,11.929550440998288],[-71.97682469663648,11.929604640909892],[-71.97683795622143,11.92965731360451],[-71.97686572503642,11.929704266333596],[-71.97690579268827,11.929741761656079],[-71.97695496979148,11.929766814939864],[-71.97700934184347,11.929777431939941],[-71.97702023283951,11.929777727438962]]]},"id":"000000000000000000d6","properties":{"area_m2":1434.2,"blanqueami":110.7766,"blanqueamiento":110.7766,"circularid":0.1009,"circularidad":0.1009,"comp_humedad":1,"comp_suelo":1,"comp_vegetacion":1,"comp_verdor":1,"confianza":"baja","confusor":"Vegetación irregular","coord_x":5111350.1640711455,"coord_y":2876494.657297774,"cumple_BSI":1,"cumple_GLI":1,"cumple_MSAVI":1,"cumple_MSI":1,"cumple_NDVI":1,"dif_BSI":0.025018639193043146,"dif_GLI":-0.01603193566709798,"dif_MSAVI":-0.031615104772353214,"dif_MSI":0.058130251220820606,"dif_NDVI":-0.08843866311704457,"distancia_":3.219,"distancia_similitud":3.219,"ext_BSI":0.22505367088342315,"ext_GLI":-0.017015061386617566,"ext_MSAVI":0.17573264673734246,"ext_MSI":1.4671013016505814,"ext_NDVI":0.315063172897433,"fid":215,"id_cand":"C215","int_BSI":0.2500723100764663,"int_GLI":-0.03304699705371555,"int_MSAVI":0.14411754196498924,"int_MSI":1.525231552871402,"int_NDVI":0.22662450978038845,"prioridad_espectral":"Muy alta","puntaje_componentes":4,"puntaje_indices":5,"radio_m":21.366329557619217,"vari":-0.0943,"zona":1}},{"type":"Feature","geometry":{"type":"Polygon","coordinates":[[[-72.05431989769315,12.025511758300837],[-72.05439437006234,12.025501379428048],[-72.05446291441481,12.025471068970244],[-72.05452007460904,12.025423239646036],[-72.05456130069095,12.025361698677733],[-72.05458331107116,12.025291344733942],[-72.05458435373728,12.02521777799318],[-72.05456434570988,12.025146854368236],[-72.05452487964234,12.025084219375453],[-72.0544690970412,12.025034858752917],[-72.0544014381998,12.025002701598023],[-72.0543272887516,12.024990307613843],[-72.05425255097678,12.024998663358787],[-72.05418317398593,12.025027103717418],[-72.0541246801757,12.025073364843037],[-72.0540817256499,12.025133764358072],[-72.0540577295946,12.025203494468823],[-72.0540546021092,12.025277004663431],[-72.05407259215825,12.025348443531096],[-72.0541102677487,12.025412124534139],[-72.05416462991192,12.02546297865759],[-72.05423135141899,12.025496957905037],[-72.05430512122828,12.02551135752165],[-72.05431989769315,12.025511758300837]]]},"id":"000000000000000000ce","properties":{"area_m2":2638.2,"blanqueami":99.3087,"blanqueamiento":99.3087,"circularid":0.0641,"circularidad":0.0641,"comp_humedad":1,"comp_suelo":1,"comp_vegetacion":1,"comp_verdor":1,"confianza":"baja","confusor":"Erosión","coord_x":5102899.5358347455,"coord_y":2887040.3423086237,"cumple_BSI":1,"cumple_GLI":1,"cumple_MSAVI":1,"cumple_MSI":1,"cumple_NDVI":1,"dif_BSI":0.048034584201760544,"dif_GLI":-0.015654321018583897,"dif_MSAVI":-0.04244034226937879,"dif_MSI":0.12245585340144727,"dif_NDVI":-0.10740365419190348,"distancia_":2.845,"distancia_similitud":2.845,"ext_BSI":0.1890116336082338,"ext_GLI":0.021164439059304662,"ext_MSAVI":0.18757000010348776,"ext_MSI":1.344020744687657,"ext_NDVI":0.33151236339570467,"fid":207,"id_cand":"C207","int_BSI":0.23704621780999435,"int_GLI":0.005510118040720767,"int_MSAVI":0.14512965783410897,"int_MSI":1.4664765980891044,"int_NDVI":0.2241087092038012,"prioridad_espectral":"Muy alta","puntaje_componentes":4,"puntaje_indices":5,"radio_m":28.978701519048027,"vari":-0.0858,"zona":2}},{"type":"Feature","geometry":{"type":"Polygon","coordinates":[[[-72.03739109886321,12.019246903542417],[-72.03743819421193,12.019240339929052],[-72.03748154076443,12.019221171553497],[-72.03751768813073,12.019190924220911],[-72.03754375897941,12.019152005622207],[-72.03755767807363,12.019107513680854],[-72.03755833745902,12.019060989957216],[-72.0375456846552,12.019016137739786],[-72.03752072683116,12.018976527263389],[-72.03748545063267,12.018945311519014],[-72.03744266404446,12.018924975276652],[-72.03739577287483,12.018917137298615],[-72.03734850965454,12.018922421486863],[-72.03730463652937,12.018940407220752],[-72.03726764579542,12.018969662838206],[-72.03724048191368,12.019007859595282],[-72.0372253071315,12.019051957033195],[-72.03722332936684,12.019098444997868],[-72.03723470605648,12.019143623047585],[-72.03725853162186,12.019183895008071],[-72.03729290955133,12.01921605522842],[-72.03733510336139,12.019237543751816],[-72.03738175442092,12.019246650089109],[-72.03739109886321,12.019246903542417]]]},"id":"00000000000000000041","properties":{"area_m2":1055.1,"blanqueami":85.9559,"blanqueamiento":85.9559,"circularid":0.0646,"circularidad":0.0646,"comp_humedad":1,"comp_suelo":1,"comp_vegetacion":1,"comp_verdor":1,"confianza":"baja","confusor":"Vegetación irregular","coord_x":5104743.800301573,"coord_y":2886364.6400897587,"cumple_BSI":1,"cumple_GLI":1,"cumple_MSAVI":1,"cumple_MSI":1,"cumple_NDVI":1,"dif_BSI":0.035132083582609386,"dif_GLI":-0.01630659542287365,"dif_MSAVI":-0.048545895123397464,"dif_MSI":0.05327351931130053,"dif_NDVI":-0.14668087324168366,"distancia_":1.145,"distancia_similitud":1.145,"ext_BSI":0.14692663415983886,"ext_GLI":0.04006613176696479,"ext_MSAVI":0.18950969718265254,"ext_MSI":1.261685429200981,"ext_NDVI":0.39095242568378447,"fid":66,"id_cand":"C066","int_BSI":0.18205871774244825,"int_GLI":0.02375953634409114,"int_MSAVI":0.14096380205925507,"int_MSI":1.3149589485122815,"int_NDVI":0.2442715524421008,"prioridad_espectral":"Muy alta","puntaje_componentes":4,"puntaje_indices":5,"radio_m":18.326176931169183,"vari":-0.042,"zona":2}},{"type":"Feature","geometry":{"type":"Polygon","coordinates":[[[-72.03950133089927,11.978607885638647],[-72.03957767025575,11.978597244720437],[-72.0396479329826,11.978566168985292],[-72.03970652615513,11.978517132068186],[-72.03974878575411,11.978454037316206],[-72.03977134792247,11.978381907079493],[-72.03977241672615,11.978306482929694],[-72.03975190710595,11.97823376862937],[-72.03971145164275,11.978169552232423],[-72.03965427059929,11.97811894535637],[-72.03958491558485,11.978085976300006],[-72.03950890724778,11.978073269393446],[-72.0394322958351,11.978081836103609],[-72.03936117959815,11.9781109945223],[-72.03930121937708,11.978158423645523],[-72.03925718800184,11.978220348123465],[-72.03923259037595,11.978291838775746],[-72.03922938448446,11.978367204951635],[-72.03924782553383,11.978440447504246],[-72.0392864456321,11.978505736322404],[-72.03934217062819,11.978557874408729],[-72.03941056481163,11.978592711562968],[-72.03948618399536,11.9786074747406],[-72.03950133089927,11.978607885638647]]]},"id":"00000000000000000058","properties":{"area_m2":2773.1,"blanqueami":83.6259,"blanqueamiento":83.6259,"circularid":0.077,"circularidad":0.077,"comp_humedad":1,"comp_suelo":1,"comp_vegetacion":1,"comp_verdor":1,"confianza":"baja","confusor":"Vegetación irregular","coord_x":5104530.045183623,"coord_y":2881859.933884462,"cumple_BSI":1,"cumple_GLI":1,"cumple_MSAVI":1,"cumple_MSI":1,"cumple_NDVI":1,"dif_BSI":0.03361420217057856,"dif_GLI":-0.014165236011246484,"dif_MSAVI":-0.04006267171066791,"dif_MSI":0.06165168130406795,"dif_NDVI":-0.11485970489014019,"distancia_":1.457,"distancia_similitud":1.457,"ext_BSI":0.15890280517400485,"ext_GLI":0.04382751265837853,"ext_MSAVI":0.18286792149953648,"ext_MSI":1.3004224754122142,"ext_NDVI":0.3748461255688987,"fid":89,"id_cand":"C089","int_BSI":0.1925170073445834,"int_GLI":0.029662276647132047,"int_MSAVI":0.14280524978886858,"int_MSI":1.3620741567162822,"int_NDVI":0.2599864206787585,"prioridad_espectral":"Muy alta","puntaje_componentes":4,"puntaje_indices":5,"radio_m":29.710354177900168,"vari":-0.0497,"zona":2}},{"type":"Feature","geometry":{"type":"Polygon","coordinates":[[[-72.03183134628793,11.979471650307758],[-72.03188491717991,11.979464183104584],[-72.03193422382057,11.979442375885618],[-72.03197534139561,11.97940796450867],[-72.03200499694472,11.979363688123522],[-72.03202082988963,11.979313071134316],[-72.03202157993513,11.979260142655756],[-72.03200718738621,11.979209115794854],[-72.03197879789721,11.979164052287572],[-72.03193867127534,11.979128539185302],[-72.03189000159884,11.979105403326784],[-72.03183666296862,11.979096486323018],[-72.03178290113146,11.979102497966103],[-72.03173299552118,11.979122959730203],[-72.03169091861831,11.979156242861919],[-72.03166001974249,11.979199698028095],[-72.03164275844725,11.97924986620148],[-72.03164050873858,11.979302753998027],[-72.0316534497019,11.979354151549483],[-72.03168055124422,11.979399967608783],[-72.03171965608708,11.979436555213947],[-72.03176765148459,11.979461001987367],[-72.03182071699813,11.979471361962416],[-72.03183134628793,11.979471650307758]]]},"id":"0000000000000000006c","properties":{"area_m2":1365.6,"blanqueami":85.3019,"blanqueamiento":85.3019,"circularid":0.0772,"circularidad":0.0772,"comp_humedad":1,"comp_suelo":1,"comp_vegetacion":1,"comp_verdor":1,"confianza":"baja","confusor":"Vegetación irregular","coord_x":5105364.378841044,"coord_y":2881967.41324902,"cumple_BSI":1,"cumple_GLI":1,"cumple_MSAVI":1,"cumple_MSI":1,"cumple_NDVI":1,"dif_BSI":0.03329312931590539,"dif_GLI":-0.01724660650071555,"dif_MSAVI":-0.03579787488462935,"dif_MSI":0.05793070482830598,"dif_NDVI":-0.09852780611298251,"distancia_":1.691,"distancia_similitud":1.691,"ext_BSI":0.16523975468145793,"ext_GLI":0.041771274140640226,"ext_MSAVI":0.17452098123404533,"ext_MSI":1.3005129907909958,"ext_NDVI":0.33921869335263205,"fid":109,"id_cand":"C109","int_BSI":0.19853288399736332,"int_GLI":0.024524667639924676,"int_MSAVI":0.13872310634941598,"int_MSI":1.3584436956193018,"int_NDVI":0.24069088723964954,"prioridad_espectral":"Muy alta","puntaje_componentes":4,"puntaje_indices":5,"radio_m":20.849076252260783,"vari":-0.056,"zona":2}},{"type":"Feature","geometry":{"type":"Polygon","coordinates":[[[-72.16501001516598,11.830902251609142],[-72.16505783010247,11.830895583079931],[-72.16510183896347,11.83087610830815],[-72.16513853863914,11.830845377488131],[-72.16516500783428,11.830805836796447],[-72.16517913960364,11.830760633675206],[-72.16517980906404,11.830713366294724],[-72.16516696293323,11.830667797138581],[-72.16514162376907,11.830627553509894],[-72.1651058085721,11.830595838798535],[-72.16506236823129,11.830575177492209],[-72.16501476059359,11.830567214228282],[-72.16496677522053,11.830572582881455],[-72.16492223174119,11.830590856107687],[-72.16488467581169,11.830620579360545],[-72.16485709688266,11.830659386672364],[-72.16484169023919,11.830704188984242],[-72.16483968225553,11.830751420034172],[-72.16485123277396,11.830797320230852],[-72.16487542237924,11.830838235917083],[-72.1649103255822,11.830870910201353],[-72.16495316408756,11.830892742207299],[-72.1650005279464,11.830901994104524],[-72.16501001516598,11.830902251609142]]]},"id":"000000000000000000b9","properties":{"area_m2":1089.1,"blanqueami":106.8081,"blanqueamiento":106.8081,"circularid":0.1012,"circularidad":0.1012,"comp_humedad":1,"comp_suelo":1,"comp_vegetacion":1,"comp_verdor":1,"confianza":"media","confusor":"Vegetación irregular","coord_x":5090919.148548979,"coord_y":2865498.625885018,"cumple_BSI":1,"cumple_GLI":1,"cumple_MSAVI":1,"cumple_MSI":1,"cumple_NDVI":1,"dif_BSI":0.03084873934777657,"dif_GLI":-0.008166884552606184,"dif_MSAVI":-0.026628551544658097,"dif_MSI":0.09000224478774976,"dif_NDVI":-0.08123575677240735,"distancia_":2.553,"distancia_similitud":2.553,"ext_BSI":0.20373771843820518,"ext_GLI":0.018169904272398674,"ext_MSAVI":0.18192910118900954,"ext_MSI":1.4378507836640617,"ext_NDVI":0.35717246748604464,"fid":186,"id_cand":"C186","int_BSI":0.23458645778598175,"int_GLI":0.01000301971979249,"int_MSAVI":0.15530054964435144,"int_MSI":1.5278530284518115,"int_NDVI":0.2759367107136373,"prioridad_espectral":"Muy alta","puntaje_componentes":4,"puntaje_indices":5,"radio_m":18.619111070154943,"vari":-0.0776,"zona":0}},{"type":"Feature","geometry":{"type":"Polygon","coordinates":[[[-71.92131573246668,11.966134066412558],[-71.92143261756162,11.966117773076087],[-71.92154019856348,11.966070190021886],[-71.92162991199736,11.965995104876178],[-71.92169461666754,11.965898494436443],[-71.92172916209871,11.965788048912131],[-71.92173079850863,11.96567255977825],[-71.92169939568025,11.965561219970402],[-71.92163745331396,11.96546289212698],[-71.92154990204067,11.965385403126339],[-71.92144371093761,11.965334921072907],[-71.92132733279114,11.965315464322314],[-71.92121003126293,11.965328581625224],[-71.92110114351453,11.965373228848863],[-71.9210093369819,11.965445852088587],[-71.92094191945635,11.965540670554187],[-71.92090425738732,11.965650136714668],[-71.92089934870822,11.96576553707583],[-71.9209275841909,11.965877685770595],[-71.9209867163274,11.965977655753509],[-71.92107203822017,11.966057489396492],[-71.9211767582447,11.966110831921448],[-71.92129254066343,11.96613343724691],[-71.92131573246668,11.966134066412558]]]},"id":"000000000000000000a5","properties":{"area_m2":6501.7,"blanqueami":119.7653,"blanqueamiento":119.7653,"circularid":0.0692,"circularidad":0.0692,"comp_humedad":1,"comp_suelo":1,"comp_vegetacion":1,"comp_verdor":1,"confianza":"media","confusor":"Infraestructura","coord_x":5117398.954379507,"coord_y":2880512.849302849,"cumple_BSI":1,"cumple_GLI":1,"cumple_MSAVI":1,"cumple_MSI":1,"cumple_NDVI":1,"dif_BSI":0.043871115354510395,"dif_GLI":-0.020300137265244513,"dif_MSAVI":-0.04260416547239973,"dif_MSI":0.06707733951335149,"dif_NDVI":-0.14624341423968173,"distancia_":2.343,"distancia_similitud":2.343,"ext_BSI":0.11205103351378227,"ext_GLI":0.028366212590371778,"ext_MSAVI":0.21545962586147202,"ext_MSI":1.1474956186438712,"ext_NDVI":0.41381969962565757,"fid":166,"id_cand":"C166","int_BSI":0.15592214886829267,"int_GLI":0.008066075325127264,"int_MSAVI":0.1728554603890723,"int_MSI":1.2145729581572227,"int_NDVI":0.26757628538597583,"prioridad_espectral":"Muy alta","puntaje_componentes":4,"puntaje_indices":5,"radio_m":45.49236624974735,"vari":-0.0691,"zona":1}},{"type":"Feature","geometry":{"type":"Polygon","coordinates":[[[-71.936800499077,11.949105975983631],[-71.93688465752525,11.949094243883579],[-71.93696211694059,11.949059981461502],[-71.93702671153945,11.949005916014013],[-71.93707329958848,11.948936351161036],[-71.93709817268748,11.948856824274412],[-71.93709935095542,11.948773665700154],[-71.93707674062347,11.948693494861052],[-71.93703214149235,11.948622693350565],[-71.93696910366246,11.948566896959615],[-71.93689264494293,11.948530547070558],[-71.93680885143466,11.948516537126366],[-71.93672439308087,11.948525982315143],[-71.93664599274571,11.948558130802207],[-71.93657989108095,11.948610423575419],[-71.93653134977464,11.948678698140224],[-71.9365042327222,11.948757519851025],[-71.93650069845793,11.948840614505949],[-71.93652102833052,11.948921367771323],[-71.93656360410094,11.948993351682393],[-71.93662503674852,11.949050836310798],[-71.93670043623356,11.949089245869706],[-71.93678380074482,11.949105522949699],[-71.936800499077,11.949105975983631]]]},"id":"00000000000000000013","properties":{"area_m2":3371.0,"blanqueami":88.5135,"blanqueamiento":88.5135,"circularid":0.0661,"circularidad":0.0661,"comp_humedad":1,"comp_suelo":1,"comp_vegetacion":1,"comp_verdor":1,"confianza":"media","confusor":"Vegetación irregular","coord_x":5115720.655040086,"coord_y":2878636.591919858,"cumple_BSI":1,"cumple_GLI":1,"cumple_MSAVI":1,"cumple_MSI":1,"cumple_NDVI":1,"dif_BSI":0.025588098813613708,"dif_GLI":-0.008466096558307098,"dif_MSAVI":-0.04161426749982597,"dif_MSI":0.04780166886063375,"dif_NDVI":-0.1127428848097396,"distancia_":0.541,"distancia_similitud":0.541,"ext_BSI":0.13550846863717297,"ext_GLI":0.01852366638894613,"ext_MSAVI":0.1759126861184232,"ext_MSI":1.220426868476609,"ext_NDVI":0.363788406120957,"fid":20,"id_cand":"C020","int_BSI":0.16109656745078668,"int_GLI":0.010057569830639032,"int_MSAVI":0.13429841861859723,"int_MSI":1.2682285373372428,"int_NDVI":0.2510455213112174,"prioridad_espectral":"Muy alta","puntaje_componentes":4,"puntaje_indices":5,"radio_m":32.75702407615134,"vari":-0.0266,"zona":1}},{"type":"Feature","geometry":{"type":"Polygon","coordinates":[[[-72.15076164593913,11.840861013009814],[-72.15081998558901,11.84085287694248],[-72.15087368139305,11.840829116372818],[-72.15091845915849,11.840791622645908],[-72.15095075457369,11.840743380267309],[-72.15096799692759,11.840688229334916],[-72.15096881373725,11.84063055986572],[-72.15095313999478,11.84057496234961],[-72.15092222333878,11.840525862346318],[-72.15087852473961,11.840487168211675],[-72.15082552260478,11.840461959993862],[-72.15076743589792,11.840452244263108],[-72.15070888831136,11.840458794389933],[-72.15065454022309,11.840481088985365],[-72.15060871773382,11.840517353403149],[-72.15057506831158,11.84056470100048],[-72.15055627045392,11.840619362913264],[-72.15055382047836,11.840676988056247],[-72.15056791341311,11.840732989468458],[-72.1505974274695,11.840782909435186],[-72.15064001333373,11.840822774322767],[-72.15069228117054,11.840849410881193],[-72.1507500704543,11.840860698836348],[-72.15076164593913,11.840861013009814]]]},"id":"00000000000000000053","properties":{"area_m2":1621.2,"blanqueami":130.2826,"blanqueamiento":130.2826,"circularid":0.0832,"circularidad":0.0832,"comp_humedad":0,"comp_suelo":1,"comp_vegetacion":1,"comp_verdor":1,"confianza":"baja","confusor":"Erosión","coord_x":5092467.231731301,"coord_y":2866600.2325769598,"cumple_BSI":1,"cumple_GLI":1,"cumple_MSAVI":1,"cumple_MSI":0,"cumple_NDVI":1,"dif_BSI":0.020987746104571547,"dif_GLI":-0.011177114093844009,"dif_MSAVI":-0.05034479015558896,"dif_MSI":0.027822101454069603,"dif_NDVI":-0.13548264081843037,"distancia_":1.377,"distancia_similitud":1.377,"ext_BSI":0.15492732525561284,"ext_GLI":0.011464813852908576,"ext_MSAVI":0.17871435554904777,"ext_MSI":1.2794264608518335,"ext_NDVI":0.36180306334965706,"fid":84,"id_cand":"C084","int_BSI":0.1759150713601844,"int_GLI":2.876997590645678E-4,"int_MSAVI":0.1283695653934588,"int_MSI":1.3072485623059031,"int_NDVI":0.2263204225312267,"prioridad_espectral":"Alta","puntaje_componentes":3,"puntaje_indices":4,"radio_m":22.716601583008877,"vari":-0.0314,"zona":0}},{"type":"Feature","geometry":{"type":"Polygon","coordinates":[[[-72.14925937400449,11.851957272367729],[-72.14931145681616,11.851950009176818],[-72.14935939382826,11.851928797755187],[-72.14939936924927,11.851895326534974],[-72.14942820103443,11.851852259829219],[-72.14944359417684,11.851803025751328],[-72.14944432338913,11.851751543336121],[-72.14943033063406,11.851701910583955],[-72.14940272974188,11.851658078259874],[-72.14936371774724,11.851623535413335],[-72.14931640000412,11.851601031650985],[-72.14926454299987,11.851592358269192],[-72.1492122745444,11.851598205667834],[-72.14916375519884,11.851618108394868],[-72.14912284709747,11.85165048219605],[-72.14909280652347,11.851692750120675],[-72.1490760247093,11.851741547645657],[-72.14907383749386,11.851792990490406],[-72.14908641898752,11.851842983804803],[-72.14911276771059,11.851887548119183],[-72.14915078630872,11.85192313611069],[-72.14919744850116,11.851946914971245],[-72.14924903997274,11.851956991900304],[-72.14925937400449,11.851957272367729]]]},"id":"000000000000000000c1","properties":{"area_m2":1292.0,"blanqueami":106.7625,"blanqueamiento":106.7625,"circularid":0.1289,"circularidad":0.1289,"comp_humedad":1,"comp_suelo":1,"comp_vegetacion":0,"comp_verdor":1,"confianza":"baja","confusor":"Infraestructura","coord_x":5092627.203536284,"coord_y":2867829.597866143,"cumple_BSI":1,"cumple_GLI":1,"cumple_MSAVI":0,"cumple_MSI":1,"cumple_NDVI":1,"dif_BSI":0.019986245848067324,"dif_GLI":-0.01098521258490405,"dif_MSAVI":-0.02098497683401586,"dif_MSI":0.04139188676001315,"dif_NDVI":-0.06361383064026774,"distancia_":2.683,"distancia_similitud":2.683,"ext_BSI":0.2446900688370249,"ext_GLI":-0.026611199229906422,"ext_MSAVI":0.13298412428474918,"ext_MSI":1.5682794903462487,"ext_NDVI":0.26010810475986496,"fid":194,"id_cand":"C194","int_BSI":0.26467631468509223,"int_GLI":-0.03759641181481047,"int_MSAVI":0.11199914745073332,"int_MSI":1.6096713771062618,"int_NDVI":0.19649427411959722,"prioridad_espectral":"Alta","puntaje_componentes":3,"puntaje_indices":4,"radio_m":20.279456919490165,"vari":-0.081,"zona":0}},{"type":"Feature","geometry":{"type":"Polygon","coordinates":[[[-72.15184936600836,11.841469465928803],[-72.15191638886424,11.841460118918373],[-72.15197807668793,11.841432821910935],[-72.15202951911982,11.841389747753206],[-72.15206662134027,11.841334325154614],[-72.15208643001787,11.841270965760012],[-72.15208736839298,11.841204712980876],[-72.15206936178433,11.841140840538612],[-72.15203384352948,11.841084432676258],[-72.1519836408875,11.841039979453809],[-72.15192274998738,11.841011019341252],[-72.15185601773648,11.84099985755839],[-72.15178875600935,11.841007382580969],[-72.15172631882643,11.841032995418669],[-72.15167367617808,11.841074657294277],[-72.15163501841631,11.841129051928906],[-72.15161342270363,11.84119184951578],[-72.15161060806943,11.841258051370946],[-72.15162679857193,11.841322387827281],[-72.15166070545897,11.841379737699812],[-72.15170962974904,11.841425535933011],[-72.15176967706805,11.841456136980963],[-72.15183606764171,11.841469104994886],[-72.15184936600836,11.841469465928803]]]},"id":"000000000000000000c8","properties":{"area_m2":2139.7,"blanqueami":138.7869,"blanqueamiento":138.7869,"circularid":0.3169,"circularidad":0.3169,"comp_humedad":0,"comp_suelo":1,"comp_vegetacion":1,"comp_verdor":1,"confianza":"baja","confusor":"Infraestructura","coord_x":5092348.881738025,"coord_y":2866663.7839601613,"cumple_BSI":1,"cumple_GLI":1,"cumple_MSAVI":1,"cumple_MSI":0,"cumple_NDVI":1,"dif_BSI":0.01754520575897084,"dif_GLI":-0.015190614614956834,"dif_MSAVI":-0.05053309650058262,"dif_MSI":-0.007652038366614766,"dif_NDVI":-0.1352831940802162,"distancia_":2.756,"distancia_similitud":2.756,"ext_BSI":0.17359022984792621,"ext_GLI":-0.0012598062068841225,"ext_MSAVI":0.17353838691301873,"ext_MSI":1.3223168494191386,"ext_NDVI":0.33874720391999685,"fid":201,"id_cand":"C201","int_BSI":0.19113543560689705,"int_GLI":-0.016450420821840957,"int_MSAVI":0.12300529041243612,"int_MSI":1.3146648110525239,"int_NDVI":0.20346400983978066,"prioridad_espectral":"Alta","puntaje_componentes":3,"puntaje_indices":4,"radio_m":26.097656283035395,"vari":-0.0732,"zona":0}},{"type":"Feature","geometry":{"type":"Polygon","coordinates":[[[-72.16821174900133,11.84396726460456],[-72.16827679011692,11.843958194050863],[-72.16833665394762,11.843931704407579],[-72.16838657532413,11.84388990425494],[-72.16842258050296,11.843836120891192],[-72.16844180347691,11.843774635477754],[-72.16844271410768,11.843710342256989],[-72.16842523992172,11.843648358969437],[-72.16839077187501,11.843593619481624],[-72.16834205362974,11.843550481051267],[-72.16828296315701,11.84352237749128],[-72.16821820405063,11.843511545840189],[-72.16815293112357,11.843518848295366],[-72.16809234008855,11.843543703582776],[-72.1680412539831,11.84358413322594],[-72.1680037392586,11.8436369190313],[-72.16798278209147,11.843697859254533],[-72.1679800506823,11.843762103057598],[-72.1679957624638,11.84382453663429],[-72.16802866678934,11.843880190269035],[-72.16807614448088,11.843924633927157],[-72.16813441631365,11.843954329887303],[-72.16819884384248,11.843966914345991],[-72.16821174900133,11.84396726460456]]]},"id":"000000000000000000d2","properties":{"area_m2":2015.0,"blanqueami":118.9658,"blanqueamiento":118.9658,"circularid":0.0913,"circularidad":0.0913,"comp_humedad":0,"comp_suelo":1,"comp_vegetacion":1,"comp_verdor":1,"confianza":"baja","confusor":"Infraestructura","coord_x":5090565.972894656,"coord_y":2866935.2001652606,"cumple_BSI":1,"cumple_GLI":1,"cumple_MSAVI":1,"cumple_MSI":0,"cumple_NDVI":1,"dif_BSI":0.0215847018940378,"dif_GLI":-0.02341133380506058,"dif_MSAVI":-0.03967130351168749,"dif_MSI":-0.0013605005171417606,"dif_NDVI":-0.10028777706538985,"distancia_":2.958,"distancia_similitud":2.958,"ext_BSI":0.20270954929543902,"ext_GLI":0.018438486348672577,"ext_MSAVI":0.17229998177255534,"ext_MSI":1.428404946329973,"ext_NDVI":0.3036030813007259,"fid":211,"id_cand":"C211","int_BSI":0.22429425118947682,"int_GLI":-0.004972847456388003,"int_MSAVI":0.13262867826086785,"int_MSI":1.4270444458128313,"int_NDVI":0.20331530423533603,"prioridad_espectral":"Alta","puntaje_componentes":3,"puntaje_indices":4,"radio_m":25.32576594419877,"vari":-0.086,"zona":0}},{"type":"Feature","geometry":{"type":"Polygon","coordinates":[[[-72.12004333547301,11.851657650187976],[-72.12010074328781,11.85164964439121],[-72.12015358143111,11.851626264263677],[-72.1201976439802,11.851589370867144],[-72.12022942355468,11.851541900920719],[-72.12024639050432,11.851487633036562],[-72.12024719426807,11.851430886940934],[-72.1202317708762,11.851376179623184],[-72.12020134803912,11.851327865783334],[-72.12015834741908,11.851289791198747],[-72.12010619186445,11.851264986601556],[-72.12004903295131,11.85125542643393],[-72.11999142051988,11.851261871683603],[-72.11993794051011,11.85128380930979],[-72.1198928499239,11.85131949308088],[-72.11985973796983,11.851366082573394],[-72.1198412403629,11.851419869268238],[-72.11983882952042,11.851476571747419],[-72.11985269735526,11.851531676493984],[-72.11988173999647,11.851580797167882],[-72.11992364565474,11.85162002375929],[-72.11997507863917,11.851646233826731],[-72.12003194487862,11.851657341044897],[-72.12004333547301,11.851657650187976]]]},"id":"0000000000000000000a","properties":{"area_m2":1569.7,"blanqueami":89.3346,"blanqueamiento":89.3346,"circularid":0.1002,"circularidad":0.1002,"comp_humedad":1,"comp_suelo":1,"comp_vegetacion":0,"comp_verdor":1,"confianza":"baja","confusor":"Vegetación irregular","coord_x":5095808.522010001,"coord_y":2867804.3464424456,"cumple_BSI":1,"cumple_GLI":1,"cumple_MSAVI":0,"cumple_MSI":1,"cumple_NDVI":1,"dif_BSI":0.016316516025854377,"dif_GLI":-0.008935851818714025,"dif_MSAVI":-0.01678488195341027,"dif_MSI":0.06592359281295446,"dif_NDVI":-0.048813055399131666,"distancia_":0.349,"distancia_similitud":0.349,"ext_BSI":0.22787982487216996,"ext_GLI":0.001826176214206607,"ext_MSAVI":0.14733358735352758,"ext_MSI":1.520836370954823,"ext_NDVI":0.30148450946074856,"fid":11,"id_cand":"C011","int_BSI":0.24419634089802433,"int_GLI":-0.007109675604507418,"int_MSAVI":0.13054870540011732,"int_MSI":1.5867599637677774,"int_NDVI":0.2526714540616169,"prioridad_espectral":"Alta","puntaje_componentes":3,"puntaje_indices":4,"radio_m":22.35287516948762,"vari":-0.0217,"zona":0}},{"type":"Feature","geometry":{"type":"Polygon","coordinates":[[[-72.12689741624486,11.848023737260965],[-72.126943298253,11.848017338709369],[-72.12698552804724,11.847998652380147],[-72.12702074413185,11.847969165707411],[-72.1270461433055,11.847931225833348],[-72.12705970379649,11.847887852774745],[-72.12706034619494,11.847842499028792],[-72.12704801937218,11.847798774753748],[-72.12702370454873,11.847760160400334],[-72.12698933718734,11.847729729668336],[-72.12694765292936,11.847709904840961],[-72.12690196983785,11.84770226397206],[-72.12685592428092,11.84770741527377],[-72.12681318147887,11.847724948703172],[-72.12677714375427,11.847753468601475],[-72.12675067970872,11.847790704787778],[-72.12673589588242,11.847833693264532],[-72.12673396907296,11.847879012150845],[-72.1267450526606,11.847923054063623],[-72.12676826439733,11.84796231326518],[-72.12680175663206,11.84799366472041],[-72.1268428633826,11.848014612850408],[-72.12688831254803,11.848023490181504],[-72.12689741624486,11.848023737260965]]]},"id":"0000000000000000003b","properties":{"area_m2":1002.7,"blanqueami":65.0733,"blanqueamiento":65.0733,"circularid":0.0775,"circularidad":0.0775,"comp_humedad":1,"comp_suelo":1,"comp_vegetacion":0,"comp_verdor":1,"confianza":"baja","confusor":"Vegetación irregular","coord_x":5095063.471535875,"coord_y":2867404.949693149,"cumple_BSI":1,"cumple_GLI":1,"cumple_MSAVI":0,"cumple_MSI":1,"cumple_NDVI":0,"dif_BSI":0.012350780006595868,"dif_GLI":-0.007125904834299639,"dif_MSAVI":-0.007112929945375934,"dif_MSI":0.052662612073348214,"dif_NDVI":-0.022547011227558367,"distancia_":1.095,"distancia_similitud":1.095,"ext_BSI":0.24704200795206385,"ext_GLI":-0.01657717553489388,"ext_MSAVI":0.14594491766586518,"ext_MSI":1.6295398340707377,"ext_NDVI":0.32689441324084256,"fid":60,"id_cand":"C060","int_BSI":0.2593927879586597,"int_GLI":-0.023703080369193517,"int_MSAVI":0.13883198772048924,"int_MSI":1.6822024461440859,"int_NDVI":0.3043474020132842,"prioridad_espectral":"Alta","puntaje_componentes":3,"puntaje_indices":3,"radio_m":17.86531060117587,"vari":0.0035,"zona":0}},{"type":"Feature","geometry":{"type":"Polygon","coordinates":[[[-72.1690082194089,11.841329230980232],[-72.16905916106622,11.841322126652308],[-72.16910604776017,11.8413013791741],[-72.16914514730483,11.841268640047707],[-72.16917334737525,11.841226515311337],[-72.16918840324888,11.84117835809747],[-72.16918911648463,11.841128001722453],[-72.16917543031666,11.841079454553837],[-72.16914843417055,11.841036580944307],[-72.16911027694304,11.8410027936298],[-72.16906399594865,11.840980782076784],[-72.16901327514975,11.8409722984019],[-72.16896215191466,11.840978017904416],[-72.16891469564533,11.840997485312784],[-72.1688746838554,11.841029151023994],[-72.16884530148171,11.841070494451142],[-72.1688288873639,11.841118224660969],[-72.16882674807194,11.841168542331067],[-72.16883905390112,11.841217442175205],[-72.16886482531433,11.841261031764038],[-72.16890201091091,11.841295841363005],[-72.16894765071706,11.841319100124254],[-72.16899811179974,11.841328956647288],[-72.1690082194089,11.841329230980232]]]},"id":"0000000000000000005d","properties":{"area_m2":1236.1,"blanqueami":107.8765,"blanqueamiento":107.8765,"circularid":0.0679,"circularidad":0.0679,"comp_humedad":0,"comp_suelo":1,"comp_vegetacion":1,"comp_verdor":1,"confianza":"baja","confusor":"Vegetación irregular","coord_x":5090480.555964784,"coord_y":2866648.9910155274,"cumple_BSI":1,"cumple_GLI":1,"cumple_MSAVI":1,"cumple_MSI":0,"cumple_NDVI":1,"dif_BSI":0.016861940264693148,"dif_GLI":-0.009782161324468382,"dif_MSAVI":-0.03041592054219766,"dif_MSI":0.029587852169581152,"dif_NDVI":-0.07508071356692292,"distancia_":1.523,"distancia_similitud":1.523,"ext_BSI":0.17982929593809346,"ext_GLI":0.019748448930239273,"ext_MSAVI":0.19425518600366098,"ext_MSI":1.364553707337726,"ext_NDVI":0.3535241635879181,"fid":94,"id_cand":"C094","int_BSI":0.1966912362027866,"int_GLI":0.00996628760577089,"int_MSAVI":0.16383926546146332,"int_MSI":1.3941415595073072,"int_NDVI":0.2784434500209952,"prioridad_espectral":"Alta","puntaje_componentes":3,"puntaje_indices":4,"radio_m":19.835898021309337,"vari":-0.0503,"zona":0}},{"type":"Feature","geometry":{"type":"Polygon","coordinates":[[[-72.17114572933251,11.843015640759303],[-72.17120072591767,11.843007970977718],[-72.17125134476599,11.842985572148809],[-72.1712935566112,11.842950227222675],[-72.17132400138902,11.842904749659786],[-72.17134025569872,11.8428527594782],[-72.17134102570475,11.842798395098837],[-72.17132625012361,11.842745983926422],[-72.17129710509933,11.842699697888012],[-72.17125591057987,11.842663221348323],[-72.1712059456481,11.842639457835526],[-72.171151187507,11.842630298921767],[-72.1710959948961,11.84263647365512],[-72.17104476113846,11.842657490527802],[-72.17100156443486,11.842691676599902],[-72.170969843241,11.842736310664383],[-72.17095212256707,11.842787839853857],[-72.1709498129859,11.842842162447509],[-72.1709630983491,11.842894954367246],[-72.1709909211498,11.842942013374216],[-72.1710310666975,11.842979593567634],[-72.17108033940623,11.843004703559695],[-72.17113481716322,11.843015344591416],[-72.17114572933251,11.843015640759303]]]},"id":"0000000000000000007f","properties":{"area_m2":1440.7,"blanqueami":106.3412,"blanqueamiento":106.3412,"circularid":0.1,"circularidad":0.1,"comp_humedad":1,"comp_suelo":1,"comp_vegetacion":0,"comp_verdor":1,"confianza":"baja","confusor":"Vegetación irregular","coord_x":5090246.902208684,"coord_y":2866832.7969049495,"cumple_BSI":1,"cumple_GLI":1,"cumple_MSAVI":0,"cumple_MSI":1,"cumple_NDVI":0,"dif_BSI":0.01728350100674303,"dif_GLI":-0.009118370828503593,"dif_MSAVI":-0.0178423564026102,"dif_MSI":0.06364845407869368,"dif_NDVI":-0.03569295166646641,"distancia_":1.905,"distancia_similitud":1.905,"ext_BSI":0.20140953043320636,"ext_GLI":4.0237411038394747E-4,"ext_MSAVI":0.1683097805522766,"ext_MSI":1.4340252960985957,"ext_NDVI":0.3008013629044042,"fid":128,"id_cand":"C128","int_BSI":0.2186930314399494,"int_GLI":-0.008715996718119646,"int_MSAVI":0.1504674241496664,"int_MSI":1.4976737501772894,"int_NDVI":0.26510841123793777,"prioridad_espectral":"Alta","puntaje_componentes":3,"puntaje_indices":3,"radio_m":21.414692456932162,"vari":-0.0608,"zona":0}},{"type":"Feature","geometry":{"type":"Polygon","coordinates":[[[-72.1442737205017,11.847038236345261],[-72.14432565503148,11.847030993702507],[-72.14437345556495,11.847009842289713],[-72.14441331717435,11.846976465762285],[-72.14444206687433,11.8469335208957],[-72.14445741619198,11.846884426104946],[-72.14445814332828,11.846833089337572],[-72.14444419041122,11.846783597000362],[-72.14441666809991,11.84673988868135],[-72.14437776717394,11.846705443559207],[-72.1443305841462,11.846683003461738],[-72.14427887478077,11.846674354617612],[-72.14422675513549,11.84668018547351],[-72.14417837392635,11.846700031894194],[-72.14413758229192,11.846732314107381],[-72.14410762724464,11.846774462452753],[-72.14409089320904,11.846823121925706],[-72.14408871222079,11.846874419234576],[-72.14410125789456,11.846924271113899],[-72.14412753160184,11.846968709352256],[-72.14416544195953,11.847004196662464],[-72.14421197130282,11.847027908250695],[-72.14426341589137,11.847037956671299],[-72.1442737205017,11.847038236345261]]]},"id":"000000000000000000e0","properties":{"area_m2":1284.7,"blanqueami":117.4029,"blanqueamiento":117.4029,"circularid":0.1672,"circularidad":0.1672,"comp_humedad":0,"comp_suelo":1,"comp_vegetacion":1,"comp_verdor":1,"confianza":"baja","confusor":"Vegetación irregular","coord_x":5093171.9018729925,"coord_y":2867287.941590745,"cumple_BSI":1,"cumple_GLI":1,"cumple_MSAVI":1,"cumple_MSI":0,"cumple_NDVI":1,"dif_BSI":0.017238649658127825,"dif_GLI":-0.022115719706438903,"dif_MSAVI":-0.02538835666337154,"dif_MSI":-0.022634283837072777,"dif_NDVI":-0.08305724959871763,"distancia_":4.638,"distancia_similitud":4.638,"ext_BSI":0.24132490875326873,"ext_GLI":-0.016265320015787853,"ext_MSAVI":0.14722897808113494,"ext_MSI":1.5337934214807005,"ext_NDVI":0.27631635654956965,"fid":225,"id_cand":"C225","int_BSI":0.25856355841139655,"int_GLI":-0.038381039722226756,"int_MSAVI":0.1218406214177634,"int_MSI":1.5111591376436277,"int_NDVI":0.19325910695085202,"prioridad_espectral":"Alta","puntaje_componentes":3,"puntaje_indices":4,"radio_m":20.22208472883832,"vari":-0.1303,"zona":0}},{"type":"Feature","geometry":{"type":"Polygon","coordinates":[[[-71.96981519757576,11.935992454887385],[-71.96988538502923,11.935982669940612],[-71.9699499855472,11.93595409398407],[-71.97000385691864,11.93590900166934],[-71.97004271098012,11.935850982351827],[-71.97006345495424,11.935784654375839],[-71.97006443763296,11.93571529745232],[-71.9700455808098,11.93564843239258],[-71.97000838550059,11.935589381651663],[-71.96995581245862,11.935542845662077],[-71.96989204649657,11.935512528681393],[-71.96982216337582,11.935500843935579],[-71.96975172577888,11.935508721527999],[-71.969686340524,11.935535534403929],[-71.96963121226713,11.935579148263606],[-71.96959072921439,11.935636091450881],[-71.96956811382195,11.935701831294834],[-71.96956516628683,11.935771134908263],[-71.96958212124756,11.93583848572414],[-71.96961762910239,11.93589852261416],[-71.96966886343344,11.935946466635603],[-71.96973174598729,11.935978501437127],[-71.96980127130419,11.935992077042597],[-71.96981519757576,11.935992454887385]]]},"id":"000000000000000000a2","properties":{"area_m2":2344.9,"blanqueami":102.471,"blanqueamiento":102.471,"circularid":0.0825,"circularidad":0.0825,"comp_humedad":0,"comp_suelo":1,"comp_vegetacion":1,"comp_verdor":1,"confianza":"baja","confusor":"Erosión","coord_x":5112132.11987532,"coord_y":2877178.854572234,"cumple_BSI":1,"cumple_GLI":1,"cumple_MSAVI":1,"cumple_MSI":0,"cumple_NDVI":1,"dif_BSI":0.011102239717861534,"dif_GLI":-0.008991494726852345,"dif_MSAVI":-0.02296743858119904,"dif_MSI":0.010849854104094003,"dif_NDVI":-0.079217015945371,"distancia_":2.3,"distancia_similitud":2.3,"ext_BSI":0.22560675036033945,"ext_GLI":0.006929485532726202,"ext_MSAVI":0.15755129892957323,"ext_MSI":1.4960839560623305,"ext_NDVI":0.3192426610446289,"fid":163,"id_cand":"C163","int_BSI":0.23670899007820098,"int_GLI":-0.0020620091941261427,"int_MSAVI":0.1345838603483742,"int_MSI":1.5069338101664245,"int_NDVI":0.2400256450992579,"prioridad_espectral":"Alta","puntaje_componentes":3,"puntaje_indices":4,"radio_m":27.320410906726327,"vari":-0.0716,"zona":1}},{"type":"Feature","geometry":{"type":"Polygon","coordinates":[[[-71.88903923689995,11.954274229822547],[-71.88908519174227,11.954267823617903],[-71.88912748857305,11.954249114938726],[-71.88916276056034,11.954219592998218],[-71.88918820005298,11.954181607745912],[-71.8892017820699,11.954138182810734],[-71.88920242548782,11.954092774819273],[-71.88919007909702,11.95404899824773],[-71.88916572567565,11.954010337709606],[-71.88913130375892,11.953979870580964],[-71.88908955333078,11.953960022042148],[-71.88904379772134,11.953952372034403],[-71.88899767907117,11.953957529497314],[-71.88895486841861,11.953975083897532],[-71.88891877348715,11.954003637907027],[-71.888892267432,11.95404091862967],[-71.88887746013737,11.954083958522855],[-71.88887553026896,11.954129331612968],[-71.88888663145063,11.954173426202292],[-71.88890988003398,11.954212732360071],[-71.88894342543489,11.954244121313456],[-71.88898459743919,11.95426509449865],[-71.88903011875169,11.954273982447562],[-71.88903923689995,11.954274229822547]]]},"id":"000000000000000000bf","properties":{"area_m2":1005.1,"blanqueami":112.8527,"blanqueamiento":112.8527,"circularid":0.2131,"circularidad":0.2131,"comp_humedad":0,"comp_suelo":1,"comp_vegetacion":1,"comp_verdor":1,"confianza":"baja","confusor":"Erosión","coord_x":5120917.152096323,"coord_y":2879242.96326418,"cumple_BSI":1,"cumple_GLI":1,"cumple_MSAVI":1,"cumple_MSI":0,"cumple_NDVI":1,"dif_BSI":0.017154721234243525,"dif_GLI":-0.015623087234198441,"dif_MSAVI":-0.03058558789431163,"dif_MSI":0.019356823447356897,"dif_NDVI":-0.07163528783825823,"distancia_":2.609,"distancia_similitud":2.609,"ext_BSI":0.12597976927961843,"ext_GLI":0.02554474994360022,"ext_MSAVI":0.07549216038436465,"ext_MSI":1.1596086784043314,"ext_NDVI":0.13499347808014922,"fid":192,"id_cand":"C192","int_BSI":0.14313449051386196,"int_GLI":0.00992166270940178,"int_MSAVI":0.044906572490053025,"int_MSI":1.1789655018516882,"int_NDVI":0.06335819024189099,"prioridad_espectral":"Alta","puntaje_componentes":3,"puntaje_indices":4,"radio_m":17.886678467600632,"vari":-0.078,"zona":1}},{"type":"Feature","geometry":{"type":"Polygon","coordinates":[[[-71.91741045257993,11.958332467598707],[-71.91747711611485,11.95832317469426],[-71.91753847321955,11.958296035697948],[-71.91758963985966,11.95825321087878],[-71.91762654316855,11.958198109098836],[-71.91764624564817,11.95813511646579],[-71.91764717899225,11.958069247196896],[-71.91762926891997,11.958005744486137],[-71.91759394108453,11.95794966314594],[-71.91754400758767,11.957905467245137],[-71.9174834431344,11.957876674770919],[-71.91741706864696,11.957865577599096],[-71.91735016752189,11.957873059062369],[-71.91728806507575,11.957898523637738],[-71.91723570465385,11.95793994434967],[-71.91719725414299,11.957994024115893],[-71.91717577420849,11.958056458193143],[-71.91717297466377,11.958122276832835],[-71.91718907836594,11.958186240871791],[-71.91722280347214,11.958243258769471],[-71.91727146547059,11.958288791895546],[-71.91733119086561,11.958319215806645],[-71.9173972255081,11.958332108754087],[-71.91741045257993,11.958332467598707]]]},"id":"000000000000000000b7","properties":{"area_m2":2115.0,"blanqueami":113.6677,"blanqueamiento":113.6677,"circularid":0.0766,"circularidad":0.0766,"comp_humedad":0,"comp_suelo":1,"comp_vegetacion":1,"comp_verdor":1,"confianza":"baja","confusor":"Infraestructura","coord_x":5117826.992879587,"coord_y":2879671.450830009,"cumple_BSI":1,"cumple_GLI":1,"cumple_MSAVI":1,"cumple_MSI":0,"cumple_NDVI":1,"dif_BSI":0.011942383784034144,"dif_GLI":-0.004800742666160651,"dif_MSAVI":-0.04831851403661282,"dif_MSI":0.012343001752410876,"dif_NDVI":-0.1070844190647594,"distancia_":2.543,"distancia_similitud":2.543,"ext_BSI":0.20296393140618507,"ext_GLI":-0.006909001763490975,"ext_MSAVI":0.15624748324560053,"ext_MSI":1.392729389886243,"ext_NDVI":0.2690042546737061,"fid":184,"id_cand":"C184","int_BSI":0.21490631519021922,"int_GLI":-0.011709744429651626,"int_MSAVI":0.10792896920898772,"int_MSI":1.4050723916386538,"int_NDVI":0.16191983560894668,"prioridad_espectral":"Alta","puntaje_componentes":3,"puntaje_indices":4,"radio_m":25.9465876230135,"vari":-0.0761,"zona":1}},{"type":"Feature","geometry":{"type":"Polygon","coordinates":[[[-71.91974810957454,11.975979706412598],[-71.91980871789102,11.975971258158516],[-71.9198645017749,11.975946585878802],[-71.91991102082164,11.97590765349099],[-71.9199445721135,11.9758575600185],[-71.919962484972,11.975800292906708],[-71.9199633335428,11.97574041062074],[-71.91994705029074,11.975682679790712],[-71.91991493137218,11.975631695787914],[-71.91986953345801,11.975591516934134],[-71.9198144702211,11.975565341460744],[-71.91975412468828,11.975555252931168],[-71.91969330035349,11.975562054390565],[-71.91963683882301,11.975585204443982],[-71.9195892344269,11.975622860351034],[-71.91955427647278,11.975672024706808],[-71.91953474761763,11.975728784033672],[-71.91953220236717,11.975788620292478],[-71.91954684333434,11.975846770517471],[-71.91957750510797,11.975898605948231],[-71.91962174701641,11.975940000479769],[-71.91967604740324,11.975967659101974],[-71.9197360839513,11.975979380184071],[-71.91974810957454,11.975979706412598]]]},"id":"00000000000000000004","properties":{"area_m2":1748.0,"blanqueami":84.1457,"blanqueamiento":84.1457,"circularid":0.0909,"circularidad":0.0909,"comp_humedad":1,"comp_suelo":1,"comp_vegetacion":0,"comp_verdor":1,"confianza":"baja","confusor":"Vegetación irregular","coord_x":5117565.320281417,"coord_y":2881624.0138972,"cumple_BSI":1,"cumple_GLI":1,"cumple_MSAVI":0,"cumple_MSI":1,"cumple_NDVI":1,"dif_BSI":0.03121776826116328,"dif_GLI":-0.012766368930790258,"dif_MSAVI":-0.01576586100922797,"dif_MSI":0.040937509403214944,"dif_NDVI":-0.06117666073104938,"distancia_":0.282,"distancia_similitud":0.282,"ext_BSI":0.05518298622450642,"ext_GLI":0.0657487912108604,"ext_MSAVI":0.2420669658036215,"ext_MSI":1.0184864329590506,"ext_NDVI":0.4718785364430249,"fid":5,"id_cand":"C005","int_BSI":0.0864007544856697,"int_GLI":0.05298242228007014,"int_MSAVI":0.22630110479439353,"int_MSI":1.0594239423622656,"int_NDVI":0.41070187571197553,"prioridad_espectral":"Alta","puntaje_componentes":3,"puntaje_indices":4,"radio_m":23.58825303088947,"vari":-0.0145,"zona":1}},{"type":"Feature","geometry":{"type":"Polygon","coordinates":[[[-71.95160839875248,11.95105889895656],[-71.95165736562484,11.95105207278704],[-71.95170243472722,11.95103213764255],[-71.95174001855433,11.951000680363242],[-71.95176712543241,11.950960204952038],[-71.95178159765683,11.9509139332549],[-71.95178228324453,11.9508655485009],[-71.95176912762992,11.950818902116545],[-71.9517431780061,11.95077770715223],[-71.95170649996642,11.95074524272396],[-71.95166201308206,11.950724092996712],[-71.95161325850461,11.950715941486003],[-71.95156411709159,11.950721437050912],[-71.95151850049247,11.950740142245275],[-71.95148003978348,11.95077056813813],[-71.95145179643553,11.950810292831857],[-71.95143601862168,11.95085615424414],[-71.95143396226159,11.9509045018087],[-71.95144579104876,11.950951487059692],[-71.95147056341807,11.95099336996949],[-71.95150630749255,11.951026816655425],[-71.95155017804356,11.951049164757762],[-71.9515986829711,11.951058635364674],[-71.95160839875248,11.95105889895656]]]},"id":"0000000000000000000f","properties":{"area_m2":1141.2,"blanqueami":92.2747,"blanqueamiento":92.2747,"circularid":0.0695,"circularidad":0.0695,"comp_humedad":1,"comp_suelo":1,"comp_vegetacion":1,"comp_verdor":0,"confianza":"baja","confusor":"Vegetación irregular","coord_x":5114107.744721697,"coord_y":2878859.765125377,"cumple_BSI":1,"cumple_GLI":0,"cumple_MSAVI":1,"cumple_MSI":1,"cumple_NDVI":1,"dif_BSI":0.02174116377235094,"dif_GLI":-0.003226902195298503,"dif_MSAVI":-0.027076679450318775,"dif_MSI":0.05322119188377328,"dif_NDVI":-0.07656469169180163,"distancia_":0.448,"distancia_similitud":0.448,"ext_BSI":0.12959175125016514,"ext_GLI":-1.253563348006319E-4,"ext_MSAVI":0.18483687384654934,"ext_MSI":1.2095737234973527,"ext_NDVI":0.390314348592513,"fid":16,"id_cand":"C016","int_BSI":0.15133291502251608,"int_GLI":-0.0033522585300991346,"int_MSAVI":0.15776019439623057,"int_MSI":1.262794915381126,"int_NDVI":0.3137496569007114,"prioridad_espectral":"Alta","puntaje_componentes":3,"puntaje_indices":4,"radio_m":19.0592560744889,"vari":-0.0247,"zona":1}},{"type":"Feature","geometry":{"type":"Polygon","coordinates":[[[-71.97346271904507,11.920420715125841],[-71.97355348566826,11.920408060473697],[-71.97363702724451,11.920371103830956],[-71.97370669384803,11.920312786955455],[-71.97375694001333,11.920237751882436],[-71.97378376615556,11.92015197141479],[-71.97378503693425,11.920062273684517],[-71.97376065122013,11.919975798631278],[-71.9737125501373,11.919899429663108],[-71.97364456254302,11.919839245739075],[-71.97356210024734,11.919800037487498],[-71.97347172723373,11.919784925875692],[-71.97338063717075,11.919795113783948],[-71.97329608080335,11.919829790257493],[-71.97322478880102,11.919886195057655],[-71.973172436002,11.91995983837417],[-71.97314318969765,11.920044858210375],[-71.97313937791353,11.920134486994622],[-71.97316130409227,11.920221590276688],[-71.97320722293192,11.920299234629708],[-71.97327347930516,11.920361239552696],[-71.97335479920362,11.920402669441698],[-71.97344470954916,11.92042022646765],[-71.97346271904507,11.920420715125841]]]},"id":"0000000000000000002b","properties":{"area_m2":3922.0,"blanqueami":92.53,"blanqueamiento":92.53,"circularid":0.0739,"circularidad":0.0739,"comp_humedad":1,"comp_suelo":1,"comp_vegetacion":0,"comp_verdor":1,"confianza":"baja","confusor":"Vegetación irregular","coord_x":5111741.445860732,"coord_y":2875447.662542486,"cumple_BSI":1,"cumple_GLI":1,"cumple_MSAVI":0,"cumple_MSI":1,"cumple_NDVI":0,"dif_BSI":0.01750919511361773,"dif_GLI":-0.013456454960490933,"dif_MSAVI":-0.014295526514106871,"dif_MSI":0.06438915691232028,"dif_NDVI":-0.038010850569259735,"distancia_":0.902,"distancia_similitud":0.902,"ext_BSI":0.22215189261980994,"ext_GLI":0.002698407648955161,"ext_MSAVI":0.15057909785574322,"ext_MSI":1.5163390695351715,"ext_NDVI":0.3152793544597611,"fid":44,"id_cand":"C044","int_BSI":0.23966108773342767,"int_GLI":-0.010758047311535771,"int_MSAVI":0.13628357134163635,"int_MSI":1.5807282264474918,"int_NDVI":0.27726850389050134,"prioridad_espectral":"Alta","puntaje_componentes":3,"puntaje_indices":3,"radio_m":35.33286534676783,"vari":-0.0363,"zona":1}},{"type":"Feature","geometry":{"type":"Polygon","coordinates":[[[-71.96014542483175,11.960612890737856],[-71.96022094409345,11.9606023634316],[-71.96029045200544,11.960571619488741],[-71.96034841572659,11.96052310613344],[-71.960390221342,11.960460685037084],[-71.96041254113157,11.96038932492663],[-71.9604135984543,11.960314706071577],[-71.96039330916442,11.960242768133016],[-71.96035328830416,11.960179237366551],[-71.96029672154174,11.960129170813692],[-71.96022811158969,11.960096553763691],[-71.9601529197896,11.960083982527125],[-71.96007713139258,11.960092457771635],[-71.9600067791383,11.960121304869656],[-71.95994746305415,11.96016822759817],[-71.95990390469684,11.960229490916198],[-71.95987957131761,11.960300218271504],[-71.95987639986708,11.960374779771678],[-71.95989464280986,11.960447240322003],[-71.95993284802287,11.960511832058778],[-71.95998797437974,11.960563413472473],[-71.9600556338217,11.960597878674168],[-71.96013044064729,11.960612484226925],[-71.96014542483175,11.960612890737856]]]},"id":"0000000000000000002e","properties":{"area_m2":2714.2,"blanqueami":91.5998,"blanqueamiento":91.5998,"circularid":0.0841,"circularidad":0.0841,"comp_humedad":0,"comp_suelo":1,"comp_vegetacion":1,"comp_verdor":1,"confianza":"baja","confusor":"Vegetación irregular","coord_x":5113174.674815348,"coord_y":2879902.573380415,"cumple_BSI":1,"cumple_GLI":1,"cumple_MSAVI":1,"cumple_MSI":0,"cumple_NDVI":1,"dif_BSI":0.011072527821732708,"dif_GLI":-0.008263530261762011,"dif_MSAVI":-0.023037294449187617,"dif_MSI":-0.007047212780780132,"dif_NDVI":-0.06799241590808558,"distancia_":0.936,"distancia_similitud":0.936,"ext_BSI":0.13052720426154465,"ext_GLI":0.021291632626411455,"ext_MSAVI":0.21493707930332964,"ext_MSI":1.2196254178580486,"ext_NDVI":0.41667547958932727,"fid":47,"id_cand":"C047","int_BSI":0.14159973208327736,"int_GLI":0.013028102364649444,"int_MSAVI":0.19189978485414202,"int_MSI":1.2125782050772684,"int_NDVI":0.3486830636812417,"prioridad_espectral":"Alta","puntaje_componentes":3,"puntaje_indices":4,"radio_m":29.393140238498585,"vari":-0.0371,"zona":1}},{"type":"Feature","geometry":{"type":"Polygon","coordinates":[[[-71.95088745444292,11.957075506420125],[-71.95093201934912,11.95706929404002],[-71.95097303688303,11.957051151405972],[-71.95100724204504,11.957022522673851],[-71.9510319121033,11.956985686693619],[-71.95104508332358,11.956943575611986],[-71.95104570728166,11.956899541472684],[-71.95103373431651,11.95685708939328],[-71.95101011748123,11.9568195985578],[-71.95097673667863,11.956790053234133],[-71.95093624902,11.956770805227135],[-71.95089187731925,11.956763386675869],[-71.95084715355814,11.956768388096037],[-71.95080563774223,11.95678541137526],[-71.9507706345263,11.95681310146259],[-71.95074493016502,11.956849254229942],[-71.95073057072769,11.956890991919767],[-71.95072869923024,11.95693499221373],[-71.95073946464989,11.95697775268867],[-71.95076201006444,11.957015869609428],[-71.95079454086192,11.957046308866573],[-71.95083446759058,11.957066647492319],[-71.95087861207939,11.95707526652966],[-71.95088745444292,11.957075506420125]]]},"id":"00000000000000000031","properties":{"area_m2":945.2,"blanqueami":85.4916,"blanqueamiento":85.4916,"circularid":0.0786,"circularidad":0.0786,"comp_humedad":1,"comp_suelo":1,"comp_vegetacion":0,"comp_verdor":1,"confianza":"baja","confusor":"Vegetación irregular","coord_x":5114183.515756021,"coord_y":2879526.9816456554,"cumple_BSI":1,"cumple_GLI":1,"cumple_MSAVI":0,"cumple_MSI":1,"cumple_NDVI":0,"dif_BSI":0.0220258937366013,"dif_GLI":-0.02073039343047039,"dif_MSAVI":-0.01485330439339741,"dif_MSI":0.06267255725827314,"dif_NDVI":-0.0305204145410079,"distancia_":0.974,"distancia_similitud":0.974,"ext_BSI":0.1694708963960716,"ext_GLI":0.012674183910520321,"ext_MSAVI":0.18848023090215538,"ext_MSI":1.3118190810507504,"ext_NDVI":0.33894421880627895,"fid":50,"id_cand":"C050","int_BSI":0.1914967901326729,"int_GLI":-0.00805620951995007,"int_MSAVI":0.17362692650875797,"int_MSI":1.3744916383090235,"int_NDVI":0.30842380426527105,"prioridad_espectral":"Alta","puntaje_componentes":3,"puntaje_indices":3,"radio_m":17.34550386759978,"vari":-0.0374,"zona":1}},{"type":"Feature","geometry":{"type":"Polygon","coordinates":[[[-71.90324903536538,11.98021883833674],[-71.90329859405882,11.980211930410146],[-71.90334420787316,11.980191756502332],[-71.90338224594387,11.980159922459086],[-71.9034096804394,11.98011896227382],[-71.90342432757683,11.980072136380608],[-71.90342502145018,11.980023172122575],[-71.90341170683452,11.97997596705476],[-71.90338544357964,11.979934278698702],[-71.90334832224393,11.97990142544431],[-71.90330329768499,11.979880022407029],[-71.90325395385311,11.979871773265781],[-71.90320421851035,11.979877334651004],[-71.90315805058277,11.97989626387725],[-71.90311912503223,11.979927054180699],[-71.90309054033098,11.979967254656732],[-71.90307457182381,11.980013665350851],[-71.90307249060982,11.980062591974],[-71.90308446236098,11.980110139967277],[-71.9031095341325,11.980152524508732],[-71.90314571021503,11.980186371785726],[-71.90319011099209,11.980208987551388],[-71.90323920215756,11.980218571587809],[-71.90324903536538,11.98021883833674]]]},"id":"00000000000000000066","properties":{"area_m2":1168.7,"blanqueami":83.8393,"blanqueamiento":83.8393,"circularid":0.0848,"circularidad":0.0848,"comp_humedad":1,"comp_suelo":1,"comp_vegetacion":0,"comp_verdor":1,"confianza":"baja","confusor":"Vegetación irregular","coord_x":5119358.935202781,"coord_y":2882104.030702474,"cumple_BSI":1,"cumple_GLI":1,"cumple_MSAVI":0,"cumple_MSI":1,"cumple_NDVI":1,"dif_BSI":0.02633036296710417,"dif_GLI":-0.006664269973754123,"dif_MSAVI":-0.02028726108353371,"dif_MSI":0.07537696792361182,"dif_NDVI":-0.06110536464995964,"distancia_":1.636,"distancia_similitud":1.636,"ext_BSI":0.11949590018201317,"ext_GLI":0.021297071590099477,"ext_MSAVI":0.1917994154433677,"ext_MSI":1.1898648019936946,"ext_NDVI":0.41594263347304966,"fid":103,"id_cand":"C103","int_BSI":0.14582626314911734,"int_GLI":0.014632801616345354,"int_MSAVI":0.171512154359834,"int_MSI":1.2652417699173064,"int_NDVI":0.35483726882309,"prioridad_espectral":"Alta","puntaje_componentes":3,"puntaje_indices":4,"radio_m":19.28752871632331,"vari":0.028,"zona":1}},{"type":"Feature","geometry":{"type":"Polygon","coordinates":[[[-71.96742639368158,11.9357481522212],[-71.96747292012562,11.935741665890315],[-71.96751574305848,11.935722723210498],[-71.96755145377038,11.935692832021445],[-71.96757720968769,11.935654371664949],[-71.96759096064196,11.935610403588301],[-71.9675916120626,11.935564427652187],[-71.96757911210307,11.935520103541206],[-71.96755445576571,11.935480959452965],[-71.9675196056979,11.93545011125404],[-71.96747733596439,11.935430014457907],[-71.96743101123195,11.935422268767033],[-71.96738431894313,11.935427490737354],[-71.96734097579782,11.935445264700752],[-71.96730443190579,11.935474175852013],[-71.96727759615953,11.9355119228666],[-71.96726260468665,11.935555501085135],[-71.9672606508136,11.935601441683355],[-71.96727189007517,11.935646087789896],[-71.96729542783187,11.935685885573205],[-71.96732939048152,11.935717667126971],[-71.96737107459693,11.935738902636336],[-71.96741716211874,11.93574790175215],[-71.96742639368158,11.9357481522212]]]},"id":"0000000000000000006f","properties":{"area_m2":1030.4,"blanqueami":100.3146,"blanqueamiento":100.3146,"circularid":0.0929,"circularidad":0.0929,"comp_humedad":1,"comp_suelo":1,"comp_vegetacion":0,"comp_verdor":1,"confianza":"baja","confusor":"Vegetación irregular","coord_x":5112392.387791832,"coord_y":2877161.9824700374,"cumple_BSI":1,"cumple_GLI":1,"cumple_MSAVI":0,"cumple_MSI":1,"cumple_NDVI":1,"dif_BSI":0.012200630661705486,"dif_GLI":-0.006037132271968644,"dif_MSAVI":-0.01825651399613229,"dif_MSI":0.03312724582687321,"dif_NDVI":-0.06410474647004236,"distancia_":1.729,"distancia_similitud":1.729,"ext_BSI":0.23655112822461252,"ext_GLI":-0.005038157000254123,"ext_MSAVI":0.1488631896600489,"ext_MSI":1.547381435132668,"ext_NDVI":0.3022062545039203,"fid":112,"id_cand":"C112","int_BSI":0.248751758886318,"int_GLI":-0.011075289272222767,"int_MSAVI":0.13060667566391662,"int_MSI":1.5805086809595412,"int_NDVI":0.23810150803387795,"prioridad_espectral":"Alta","puntaje_componentes":3,"puntaje_indices":4,"radio_m":18.110397751672323,"vari":-0.0571,"zona":1}},{"type":"Feature","geometry":{"type":"Polygon","coordinates":[[[-71.91941509573314,11.965684699116874],[-71.91947883976204,11.965675813433815],[-71.91953750975448,11.965649863686686],[-71.919586435571,11.96560891547985],[-71.9196217227147,11.965556228296482],[-71.91964056233381,11.96549599604187],[-71.91964145480483,11.965433013206829],[-71.91962432909926,11.965372293225192],[-71.91959054843379,11.96531866940443],[-71.9195428017549,11.965276410195328],[-71.91948488969697,11.965248879424978],[-71.9194214220523,11.96523826853799],[-71.91935745083383,11.965245422158983],[-71.91929806813863,11.965269770861076],[-71.91924800082067,11.965309376491847],[-71.9192112342359,11.965361086448947],[-71.91919069500871,11.965420784625392],[-71.91918801807135,11.965483719049967],[-71.91920341652022,11.965544880142964],[-71.91923566464962,11.965599399478608],[-71.91928219551455,11.96564293731259],[-71.91933930525761,11.96567202802734],[-71.91940244793626,11.965684355997068],[-71.91941509573314,11.965684699116874]]]},"id":"00000000000000000073","properties":{"area_m2":1933.7,"blanqueami":90.7265,"blanqueamiento":90.7265,"circularid":0.0998,"circularidad":0.0998,"comp_humedad":1,"comp_suelo":1,"comp_vegetacion":0,"comp_verdor":1,"confianza":"baja","confusor":"Vegetación irregular","coord_x":5117605.609407919,"coord_y":2880484.4390124534,"cumple_BSI":1,"cumple_GLI":1,"cumple_MSAVI":0,"cumple_MSI":1,"cumple_NDVI":1,"dif_BSI":0.022204513960623062,"dif_GLI":-0.014411275843910058,"dif_MSAVI":-0.01996867485366627,"dif_MSI":0.0617559812033015,"dif_NDVI":-0.057375387968137875,"distancia_":1.776,"distancia_similitud":1.776,"ext_BSI":0.18361012043946323,"ext_GLI":0.0031413598882649996,"ext_MSAVI":0.1613705987319434,"ext_MSI":1.3357070734722774,"ext_NDVI":0.29219429987454404,"fid":116,"id_cand":"C116","int_BSI":0.2058146344000863,"int_GLI":-0.011269915955645058,"int_MSAVI":0.14140192387827713,"int_MSI":1.3974630546755789,"int_NDVI":0.23481891190640616,"prioridad_espectral":"Alta","puntaje_componentes":3,"puntaje_indices":4,"radio_m":24.809591429799806,"vari":-0.0586,"zona":1}},{"type":"Feature","geometry":{"type":"Polygon","coordinates":[[[-71.94287245277673,11.953128127729975],[-71.94294081737132,11.953118597514106],[-71.94300374013069,11.953090765473595],[-71.94305621239391,11.953046847044037],[-71.94309405736661,11.952990338139216],[-71.9431142625946,11.95292573687426],[-71.94311521975342,11.952858185513714],[-71.94309685266724,11.952793061146062],[-71.9430606233682,11.952735547667448],[-71.94300941571483,11.95269022314462],[-71.94294730583493,11.952660695402754],[-71.94287923766625,11.952649314844697],[-71.94281062942177,11.952656987360585],[-71.94274694230403,11.952683102219703],[-71.94269324579776,11.952725580684175],[-71.9426538141419,11.952781041474948],[-71.94263178610119,11.952845069919528],[-71.94262891511882,11.952912569357883],[-71.942645429739,11.952978166835294],[-71.94268001541045,11.953036640789364],[-71.94272991912072,11.953083336687385],[-71.94279116853382,11.953114537529006],[-71.94285888818844,11.953127759721598],[-71.94287245277673,11.953128127729975]]]},"id":"000000000000000000b1","properties":{"area_m2":2224.4,"blanqueami":97.5392,"blanqueamiento":97.5392,"circularid":0.1636,"circularidad":0.1636,"comp_humedad":1,"comp_suelo":1,"comp_vegetacion":0,"comp_verdor":1,"confianza":"baja","confusor":"Vegetación irregular","coord_x":5115057.937032684,"coord_y":2879084.806102866,"cumple_BSI":1,"cumple_GLI":1,"cumple_MSAVI":0,"cumple_MSI":1,"cumple_NDVI":0,"dif_BSI":0.013637691346670505,"dif_GLI":-0.004242136999759482,"dif_MSAVI":-0.014616050484993412,"dif_MSI":0.044083449743542724,"dif_NDVI":-0.03504280981152377,"distancia_":2.481,"distancia_similitud":2.481,"ext_BSI":0.2087214002604649,"ext_GLI":-0.0034067663012851907,"ext_MSAVI":0.13571807276877848,"ext_MSI":1.4002469706676506,"ext_NDVI":0.21881941690567458,"fid":178,"id_cand":"C178","int_BSI":0.2223590916071354,"int_GLI":-0.007648903301044673,"int_MSAVI":0.12110202228378507,"int_MSI":1.4443304204111933,"int_NDVI":0.1837766070941508,"prioridad_espectral":"Alta","puntaje_componentes":3,"puntaje_indices":3,"radio_m":26.60918094995079,"vari":-0.0766,"zona":1}},{"type":"Feature","geometry":{"type":"Polygon","coordinates":[[[-71.97675099070437,11.952912658070323],[-71.97680406969464,11.952905258706087],[-71.97685292358916,11.952883649603937],[-71.9768936636123,11.952849550851507],[-71.97692304685692,11.952805676713597],[-71.97693873442014,11.952755519575378],[-71.97693947757895,11.952703071947374],[-71.97692521718636,11.952652508660892],[-71.97689708837693,11.952607854551406],[-71.97685733020766,11.95257266408233],[-71.97680910742802,11.952549738410882],[-71.97675625856601,11.952540902417237],[-71.97670299038305,11.952546859445123],[-71.97665354301826,11.952567135316052],[-71.97661185247591,11.952600116073652],[-71.97658123732143,11.952643176453678],[-71.97656413452403,11.952692888853765],[-71.97656190547318,11.95274529616937],[-71.97657472760972,11.952796226778517],[-71.97660158029912,11.952841626602792],[-71.97664032607152,11.952877881812588],[-71.97668788076307,11.952902106489068],[-71.97674045901543,11.95291237234458],[-71.97675099070437,11.952912658070323]]]},"id":"000000000000000000b2","properties":{"area_m2":1340.9,"blanqueami":99.528,"blanqueamiento":99.528,"circularid":0.119,"circularidad":0.119,"comp_humedad":0,"comp_suelo":1,"comp_vegetacion":1,"comp_verdor":1,"confianza":"baja","confusor":"Vegetación irregular","coord_x":5111370.333779858,"coord_y":2879053.0759840747,"cumple_BSI":1,"cumple_GLI":1,"cumple_MSAVI":1,"cumple_MSI":0,"cumple_NDVI":1,"dif_BSI":0.025233812768027275,"dif_GLI":-0.02700783346856184,"dif_MSAVI":-0.025709893835736214,"dif_MSI":0.011733972997837183,"dif_NDVI":-0.088778643426906,"distancia_":2.481,"distancia_similitud":2.481,"ext_BSI":0.15781705662147377,"ext_GLI":0.02599638133826257,"ext_MSAVI":0.187786986941848,"ext_MSI":1.285807808567807,"ext_NDVI":0.3839018652282508,"fid":179,"id_cand":"C179","int_BSI":0.18305086938950105,"int_GLI":-0.0010114521302992696,"int_MSAVI":0.1620770931061118,"int_MSI":1.2975417815656443,"int_NDVI":0.2951232218013448,"prioridad_espectral":"Alta","puntaje_componentes":3,"puntaje_indices":4,"radio_m":20.659664236958086,"vari":-0.0765,"zona":1}},{"type":"Feature","geometry":{"type":"Polygon","coordinates":[[[-71.92612068916749,11.958276547281777],[-71.92618106773489,11.958268130501484],[-71.92623664015778,11.958243550137825],[-71.92628298286408,11.958204762791773],[-71.92631640697262,11.958154855941373],[-71.9263342519288,11.95809780217684],[-71.92633509728316,11.958038142980836],[-71.92631887575648,11.95798062722551],[-71.9262868785917,11.957929833162233],[-71.92624165276806,11.957889803993647],[-71.92618679826002,11.957863726036233],[-71.92612668147967,11.957853675091181],[-71.92606608771236,11.957860451211937],[-71.92600984021126,11.957883515020495],[-71.9259624162698,11.957921030641524],[-71.92592759083139,11.95797001183684],[-71.9259081360048,11.95802655970832],[-71.92590560040288,11.958086173048649],[-71.92592018587055,11.958144106636379],[-71.92595073141426,11.958195748955427],[-71.92599480561421,11.958236989272557],[-71.92604890016362,11.958264544853153],[-71.92610870913002,11.958276222268607],[-71.92612068916749,11.958276547281777]]]},"id":"000000000000000000c9","properties":{"area_m2":1735.0,"blanqueami":111.6575,"blanqueamiento":111.6575,"circularid":0.0704,"circularidad":0.0704,"comp_humedad":0,"comp_suelo":1,"comp_vegetacion":1,"comp_verdor":1,"confianza":"baja","confusor":"Vegetación irregular","coord_x":5116878.869724659,"coord_y":2879664.0386235123,"cumple_BSI":1,"cumple_GLI":1,"cumple_MSAVI":1,"cumple_MSI":0,"cumple_NDVI":1,"dif_BSI":0.014760000162178988,"dif_GLI":-0.005861937294132259,"dif_MSAVI":-0.04565775759002602,"dif_MSI":0.021973592137321196,"dif_NDVI":-0.10705182770643631,"distancia_":2.758,"distancia_similitud":2.758,"ext_BSI":0.20848627916348247,"ext_GLI":-0.0071117608031587105,"ext_MSAVI":0.15728629236195,"ext_MSI":1.4388371265795081,"ext_NDVI":0.2797209033556826,"fid":202,"id_cand":"C202","int_BSI":0.22324627932566146,"int_GLI":-0.01297369809729097,"int_MSAVI":0.11162853477192397,"int_MSI":1.4608107187168293,"int_NDVI":0.1726690756492463,"prioridad_espectral":"Alta","puntaje_componentes":3,"puntaje_indices":4,"radio_m":23.500375582719457,"vari":-0.0822,"zona":1}},{"type":"Feature","geometry":{"type":"Polygon","coordinates":[[[-72.03077083766966,12.01853976001775],[-72.0308507715932,12.018528619703677],[-72.03092434275784,12.0184960855331],[-72.03098569488616,12.018444747233088],[-72.03102994434573,12.018378691341665],[-72.03105356888729,12.018303175916452],[-72.03105468801334,12.018224211990578],[-72.03103321266077,12.018148085092811],[-72.03099085228425,12.018080854919365],[-72.03093097877843,12.018027872983605],[-72.03085835807242,12.017993356638213],[-72.0307787707625,12.01798005337685],[-72.03069855198031,12.017989022135986],[-72.03062408712208,12.01801954900452],[-72.03056130357699,12.018069204050464],[-72.03051519891116,12.018134034741394],[-72.03048944306273,12.018208880563177],[-72.03048608621262,12.01828778379411],[-72.03050539558537,12.018364463737807],[-72.030545834172,12.018432816666346],[-72.03060418307066,12.01848740167843],[-72.03067579770816,12.018523873797651],[-72.03075497754827,12.01853932983558],[-72.03077083766966,12.01853976001775]]]},"id":"00000000000000000008","properties":{"area_m2":3039.5,"blanqueami":83.7099,"blanqueamiento":83.7099,"circularid":0.09,"circularidad":0.09,"comp_humedad":1,"comp_suelo":1,"comp_vegetacion":1,"comp_verdor":0,"confianza":"baja","confusor":"Vegetación irregular","coord_x":5105464.801464208,"coord_y":2886276.586212048,"cumple_BSI":1,"cumple_GLI":0,"cumple_MSAVI":1,"cumple_MSI":1,"cumple_NDVI":1,"dif_BSI":0.03389383191954126,"dif_GLI":-0.0019034461250722334,"dif_MSAVI":-0.032120926138820505,"dif_MSI":0.06815510350812715,"dif_NDVI":-0.11425314978609824,"distancia_":0.318,"distancia_similitud":0.318,"ext_BSI":0.15419360790938483,"ext_GLI":0.036414238469545196,"ext_MSAVI":0.17890250553256087,"ext_MSI":1.278239847358602,"ext_NDVI":0.3661210079994387,"fid":9,"id_cand":"C009","int_BSI":0.1880874398289261,"int_GLI":0.03451079234447296,"int_MSAVI":0.14678157939374037,"int_MSI":1.3463949508667292,"int_NDVI":0.25186785821334046,"prioridad_espectral":"Alta","puntaje_componentes":3,"puntaje_indices":4,"radio_m":31.104708631582323,"vari":-0.0165,"zona":2}},{"type":"Feature","geometry":{"type":"Polygon","coordinates":[[[-72.03936239830244,12.022897112797496],[-72.03941130949227,12.022890296205187],[-72.03945632734442,12.022870389029992],[-72.03949386843311,12.022838975885717],[-72.03952094448654,12.022798557262144],[-72.03953540025377,12.022752350484952],[-72.03953608506168,12.022704033615588],[-72.03952294440687,12.02265745267695],[-72.0394970242916,12.022616315509941],[-72.03946038796035,12.022583896629893],[-72.03941595166435,12.022562776576132],[-72.03936725252828,12.022554636502155],[-72.03931816699655,12.02256012435668],[-72.03927260227046,12.022578803307281],[-72.03923418529708,12.022609186512016],[-72.03920597406601,12.022648855471244],[-72.03919021419375,12.022694652539139],[-72.03918816017192,12.022742932271228],[-72.03919997550784,12.02278985160114],[-72.03922471970719,12.02283167574856],[-72.03926042313532,12.02286507550829],[-72.03930424379902,12.022887392255917],[-72.03935269356931,12.022896849575433],[-72.03936239830244,12.022897112797496]]]},"id":"00000000000000000051","properties":{"area_m2":1138.0,"blanqueami":74.4978,"blanqueamiento":74.4978,"circularid":0.0621,"circularidad":0.0621,"comp_humedad":1,"comp_suelo":1,"comp_vegetacion":0,"comp_verdor":1,"confianza":"baja","confusor":"Vegetación irregular","coord_x":5104528.2746504,"coord_y":2886766.8825283176,"cumple_BSI":1,"cumple_GLI":1,"cumple_MSAVI":0,"cumple_MSI":1,"cumple_NDVI":0,"dif_BSI":0.014523140729556044,"dif_GLI":-0.01253025283653174,"dif_MSAVI":-0.01635106162260297,"dif_MSI":0.04496859816000298,"dif_NDVI":-0.045549045813370104,"distancia_":1.277,"distancia_similitud":1.277,"ext_BSI":0.18915832125330614,"ext_GLI":0.020527992438134295,"ext_MSAVI":0.17223464190583554,"ext_MSI":1.3699118508929382,"ext_NDVI":0.3244551840237861,"fid":82,"id_cand":"C082","int_BSI":0.2036814619828622,"int_GLI":0.007997739601602554,"int_MSAVI":0.15588358028323257,"int_MSI":1.4148804490529412,"int_NDVI":0.278906138210416,"prioridad_espectral":"Alta","puntaje_componentes":3,"puntaje_indices":3,"radio_m":19.0325156108475,"vari":-0.0423,"zona":2}},{"type":"Feature","geometry":{"type":"Polygon","coordinates":[[[-71.94941698891245,11.958819776339851],[-71.94947013433739,11.958812367876162],[-71.94951904937835,11.95879073219996],[-71.94955984039244,11.958756591514199],[-71.94958926041363,11.958712663421574],[-71.94960496761163,11.958662444602062],[-71.94960571170053,11.958609932476032],[-71.94959143345932,11.958559307008827],[-71.94956326944333,11.958514597985504],[-71.94952346151204,11.958479364240606],[-71.94947517837595,11.958456410376089],[-71.94942226336742,11.958447563516302],[-71.94936892851311,11.958453527869898],[-71.94931941925917,11.958473828675272],[-71.94927767653621,11.958506849991283],[-71.94924702306324,11.958549963325238],[-71.94922989885963,11.958599736859657],[-71.94922766701877,11.958652208623711],[-71.94924050520368,11.958703201865331],[-71.94926739150236,11.95874865752055],[-71.94930618576967,11.958784957315606],[-71.94935379998154,11.958809211782663],[-71.94940644404186,11.958819490262728],[-71.94941698891245,11.958819776339851]]]},"id":"0000000000000000002c","properties":{"area_m2":1344.2,"blanqueami":121.8481,"blanqueamiento":121.8481,"circularid":0.1839,"circularidad":0.1839,"comp_humedad":1,"comp_suelo":1,"comp_vegetacion":1,"comp_verdor":0,"confianza":"media","confusor":"Infraestructura","coord_x":5114342.860695739,"coord_y":2879717.2859963053,"cumple_BSI":1,"cumple_GLI":0,"cumple_MSAVI":1,"cumple_MSI":1,"cumple_NDVI":1,"dif_BSI":0.018548833461002,"dif_GLI":9.119420255380845E-4,"dif_MSAVI":-0.041702989381660005,"dif_MSI":0.03817465743362014,"dif_NDVI":-0.0794210115377878,"distancia_":0.913,"distancia_similitud":0.913,"ext_BSI":0.08678788523536575,"ext_GLI":0.07681172328767426,"ext_MSAVI":0.22204273391557414,"ext_MSI":1.0760905118052237,"ext_NDVI":0.4014415894019572,"fid":45,"id_cand":"C045","int_BSI":0.10533671869636775,"int_GLI":0.07772366531321234,"int_MSAVI":0.18033974453391413,"int_MSI":1.1142651692388439,"int_NDVI":0.3220205778641694,"prioridad_espectral":"Alta","puntaje_componentes":3,"puntaje_indices":4,"radio_m":20.68507067931486,"vari":-0.014,"zona":1}},{"type":"Feature","geometry":{"type":"Polygon","coordinates":[[[-71.9376645975184,11.958915553725557],[-71.93770899739964,11.95890936439216],[-71.93774986304464,11.958891289063713],[-71.93778394154414,11.958862766538545],[-71.93780852024865,11.958826067212522],[-71.93782164269567,11.958784112354659],[-71.93782226434332,11.958740241573265],[-71.9378103357144,11.958697946982618],[-71.93778680633285,11.95866059523065],[-71.93775354914011,11.958631159514221],[-71.93771321140815,11.958611982913473],[-71.93766900401674,11.958604591883537],[-71.93762444586865,11.958609574749442],[-71.9375830837867,11.95862653487571],[-71.93754821018844,11.958654122238366],[-71.93752260101105,11.958690140886171],[-71.93750829474712,11.95873172373749],[-71.93750643017997,11.958775560799108],[-71.93751715573507,11.958818162641164],[-71.93753961766349,11.958856138155678],[-71.93757202799867,11.958886464489185],[-71.9376118068777,11.958906727662631],[-71.93765578789838,11.958915314725036],[-71.9376645975184,11.958915553725557]]]},"id":"00000000000000000083","properties":{"area_m2":938.2,"blanqueami":98.8016,"blanqueamiento":98.8016,"circularid":0.0708,"circularidad":0.0708,"comp_humedad":0,"comp_suelo":1,"comp_vegetacion":1,"comp_verdor":1,"confianza":"media","confusor":"Vegetación irregular","coord_x":5115622.029421084,"coord_y":2879735.987530224,"cumple_BSI":1,"cumple_GLI":1,"cumple_MSAVI":1,"cumple_MSI":0,"cumple_NDVI":1,"dif_BSI":0.015386927159790342,"dif_GLI":-0.007547860107221091,"dif_MSAVI":-0.02781304528069309,"dif_MSI":0.00849563207475934,"dif_NDVI":-0.09309728271038076,"distancia_":1.938,"distancia_similitud":1.938,"ext_BSI":0.16644271063140936,"ext_GLI":0.006818009560148267,"ext_MSAVI":0.18218629679991113,"ext_MSI":1.309862488592801,"ext_NDVI":0.353442605267252,"fid":132,"id_cand":"C132","int_BSI":0.1818296377911997,"int_GLI":-7.298505470728244E-4,"int_MSAVI":0.15437325151921805,"int_MSI":1.3183581206675603,"int_NDVI":0.26034532255687126,"prioridad_espectral":"Alta","puntaje_componentes":3,"puntaje_indices":4,"radio_m":17.2811554942843,"vari":-0.0626,"zona":1}},{"type":"Feature","geometry":{"type":"Polygon","coordinates":[[[-71.91290619224152,11.958134803820098],[-71.91300727995151,11.95812071216498],[-71.91310032105028,11.958079558899579],[-71.91317790944599,11.958014619835108],[-71.91323386909765,11.957931064135973],[-71.91326374562922,11.957835542849606],[-71.9132651608943,11.957735659478827],[-71.91323800226853,11.957639364740364],[-71.9131844316049,11.957554323687685],[-71.9131087131421,11.957487305575142],[-71.91301687406667,11.95744364502953],[-71.91291622475,11.95742681741845],[-71.91281477684873,11.95743816221475],[-71.91272060558582,11.957476776376035],[-71.91264120697221,11.957539586225797],[-71.91258290113113,11.957621592114705],[-71.91255032921823,11.957716266388102],[-71.91254608398228,11.957816072982926],[-71.91257050337468,11.957913067295475],[-71.91262164363907,11.957999528571486],[-71.9126954340257,11.958068574480347],[-71.91278600081843,11.95811470895268],[-71.91288613488292,11.95813425967217],[-71.91290619224152,11.958134803820098]]]},"id":"0000000000000000008c","properties":{"area_m2":4863.3,"blanqueami":99.2092,"blanqueamiento":99.2092,"circularid":0.076,"circularidad":0.076,"comp_humedad":0,"comp_suelo":1,"comp_vegetacion":1,"comp_verdor":1,"confianza":"media","confusor":"Vegetación irregular","coord_x":5118317.52672106,"coord_y":2879638.454576994,"cumple_BSI":1,"cumple_GLI":1,"cumple_MSAVI":1,"cumple_MSI":0,"cumple_NDVI":1,"dif_BSI":0.020627742552161682,"dif_GLI":-0.010318842091025309,"dif_MSAVI":-0.03747289484001444,"dif_MSI":0.02264241228789876,"dif_NDVI":-0.0869825091951231,"distancia_":2.054,"distancia_similitud":2.054,"ext_BSI":0.20038568265844134,"ext_GLI":0.007774904089427821,"ext_MSAVI":0.11901084804108752,"ext_MSI":1.3826778489965725,"ext_NDVI":0.21731064273464173,"fid":141,"id_cand":"C141","int_BSI":0.22101342521060302,"int_GLI":-0.0025439380015974873,"int_MSAVI":0.08153795320107309,"int_MSI":1.4053202612844713,"int_NDVI":0.13032813353951864,"prioridad_espectral":"Alta","puntaje_componentes":3,"puntaje_indices":4,"radio_m":39.34509460501562,"vari":-0.0655,"zona":1}},{"type":"Feature","geometry":{"type":"Polygon","coordinates":[[[-71.88118432097156,11.963764766434444],[-71.88124263297682,11.963756637898355],[-71.88129630333663,11.963732899322963],[-71.88134105988358,11.963695440302628],[-71.88137333999495,11.963647242580313],[-71.88139057417798,11.963592142699312],[-71.88139139060017,11.96353452661295],[-71.88137572428457,11.963478980561844],[-71.88134482227865,11.96342992600909],[-71.88130114438671,11.963391267692616],[-71.88124816736793,11.963366082809431],[-71.88119010818667,11.963356376072296],[-71.88113158834409,11.963362920135827],[-71.88107726600973,11.963385194093696],[-71.88103146523417,11.963421424942428],[-71.88099783175704,11.963468728711357],[-71.88097904280666,11.96352334002518],[-71.88097659399163,11.963580911826336],[-71.88099068024786,11.963636861399873],[-71.8810201803184,11.963686735157411],[-71.88106274600274,11.96372656314351],[-71.88111498907196,11.96375317504547],[-71.88117275097186,11.963764452551795],[-71.88118432097156,11.963764766434444]]]},"id":"00000000000000000094","properties":{"area_m2":1618.2,"blanqueami":120.0844,"blanqueamiento":120.0844,"circularid":0.2452,"circularidad":0.2452,"comp_humedad":0,"comp_suelo":1,"comp_vegetacion":1,"comp_verdor":1,"confianza":"media","confusor":"Vegetación irregular","coord_x":5121767.883473237,"coord_y":2880290.776892127,"cumple_BSI":1,"cumple_GLI":1,"cumple_MSAVI":1,"cumple_MSI":0,"cumple_NDVI":1,"dif_BSI":0.010675167159697907,"dif_GLI":-0.01232236886641854,"dif_MSAVI":-0.05683481032182356,"dif_MSI":0.016994099240704275,"dif_NDVI":-0.11748573759937275,"distancia_":2.126,"distancia_similitud":2.126,"ext_BSI":0.1275229049512694,"ext_GLI":0.02189472972883893,"ext_MSAVI":0.10360936149077643,"ext_MSI":1.170288416502281,"ext_NDVI":0.19052143048887255,"fid":149,"id_cand":"C149","int_BSI":0.1381980721109673,"int_GLI":0.009572360862420389,"int_MSAVI":0.04677455116895287,"int_MSI":1.1872825157429854,"int_NDVI":0.07303569288949979,"prioridad_espectral":"Alta","puntaje_componentes":3,"puntaje_indices":4,"radio_m":22.6955735292724,"vari":-0.063,"zona":1}},{"type":"Feature","geometry":{"type":"Polygon","coordinates":[[[-72.15693056507324,11.843491047582049],[-72.15699736408496,11.843481731857878],[-72.15705884588259,11.843454526218828],[-72.15711011650622,11.843411596238651],[-72.15714709481219,11.843356359150206],[-72.1571668373326,11.8432932118317],[-72.15716777257391,11.843227180813322],[-72.15714982610417,11.843163522164327],[-72.1571144264738,11.843107303109827],[-72.15706439149938,11.843062998680749],[-72.15700370396348,11.84303413550317],[-72.15693719458582,11.843023011080907],[-72.15687015750026,11.843030510915813],[-72.1568079288459,11.843056038022496],[-72.15675546201423,11.843097560447905],[-72.15671693336233,11.843151773013345],[-72.1566954097755,11.843214360404707],[-72.15669260454182,11.843280340669576],[-72.15670874097118,11.843344461779411],[-72.15674253461557,11.843401619690844],[-72.15679129550753,11.84344726462848],[-72.15685114227948,11.843477763248785],[-72.15691731112071,11.843490687856244],[-72.15693056507324,11.843491047582049]]]},"id":"0000000000000000005b","properties":{"area_m2":2125.4,"blanqueami":111.9535,"blanqueamiento":111.9535,"circularid":0.0634,"circularidad":0.0634,"comp_humedad":0,"comp_suelo":1,"comp_vegetacion":1,"comp_verdor":0,"confianza":"alta","confusor":"Ninguno","coord_x":5091794.75266,"coord_y":2866885.4136021757,"cumple_BSI":1,"cumple_GLI":0,"cumple_MSAVI":1,"cumple_MSI":0,"cumple_NDVI":1,"dif_BSI":0.013890484275726506,"dif_GLI":-0.0017720303870608872,"dif_MSAVI":-0.03493354173029914,"dif_MSI":-0.00199561623500899,"dif_NDVI":-0.10081343245868757,"distancia_":1.487,"distancia_similitud":1.487,"ext_BSI":0.16775941233148783,"ext_GLI":0.0045213200388276665,"ext_MSAVI":0.17353238928502657,"ext_MSI":1.3107248441053956,"ext_NDVI":0.3312274316764387,"fid":92,"id_cand":"C092","int_BSI":0.18164989660721434,"int_GLI":0.0027492896517667792,"int_MSAVI":0.13859884755472743,"int_MSI":1.3087292278703866,"int_NDVI":0.23041399921775113,"prioridad_espectral":"Media","puntaje_componentes":2,"puntaje_indices":3,"radio_m":26.010302422213947,"vari":-0.048,"zona":0}},{"type":"Feature","geometry":{"type":"Polygon","coordinates":[[[-71.9825061491528,11.934554146154351],[-71.98255888901787,11.934546793566861],[-71.98260743078166,11.9345253210715],[-71.98264791051425,11.934491437881967],[-71.98267710602764,11.934447841104186],[-71.98269269336228,11.934398001045416],[-71.98269343177328,11.93434588497662],[-71.98267926249147,11.934295641336991],[-71.98265131339886,11.934251269518146],[-71.98261180924695,11.934216301513214],[-71.98256389456543,11.93419352077132],[-71.98251138335777,11.934184740636306],[-71.98245845550822,11.934190660005562],[-71.98240932406549,11.934210807698218],[-71.98236789988651,11.934243579960853],[-71.98233748033422,11.934286368125356],[-71.98232048680788,11.934335766257666],[-71.98231827199885,11.93438784226892],[-71.98233101221423,11.934438450908967],[-71.98235769334029,11.934483563728158],[-71.98239619156355,11.93451958974254],[-71.9824434424251,11.934543661277289],[-71.98249568475154,11.934553862234885],[-71.9825061491528,11.934554146154351]]]},"id":"00000000000000000011","properties":{"area_m2":1324.0,"blanqueami":92.0974,"blanqueamiento":92.0974,"circularid":0.0608,"circularidad":0.0608,"comp_humedad":1,"comp_suelo":1,"comp_vegetacion":0,"comp_verdor":0,"confianza":"alta","confusor":"Ninguno","coord_x":5110751.16320717,"coord_y":2877021.1882221433,"cumple_BSI":1,"cumple_GLI":0,"cumple_MSAVI":0,"cumple_MSI":1,"cumple_NDVI":0,"dif_BSI":0.017591033770023995,"dif_GLI":-1.7270513777253816E-4,"dif_MSAVI":-0.013780780163482886,"dif_MSI":0.064613471480226,"dif_NDVI":-0.0267413600939313,"distancia_":0.486,"distancia_similitud":0.486,"ext_BSI":0.22145425042405897,"ext_GLI":9.519210685036815E-4,"ext_MSAVI":0.15106720003776317,"ext_MSI":1.4668538743584574,"ext_NDVI":0.2917844740079306,"fid":18,"id_cand":"C018","int_BSI":0.23904528419408297,"int_GLI":7.792159307311433E-4,"int_MSAVI":0.13728641987428028,"int_MSI":1.5314673458386834,"int_NDVI":0.2650431139139993,"prioridad_espectral":"Media","puntaje_componentes":2,"puntaje_indices":2,"radio_m":20.529059630371258,"vari":-0.0256,"zona":1}},{"type":"Feature","geometry":{"type":"Polygon","coordinates":[[[-71.88297375214073,11.987099866836317],[-71.88316478551906,11.987073239552693],[-71.88334061253475,11.98699547724863],[-71.88348723728465,11.986872769843966],[-71.88359298842161,11.98671488490131],[-71.88364944819912,11.986534390111462],[-71.8836521225101,11.98634565288982],[-71.88360079858947,11.986163696720729],[-71.88349956191581,11.986003005287625],[-71.88335647097783,11.985876369580485],[-71.88318291580322,11.985793869748026],[-71.88299271131584,11.985762072734579],[-71.88280099768902,11.985783509564529],[-71.88262303522023,11.985856473878368],[-71.88247298964481,11.9859751577551],[-71.88236280456752,11.986130114010795],[-71.88230125075879,11.986309008177974],[-71.88229322798946,11.986497600313491],[-71.88233937498171,11.986680878487837],[-71.88243601853246,11.986844253733326],[-71.88257546586992,11.986974721333734],[-71.88274661698114,11.987061896014273],[-71.88293584817453,11.987098838626258],[-71.88297375214073,11.987099866836317]]]},"id":"000000000000000000ad","properties":{"area_m2":17364.4,"blanqueami":130.3608,"blanqueamiento":130.3608,"circularid":0.3867,"circularidad":0.3867,"comp_humedad":0,"comp_suelo":0,"comp_vegetacion":1,"comp_verdor":1,"confianza":"alta","confusor":"Ninguno","coord_x":5121562.778287547,"coord_y":2882818.8050528676,"cumple_BSI":0,"cumple_GLI":1,"cumple_MSAVI":1,"cumple_MSI":0,"cumple_NDVI":1,"dif_BSI":0.005953862558295803,"dif_GLI":-0.006942481494389143,"dif_MSAVI":-0.054698243011558845,"dif_MSI":0.01765272472599677,"dif_NDVI":-0.11457484847874062,"distancia_":2.398,"distancia_similitud":2.398,"ext_BSI":0.15078737586759983,"ext_GLI":0.01382209256150714,"ext_MSAVI":0.07378552941071395,"ext_MSI":1.2253003112298237,"ext_NDVI":0.1389660896815183,"fid":174,"id_cand":"C174","int_BSI":0.15674123842589563,"int_GLI":0.006879611067117998,"int_MSAVI":0.019087286399155103,"int_MSI":1.2429530359558205,"int_NDVI":0.02439124120277768,"prioridad_espectral":"Media","puntaje_componentes":2,"puntaje_indices":3,"radio_m":74.34554584943079,"vari":-0.0666,"zona":1}},{"type":"Feature","geometry":{"type":"Polygon","coordinates":[[[-71.8840727037665,11.956711999308041],[-71.88414213663667,11.956702320299614],[-71.88420604263642,11.956674053725397],[-71.88425933483865,11.956629449610016],[-71.88429777118175,11.956572058448069],[-71.88431829213863,11.956506448582555],[-71.88431926425316,11.95643784256274],[-71.8843006101595,11.956371701427992],[-71.884263814736,11.956313290009009],[-71.88421180690483,11.956267257848392],[-71.88414872648795,11.956237269099075],[-71.88407959467756,11.956225710859915],[-71.8840099143521,11.9562335031644],[-71.88394523205132,11.956260025746689],[-71.88389069647621,11.95630316741429],[-71.88385064865551,11.95635949409741],[-71.88382827640079,11.95642452219872],[-71.88382536055508,11.956493075485644],[-71.88384213323414,11.956559697117138],[-71.88387725934561,11.956619084008036],[-71.88392794285818,11.956666508955673],[-71.88399014936367,11.956698196927123],[-71.88405892721589,11.956711625554048],[-71.8840727037665,11.956711999308041]]]},"id":"000000000000000000ae","properties":{"area_m2":2294.4,"blanqueami":129.7379,"blanqueamiento":129.7379,"circularid":0.0966,"circularidad":0.0966,"comp_humedad":0,"comp_suelo":0,"comp_vegetacion":1,"comp_verdor":1,"confianza":"alta","confusor":"Ninguno","coord_x":5121456.919083765,"coord_y":2879505.882085297,"cumple_BSI":0,"cumple_GLI":1,"cumple_MSAVI":1,"cumple_MSI":0,"cumple_NDVI":1,"dif_BSI":-0.004451757204449153,"dif_GLI":-0.0053266172642965435,"dif_MSAVI":-0.03420006249343501,"dif_MSI":-0.023590576890377024,"dif_NDVI":-0.06610878808925495,"distancia_":2.409,"distancia_similitud":2.409,"ext_BSI":0.15304060590523424,"ext_GLI":0.015882840645218693,"ext_MSAVI":0.04237761270529946,"ext_MSI":1.2227490015608975,"ext_NDVI":0.07764960843492032,"fid":175,"id_cand":"C175","int_BSI":0.1485888487007851,"int_GLI":0.01055622338092215,"int_MSAVI":0.008177550211864448,"int_MSI":1.1991584246705205,"int_NDVI":0.011540820345665365,"prioridad_espectral":"Media","puntaje_componentes":2,"puntaje_indices":3,"radio_m":27.024622159432486,"vari":-0.0672,"zona":1}},{"type":"Feature","geometry":{"type":"Polygon","coordinates":[[[-72.16841308402321,11.845282158182915],[-72.16849438919753,11.845270819515827],[-72.16856922246106,11.845237706075158],[-72.16863162707297,11.845185453698027],[-72.16867663562311,11.845118221683183],[-72.1687006654388,11.845041361707851],[-72.16870180376301,11.844960991831464],[-72.16867996000484,11.844883509496446],[-72.16863687294438,11.844815082291726],[-72.16857597232048,11.844761157014174],[-72.16850210582083,11.844726026106297],[-72.16842115320667,11.844712485980773],[-72.16833955828744,11.844721614428387],[-72.16826381599954,11.844752684826895],[-72.16819995541525,11.844803223979445],[-72.16815305983296,11.84486920897893],[-72.16812686214789,11.84494538742843],[-72.16812344771147,11.845025695529197],[-72.16814308833246,11.845103740757214],[-72.16818422063488,11.84517331070785],[-72.16824357049731,11.845228867604675],[-72.16831641366983,11.845265989109063],[-72.16839695182456,11.845281720341362],[-72.16841308402321,11.845282158182915]]]},"id":"0000000000000000003f","properties":{"area_m2":3148.7,"blanqueami":118.2353,"blanqueamiento":118.2353,"circularid":0.0896,"circularidad":0.0896,"comp_humedad":0,"comp_suelo":0,"comp_vegetacion":1,"comp_verdor":1,"confianza":"baja","confusor":"Infraestructura","coord_x":5090543.776543603,"coord_y":2867074.3912446527,"cumple_BSI":0,"cumple_GLI":1,"cumple_MSAVI":1,"cumple_MSI":0,"cumple_NDVI":1,"dif_BSI":0.008989473458115904,"dif_GLI":-0.012766434812863103,"dif_MSAVI":-0.03618647490124288,"dif_MSI":-0.0028950486351699833,"dif_NDVI":-0.12112928967131995,"distancia_":1.11,"distancia_similitud":1.11,"ext_BSI":0.18714688533451482,"ext_GLI":0.0104048749636318,"ext_MSAVI":0.17192974790157245,"ext_MSI":1.403214028824773,"ext_NDVI":0.33931398656746126,"fid":64,"id_cand":"C064","int_BSI":0.19613635879263072,"int_GLI":-0.0023615598492313025,"int_MSAVI":0.13574327300032957,"int_MSI":1.400318980189603,"int_NDVI":0.2181846968961413,"prioridad_espectral":"Media","puntaje_componentes":2,"puntaje_indices":3,"radio_m":31.658527107667243,"vari":-0.0329,"zona":0}},{"type":"Feature","geometry":{"type":"Polygon","coordinates":[[[-72.16498642781806,11.847754046125791],[-72.16505456747585,11.847744543584572],[-72.16511728320359,11.84771679236508],[-72.16516958282018,11.847673001469483],[-72.16520730327403,11.847616656659754],[-72.16522744202251,11.847552242988968],[-72.16522839603276,11.84748488778911],[-72.16521008937937,11.847419952534272],[-72.16517397928385,11.847362606067268],[-72.16512294011602,11.84731741316082],[-72.16506103459227,11.847287971163535],[-72.16499319038374,11.847276623653075],[-72.16492480787633,11.84728427388902],[-72.16486133030418,11.847310312914114],[-72.16480781047231,11.847352668026794],[-72.16476850855645,11.847407967766719],[-72.16474655299389,11.84747181028094],[-72.16474369145847,11.847539113709423],[-72.16476015174219,11.847604520699823],[-72.16479462361873,11.84766282485256],[-72.16484436313362,11.847709385151198],[-72.16490541102088,11.8477404953892],[-72.16497290786072,11.847753679186066],[-72.16498642781806,11.847754046125791]]]},"id":"000000000000000000d1","properties":{"area_m2":2211.5,"blanqueami":125.0391,"blanqueamiento":125.0391,"circularid":0.2038,"circularidad":0.2038,"comp_humedad":0,"comp_suelo":0,"comp_vegetacion":1,"comp_verdor":1,"confianza":"baja","confusor":"Infraestructura","coord_x":5090916.005052321,"coord_y":2867353.5741158836,"cumple_BSI":0,"cumple_GLI":1,"cumple_MSAVI":1,"cumple_MSI":0,"cumple_NDVI":1,"dif_BSI":0.0010170253024023024,"dif_GLI":-0.007148183669578246,"dif_MSAVI":-0.04642401258543599,"dif_MSI":-0.0377178793224624,"dif_NDVI":-0.11259271197499748,"distancia_":2.911,"distancia_similitud":2.911,"ext_BSI":0.1899386524035051,"ext_GLI":-0.00323825581050948,"ext_MSAVI":0.14962606212635954,"ext_MSI":1.3739836661781457,"ext_NDVI":0.2912423115456606,"fid":210,"id_cand":"C210","int_BSI":0.1909556777059074,"int_GLI":-0.010386439480087726,"int_MSAVI":0.10320204954092355,"int_MSI":1.3362657868556833,"int_NDVI":0.17864959957066312,"prioridad_espectral":"Media","puntaje_componentes":2,"puntaje_indices":3,"radio_m":26.531911225832435,"vari":-0.0831,"zona":0}},{"type":"Feature","geometry":{"type":"Polygon","coordinates":[[[-72.17287114163875,11.83197985517414],[-72.17301871809374,11.831959273419164],[-72.17315454740063,11.831899166470798],[-72.17326781750374,11.831804318865961],[-72.17334951209283,11.831682280505367],[-72.17339312830451,11.831542765671614],[-72.17339519434209,11.831396879763233],[-72.17335554581382,11.831256235299412],[-72.17327733879821,11.831132027563193],[-72.17316679860289,11.831034143462018],[-72.17303272422093,11.830970374538767],[-72.17288578793303,11.830945796774767],[-72.17273768580654,11.830962366549494],[-72.17260020670754,11.831018764916045],[-72.17248429392684,11.831110502587068],[-72.17239917410821,11.831230277274996],[-72.17235162281173,11.831368554944426],[-72.17234542517232,11.831514328712064],[-72.17238107458671,11.831655994988644],[-72.17245573341891,11.831782277123812],[-72.17256345885825,11.831883123032087],[-72.17269567595686,11.831950505347457],[-72.17284186019648,11.831979060411612],[-72.17287114163875,11.83197985517414]]]},"id":"00000000000000000038","properties":{"area_m2":10374.6,"blanqueami":105.4737,"blanqueamiento":105.4737,"circularid":0.0799,"circularidad":0.0799,"comp_humedad":0,"comp_suelo":0,"comp_vegetacion":1,"comp_verdor":1,"confianza":"baja","confusor":"Vegetación irregular","coord_x":5090062.684151921,"coord_y":2865576.562804012,"cumple_BSI":0,"cumple_GLI":1,"cumple_MSAVI":1,"cumple_MSI":0,"cumple_NDVI":1,"dif_BSI":0.008697040960329278,"dif_GLI":-0.01253351756457086,"dif_MSAVI":-0.025533786387255453,"dif_MSI":-0.0035672138947622223,"dif_NDVI":-0.08072855024860892,"distancia_":1.034,"distancia_similitud":1.034,"ext_BSI":0.18852461997637562,"ext_GLI":0.008460778839495385,"ext_MSAVI":0.17141109940940968,"ext_MSI":1.4171381082542742,"ext_NDVI":0.3421236269118884,"fid":57,"id_cand":"C057","int_BSI":0.1972216609367049,"int_GLI":-0.004072738725075476,"int_MSAVI":0.14587731302215423,"int_MSI":1.413570894359512,"int_NDVI":0.2613950766632795,"prioridad_espectral":"Media","puntaje_componentes":2,"puntaje_indices":3,"radio_m":57.465970323334446,"vari":-0.0377,"zona":0}},{"type":"Feature","geometry":{"type":"Polygon","coordinates":[[[-72.17449597080216,11.844653484584217],[-72.17455040945565,11.844645892656924],[-72.17460051478382,11.84462372119366],[-72.17464229839673,11.844588735046154],[-72.17467243431744,11.844543719116011],[-72.17468852373015,11.84449225667524],[-72.17468928592497,11.844438444136546],[-72.17467466024002,11.844386564978128],[-72.17464581088738,11.844340748778777],[-72.17460503427951,11.8443046425041],[-72.17455557623352,11.84428112020926],[-72.1745013736044,11.844272054265527],[-72.1744467409131,11.844278166320583],[-72.17439602691323,11.844298969855824],[-72.174353268433,11.844332808912931],[-72.17432186904557,11.844376989907179],[-72.17430432814528,11.844427996035485],[-72.17430204199479,11.844481767212645],[-72.17431519258052,11.844534023253324],[-72.17434273312367,11.84458060457467],[-72.17438247140137,11.84461780329976],[-72.17443124424636,11.84464265840575],[-72.17448516933511,11.844653191422667],[-72.17449597080216,11.844653484584217]]]},"id":"0000000000000000003d","properties":{"area_m2":1411.6,"blanqueami":106.6659,"blanqueamiento":106.6659,"circularid":0.0658,"circularidad":0.0658,"comp_humedad":0,"comp_suelo":1,"comp_vegetacion":0,"comp_verdor":1,"confianza":"baja","confusor":"Vegetación irregular","coord_x":5089881.5340417465,"coord_y":2867013.4052528003,"cumple_BSI":1,"cumple_GLI":1,"cumple_MSAVI":0,"cumple_MSI":0,"cumple_NDVI":1,"dif_BSI":0.012328038548569092,"dif_GLI":-0.00793977808250081,"dif_MSAVI":-0.012407028354169763,"dif_MSI":0.02610044439501391,"dif_NDVI":-0.04644377533030852,"distancia_":1.096,"distancia_similitud":1.096,"ext_BSI":0.19916589551940522,"ext_GLI":0.006602449971469966,"ext_MSAVI":0.17492446074556334,"ext_MSI":1.4347581851482094,"ext_NDVI":0.32376746322129757,"fid":62,"id_cand":"C062","int_BSI":0.21149393406797432,"int_GLI":-0.0013373281110308434,"int_MSAVI":0.16251743239139357,"int_MSI":1.4608586295432233,"int_NDVI":0.27732368789098905,"prioridad_espectral":"Media","puntaje_componentes":2,"puntaje_indices":3,"radio_m":21.197316701343095,"vari":-0.039,"zona":0}},{"type":"Feature","geometry":{"type":"Polygon","coordinates":[[[-72.16940374610292,11.849220351405018],[-72.16945221403039,11.849213592259137],[-72.1694968239041,11.849193852850457],[-72.16953402477348,11.84916270443849],[-72.16956085544825,11.849122626440211],[-72.16957518020948,11.84907680906743],[-72.169575858812,11.849028899384933],[-72.16956283724605,11.848982711003552],[-72.16953715203427,11.848941920516674],[-72.1695008477227,11.848909774844005],[-72.16945681413384,11.848888832777666],[-72.169408556337,11.84888076130345],[-72.16935991564625,11.848886202909563],[-72.1693147638537,11.848904724444932],[-72.16927669503715,11.848934851597786],[-72.16924873947292,11.84897418625011],[-72.16923312242638,11.849019597366796],[-72.16923108702,11.849067470225028],[-72.16924279527909,11.849113994145574],[-72.16926731523247,11.849155465822768],[-72.16930269509531,11.849188584108134],[-72.16934611863026,11.849210712782728],[-72.16939412931987,11.849220090401243],[-72.16940374610292,11.849220351405018]]]},"id":"00000000000000000077","properties":{"area_m2":1118.9,"blanqueami":116.0979,"blanqueamiento":116.0979,"circularid":0.1051,"circularidad":0.1051,"comp_humedad":0,"comp_suelo":0,"comp_vegetacion":1,"comp_verdor":1,"confianza":"baja","confusor":"Vegetación irregular","coord_x":5090434.595057409,"coord_y":2867521.7864779625,"cumple_BSI":0,"cumple_GLI":1,"cumple_MSAVI":1,"cumple_MSI":0,"cumple_NDVI":1,"dif_BSI":0.009615935896721245,"dif_GLI":-0.004135276405669047,"dif_MSAVI":-0.02459866937950865,"dif_MSI":-0.003235759437882013,"dif_NDVI":-0.06776820522388391,"distancia_":1.793,"distancia_similitud":1.793,"ext_BSI":0.19407487100409135,"ext_GLI":0.008173433712977204,"ext_MSAVI":0.14309372165867815,"ext_MSI":1.407667198415291,"ext_NDVI":0.28292534035710803,"fid":120,"id_cand":"C120","int_BSI":0.2036908069008126,"int_GLI":0.004038157307308157,"int_MSAVI":0.1184950522791695,"int_MSI":1.404431438977409,"int_NDVI":0.21515713513322413,"prioridad_espectral":"Media","puntaje_componentes":2,"puntaje_indices":3,"radio_m":18.8721204863429,"vari":-0.0551,"zona":0}},{"type":"Feature","geometry":{"type":"Polygon","coordinates":[[[-72.16584694875503,11.827001160685635],[-72.16589821226398,11.826994011097609],[-72.16594539519012,11.826973131441813],[-72.16598474176735,11.826940183741725],[-72.16601312000688,11.826897790638048],[-72.16602827100402,11.826849326625348],[-72.16602898874585,11.826798649441182],[-72.16601521610795,11.82674979298951],[-72.16598804939902,11.826706646241924],[-72.16594965109259,11.826672643676114],[-72.16590307769307,11.826650491892504],[-72.16585203643825,11.826641954170064],[-72.16580059020464,11.826647710110224],[-72.16575283410478,11.826667301541017],[-72.16571256951875,11.826699168987277],[-72.16568300150595,11.826740775804026],[-72.16566648368294,11.826788810092241],[-72.16566433087465,11.826839448324899],[-72.16567671445243,11.826888659698994],[-72.1657026486904,11.82693252698737],[-72.16574006922713,11.826967558350557],[-72.16578599738753,11.826990965288214],[-72.16583677728556,11.827000884604972],[-72.16584694875503,11.827001160685635]]]},"id":"0000000000000000007b","properties":{"area_m2":1251.9,"blanqueami":98.6811,"blanqueamiento":98.6811,"circularid":0.1192,"circularidad":0.1192,"comp_humedad":0,"comp_suelo":1,"comp_vegetacion":0,"comp_verdor":1,"confianza":"baja","confusor":"Vegetación irregular","coord_x":5090829.54014679,"coord_y":2865065.940577124,"cumple_BSI":1,"cumple_GLI":1,"cumple_MSAVI":0,"cumple_MSI":0,"cumple_NDVI":1,"dif_BSI":0.016187994928455768,"dif_GLI":-0.008951868431921087,"dif_MSAVI":-0.014676077092036527,"dif_MSI":0.028627258232117203,"dif_NDVI":-0.05320985409009188,"distancia_":1.862,"distancia_similitud":1.862,"ext_BSI":0.21826807619861002,"ext_GLI":0.018134925337781365,"ext_MSAVI":0.16924471606277794,"ext_MSI":1.5065748811220876,"ext_NDVI":0.3328778043344828,"fid":124,"id_cand":"C124","int_BSI":0.2344560711270658,"int_GLI":0.009183056905860278,"int_MSAVI":0.1545686389707414,"int_MSI":1.5352021393542048,"int_NDVI":0.2796679502443909,"prioridad_espectral":"Media","puntaje_componentes":2,"puntaje_indices":3,"radio_m":19.962268070374357,"vari":-0.0606,"zona":0}},{"type":"Feature","geometry":{"type":"Polygon","coordinates":[[[-72.16851619764448,11.848792549467387],[-72.16857531473812,11.848784305216753],[-72.1686297261011,11.84876022870863],[-72.16867510058204,11.848722236436892],[-72.16870782637064,11.848673352591407],[-72.16872529849829,11.848617468330955],[-72.16872612619227,11.84855903204552],[-72.16871024357856,11.848502695263566],[-72.16867891492217,11.84845294239032],[-72.16863463398882,11.848413733749938],[-72.16858092553976,11.848388190345114],[-72.16852206476109,11.848378345426866],[-72.16846273696099,11.84838498264899],[-72.16840766462217,11.848407573689759],[-72.1683612314955,11.848444320305964],[-72.16832713365568,11.848492297471942],[-72.16830808529437,11.848547686210061],[-72.16830560266946,11.848606077579856],[-72.16831988340826,11.848662823628707],[-72.1683497907732,11.848713407368765],[-72.16839294414324,11.848753802329897],[-72.16844590850961,11.8487807930681],[-72.16850446790284,11.84879223111643],[-72.16851619764448,11.848792549467387]]]},"id":"0000000000000000009b","properties":{"area_m2":1664.6,"blanqueami":114.1896,"blanqueamiento":114.1896,"circularid":0.1142,"circularidad":0.1142,"comp_humedad":0,"comp_suelo":0,"comp_vegetacion":1,"comp_verdor":1,"confianza":"baja","confusor":"Vegetación irregular","coord_x":5090531.259865807,"coord_y":2867471.0339112314,"cumple_BSI":0,"cumple_GLI":1,"cumple_MSAVI":1,"cumple_MSI":0,"cumple_NDVI":1,"dif_BSI":0.005184163559404681,"dif_GLI":-0.010593669923216451,"dif_MSAVI":-0.0352909062659752,"dif_MSI":-0.09294531682124862,"dif_NDVI":-0.12901034228978978,"distancia_":2.229,"distancia_similitud":2.229,"ext_BSI":0.1829999039636104,"ext_GLI":0.01633022082835493,"ext_MSAVI":0.1448224197579335,"ext_MSI":1.3731470799842032,"ext_NDVI":0.30968569309968713,"fid":156,"id_cand":"C156","int_BSI":0.18818406752301509,"int_GLI":0.005736550905138477,"int_MSAVI":0.1095315134919583,"int_MSI":1.2802017631629545,"int_NDVI":0.18067535080989736,"prioridad_espectral":"Media","puntaje_componentes":2,"puntaje_indices":3,"radio_m":23.018658443565688,"vari":-0.0676,"zona":0}},{"type":"Feature","geometry":{"type":"Polygon","coordinates":[[[-72.15851843642649,11.848987525158893],[-72.1585903627068,11.848977494592072],[-72.1586565636404,11.848948201326836],[-72.15871176962274,11.848901977112767],[-72.15875158625528,11.848842501404762],[-72.1587728441402,11.84877450847611],[-72.15877385116268,11.848703410568142],[-72.15875452717911,11.848634867074555],[-72.15871641039189,11.848574334053557],[-72.15866253490415,11.848526629926882],[-72.15859718920322,11.848495551935496],[-72.15852557479735,11.848483573881579],[-72.1584533921787,11.848491649215713],[-72.15838638706866,11.848519135143006],[-72.15832989306318,11.848563843789034],[-72.1582884070819,11.848622216352947],[-72.15826523141423,11.848689606385742],[-72.15826221085567,11.848760649645374],[-72.15827958585803,11.848829691089003],[-72.15831597338477,11.84889123501421],[-72.15836847699649,11.848940382518],[-72.158432917405,11.848973221451534],[-72.1585041651449,11.848987137829507],[-72.15851843642649,11.848987525158893]]]},"id":"000000000000000000a8","properties":{"area_m2":2464.1,"blanqueami":109.0579,"blanqueamiento":109.0579,"circularid":0.1099,"circularidad":0.1099,"comp_humedad":0,"comp_suelo":1,"comp_vegetacion":0,"comp_verdor":1,"confianza":"baja","confusor":"Vegetación irregular","coord_x":5091620.104512422,"coord_y":2867490.883404105,"cumple_BSI":1,"cumple_GLI":1,"cumple_MSAVI":0,"cumple_MSI":0,"cumple_NDVI":0,"dif_BSI":0.009982200155988274,"dif_GLI":-0.005513200394351225,"dif_MSAVI":-0.015230321732106533,"dif_MSI":0.020013807982463883,"dif_NDVI":-0.04572213638365716,"distancia_":2.366,"distancia_similitud":2.366,"ext_BSI":0.23996881396492947,"ext_GLI":-0.019371303271958563,"ext_MSAVI":0.1272061812562949,"ext_MSI":1.5200240292090597,"ext_NDVI":0.23112622973128252,"fid":169,"id_cand":"C169","int_BSI":0.24995101412091775,"int_GLI":-0.024884503666309787,"int_MSAVI":0.11197585952418837,"int_MSI":1.5400378371915235,"int_NDVI":0.18540409334762536,"prioridad_espectral":"Media","puntaje_componentes":2,"puntaje_indices":2,"radio_m":28.006202715567824,"vari":-0.0723,"zona":0}},{"type":"Feature","geometry":{"type":"Polygon","coordinates":[[[-72.1568022081324,11.84811514371897],[-72.15684960492396,11.848108533922817],[-72.15689322892449,11.848089230675049],[-72.15692960765911,11.84805877051665],[-72.15695584537949,11.848019578079468],[-72.1569698535658,11.847974773084504],[-72.15697051717193,11.847927922011197],[-72.15695778338156,11.847882754205072],[-72.15693266581013,11.847842865021812],[-72.15689716381934,11.847811429637481],[-72.156854103367,11.847790950305406],[-72.15680691206099,11.847783057177843],[-72.1567593463229,11.84778837854666],[-72.156715192379,11.847806490831635],[-72.15667796487851,11.847835952297224],[-72.15665062712907,11.847874417813973],[-72.15663535521786,11.847918825529819],[-72.15663336479436,11.847965640592564],[-72.15664481430294,11.848011136523489],[-72.15666879236868,11.848051691844965],[-72.15670339034084,11.848084078350565],[-72.1567458542206,11.848105718071167],[-72.15679280387921,11.84811488848232],[-72.1568022081324,11.84811514371897]]]},"id":"000000000000000000ac","properties":{"area_m2":1070.0,"blanqueami":104.9832,"blanqueamiento":104.9832,"circularid":0.0613,"circularidad":0.0613,"comp_humedad":0,"comp_suelo":1,"comp_vegetacion":0,"comp_verdor":1,"confianza":"baja","confusor":"Vegetación irregular","coord_x":5091807.362527048,"coord_y":2867404.31271341,"cumple_BSI":1,"cumple_GLI":1,"cumple_MSAVI":0,"cumple_MSI":0,"cumple_NDVI":0,"dif_BSI":0.011770839871205585,"dif_GLI":-0.004948990111673826,"dif_MSAVI":-0.0071187405631465694,"dif_MSI":0.01779543529473293,"dif_NDVI":-0.037451186921997726,"distancia_":2.395,"distancia_similitud":2.395,"ext_BSI":0.22983945076852486,"ext_GLI":-0.0065751638261590155,"ext_MSAVI":0.14437723380213627,"ext_MSI":1.5366682013233721,"ext_NDVI":0.29144205980879984,"fid":173,"id_cand":"C173","int_BSI":0.24161029063973044,"int_GLI":-0.011524153937832841,"int_MSAVI":0.1372584932389897,"int_MSI":1.554463636618105,"int_NDVI":0.2539908728868021,"prioridad_espectral":"Media","puntaje_componentes":2,"puntaje_indices":2,"radio_m":18.455123359562137,"vari":-0.0737,"zona":0}},{"type":"Feature","geometry":{"type":"Polygon","coordinates":[[[-72.17523332940368,11.85116117474729],[-72.17530156074618,11.851151659538711],[-72.17536436086047,11.851123871325484],[-72.17541673084828,11.85108002205448],[-72.17545450205647,11.85102360213439],[-72.17547466790235,11.850959102597077],[-72.17547562319616,11.850891657609518],[-72.17545729191036,11.85082663579291],[-72.17542113322723,11.85076921288037],[-72.17537002538418,11.850723959729667],[-72.17530803656416,11.850694478484831],[-72.17524010106865,11.850683115847612],[-72.17517162654997,11.850690776281676],[-72.1751080635663,11.850716850018001],[-72.17505447172138,11.850759261592023],[-72.17501511692319,11.850814635049097],[-72.17499313181848,11.85087856266841],[-72.17499026643264,11.850945955815574],[-72.17500674886426,11.851011449996639],[-72.17504126712403,11.851069831871637],[-72.17509107356543,11.851116454237424],[-72.17515220359508,11.851147605946897],[-72.17521979125466,11.851160807318411],[-72.17523332940368,11.85116117474729]]]},"id":"000000000000000000b0","properties":{"area_m2":2217.4,"blanqueami":104.3312,"blanqueamiento":104.3312,"circularid":0.1006,"circularidad":0.1006,"comp_humedad":0,"comp_suelo":0,"comp_vegetacion":1,"comp_verdor":1,"confianza":"baja","confusor":"Vegetación irregular","coord_x":5089799.408823215,"coord_y":2867727.019943233,"cumple_BSI":0,"cumple_GLI":1,"cumple_MSAVI":1,"cumple_MSI":0,"cumple_NDVI":1,"dif_BSI":0.0058129739490176136,"dif_GLI":-0.006735140483878622,"dif_MSAVI":-0.024800827746471632,"dif_MSI":-0.039090326750391036,"dif_NDVI":-0.07646950247096126,"distancia_":2.444,"distancia_similitud":2.444,"ext_BSI":0.2061838870910043,"ext_GLI":-0.005961610058317876,"ext_MSAVI":0.14767473776243756,"ext_MSI":1.3958131193432886,"ext_NDVI":0.2781850140888379,"fid":177,"id_cand":"C177","int_BSI":0.2119968610400219,"int_GLI":-0.012696750542196497,"int_MSAVI":0.12287391001596593,"int_MSI":1.3567227925928975,"int_NDVI":0.20171551161787662,"prioridad_espectral":"Media","puntaje_componentes":2,"puntaje_indices":3,"radio_m":26.567279529977046,"vari":-0.0751,"zona":0}},{"type":"Feature","geometry":{"type":"Polygon","coordinates":[[[-72.13908250548788,11.8512950502733],[-72.13920555102486,11.851277890941946],[-72.13931880209373,11.851227778836831],[-72.13941324387955,11.851148702898117],[-72.1394813588092,11.851046957592361],[-72.13951772495234,11.85093064186616],[-72.13951944760139,11.850809014463694],[-72.13948638967861,11.850691756926805],[-72.13942118263344,11.850588202944095],[-72.139329016967,11.850506595392853],[-72.13921722906179,11.85045343021216],[-72.13909471720719,11.850432939333027],[-72.13897123330422,11.850446753822093],[-72.13885660662754,11.850493774051015],[-72.13875996142896,11.85057025722533],[-72.13868899065683,11.85067011530597],[-72.13864934360032,11.850785399610443],[-72.13864417620113,11.850906933521468],[-72.1386738998292,11.85102504294157],[-72.13873614852375,11.851130326350646],[-72.13882596731122,11.851214403170168],[-72.13893620661408,11.851270580863225],[-72.13905809135798,11.851294387667341],[-72.13908250548788,11.8512950502733]]]},"id":"000000000000000000b5","properties":{"area_m2":7211.2,"blanqueami":71.1467,"blanqueamiento":71.1467,"circularid":0.0643,"circularidad":0.0643,"comp_humedad":0,"comp_suelo":1,"comp_vegetacion":0,"comp_verdor":1,"confianza":"baja","confusor":"Vegetación irregular","coord_x":5093735.526428496,"coord_y":2867732.487210702,"cumple_BSI":1,"cumple_GLI":1,"cumple_MSAVI":0,"cumple_MSI":0,"cumple_NDVI":0,"dif_BSI":0.012728055743290972,"dif_GLI":-0.009751175878700117,"dif_MSAVI":-0.01276759976628028,"dif_MSI":0.02460895714025435,"dif_NDVI":-0.039696618095910075,"distancia_":2.506,"distancia_similitud":2.506,"ext_BSI":0.24634511582733368,"ext_GLI":-0.027469299508475372,"ext_MSAVI":0.15000120475996762,"ext_MSI":1.5530341948986204,"ext_NDVI":0.2958175799573647,"fid":182,"id_cand":"C182","int_BSI":0.25907317157062465,"int_GLI":-0.03722047538717549,"int_MSAVI":0.13723360499368734,"int_MSI":1.5776431520388747,"int_NDVI":0.2561209618614546,"prioridad_espectral":"Media","puntaje_componentes":2,"puntaje_indices":2,"radio_m":47.91029379213356,"vari":-0.0749,"zona":0}},{"type":"Feature","geometry":{"type":"Polygon","coordinates":[[[-72.1417549402365,11.847886547283862],[-72.14183072934436,11.847875977978585],[-72.14190048562281,11.847845111381805],[-72.14195865646073,11.847796404480913],[-72.14200061145681,11.847733734353504],[-72.14202301100015,11.847662089549404],[-72.14202407210134,11.84758717299971],[-72.14200371031382,11.84751494806201],[-72.14196354645061,11.847451163837048],[-72.14190677756291,11.847400897541643],[-72.14183792245247,11.847368150364565],[-72.14176246197547,11.847355528974525],[-72.14168640276979,11.847364038031378],[-72.14161579913144,11.847393000216096],[-72.14155627109807,11.847440110144753],[-72.14151255709753,11.84750161787522],[-72.1414881367702,11.847572627400014],[-72.14148495398784,11.847647486366034],[-72.14150326211694,11.847720236000272],[-72.14154160384564,11.847785085427958],[-72.14159692718084,11.847836872627376],[-72.1416648283843,11.847871475329079],[-72.14173990251041,11.847886139151143],[-72.1417549402365,11.847886547283862]]]},"id":"000000000000000000be","properties":{"area_m2":2735.9,"blanqueami":93.7143,"blanqueamiento":93.7143,"circularid":0.0649,"circularidad":0.0649,"comp_humedad":0,"comp_suelo":1,"comp_vegetacion":0,"comp_verdor":1,"confianza":"baja","confusor":"Vegetación irregular","coord_x":5093445.937327899,"coord_y":2867373.249909776,"cumple_BSI":1,"cumple_GLI":1,"cumple_MSAVI":0,"cumple_MSI":0,"cumple_NDVI":1,"dif_BSI":0.018021823094287792,"dif_GLI":-0.019264635478233212,"dif_MSAVI":-0.020887059126936308,"dif_MSI":0.016928792938311732,"dif_NDVI":-0.066647472145906,"distancia_":2.596,"distancia_similitud":2.596,"ext_BSI":0.2532760668364071,"ext_GLI":-0.03655562430677289,"ext_MSAVI":0.14206480345758948,"ext_MSI":1.5621669789247568,"ext_NDVI":0.2618420807240952,"fid":191,"id_cand":"C191","int_BSI":0.27129788993069487,"int_GLI":-0.0558202597850061,"int_MSAVI":0.12117774433065318,"int_MSI":1.5790957718630685,"int_NDVI":0.1951946085781892,"prioridad_espectral":"Media","puntaje_componentes":2,"puntaje_indices":3,"radio_m":29.510405243070334,"vari":-0.0797,"zona":0}},{"type":"Feature","geometry":{"type":"Polygon","coordinates":[[[-72.1367051799795,11.851727681674536],[-72.13674999779536,11.851721431616502],[-72.13679124810733,11.851703178947831],[-72.13682564738662,11.851674376583158],[-72.13685045744967,11.851637317193603],[-72.13686370341783,11.851594950709265],[-72.13686433091702,11.85155064950394],[-72.1368522900043,11.851507939953647],[-72.13682853914145,11.851470221737092],[-72.13679496889986,11.851440497221692],[-72.13675425147017,11.851421132475952],[-72.13670962795607,11.851413668931329],[-72.13666465038362,11.851418700685004],[-72.13662289896175,11.851435827210043],[-72.13658769709947,11.851463685237146],[-72.13656184686373,11.851500057270218],[-72.13654740593539,11.851542048098183],[-72.13654552381712,11.851586315252906],[-72.13655635033152,11.851629335069108],[-72.13657902369332,11.851667683168062],[-72.13661173910592,11.851698307038554],[-72.13665189242222,11.851718769017555],[-72.13669628743482,11.851727440329139],[-72.1367051799795,11.851727681674536]]]},"id":"000000000000000000d8","properties":{"area_m2":956.7,"blanqueami":100.1965,"blanqueamiento":100.1965,"circularid":0.2142,"circularidad":0.2142,"comp_humedad":0,"comp_suelo":0,"comp_vegetacion":1,"comp_verdor":1,"confianza":"baja","confusor":"Vegetación irregular","coord_x":5093994.40094192,"coord_y":2867811.417939647,"cumple_BSI":0,"cumple_GLI":1,"cumple_MSAVI":1,"cumple_MSI":0,"cumple_NDVI":1,"dif_BSI":0.006047348605015879,"dif_GLI":-0.01742893078905746,"dif_MSAVI":-0.028175777542803634,"dif_MSI":-0.037210199882964146,"dif_NDVI":-0.08160859535171894,"distancia_":3.385,"distancia_similitud":3.385,"ext_BSI":0.2611689948675739,"ext_GLI":-0.04036082502945532,"ext_MSAVI":0.13362789339937514,"ext_MSI":1.584967646838136,"ext_NDVI":0.25100250426297616,"fid":217,"id_cand":"C217","int_BSI":0.26721634347258977,"int_GLI":-0.057789755818512784,"int_MSAVI":0.10545211585657151,"int_MSI":1.5477574469551718,"int_NDVI":0.16939390891125722,"prioridad_espectral":"Media","puntaje_componentes":2,"puntaje_indices":3,"radio_m":17.45070394316609,"vari":-0.0997,"zona":0}},{"type":"Feature","geometry":{"type":"Polygon","coordinates":[[[-72.15940154355893,11.85091594337763],[-72.15947842950825,11.85090522122916],[-72.15954919531907,11.85087390826919],[-72.15960820802121,11.850824497015802],[-72.15965077020084,11.850760920613295],[-72.1596734939155,11.850688239751225],[-72.15967457037213,11.850612239831033],[-72.1596539139024,11.850538970446612],[-72.15961316877645,11.85047426383653],[-72.15955557831421,11.850423270639245],[-72.15948572671473,11.85039004990468],[-72.15940917415445,11.850377245996512],[-72.1593320142005,11.850385878102973],[-72.15926038876806,11.850415259110337],[-72.15919999922917,11.850463050296561],[-72.15915565258744,11.85052544749167],[-72.15913087884172,11.85059748388702],[-72.15912764999617,11.850673425390752],[-72.15914622308448,11.850747227059895],[-72.15918511970443,11.850813014277577],[-72.15924124369388,11.850865550373783],[-72.15931012758249,11.85090065346664],[-72.1593862882026,11.850915529342885],[-72.15940154355893,11.85091594337763]]]},"id":"000000000000000000d9","properties":{"area_m2":2815.6,"blanqueami":108.5413,"blanqueamiento":108.5413,"circularid":0.1075,"circularidad":0.1075,"comp_humedad":0,"comp_suelo":1,"comp_vegetacion":0,"comp_verdor":1,"confianza":"baja","confusor":"Vegetación irregular","coord_x":5091523.244734166,"coord_y":2867701.724249607,"cumple_BSI":1,"cumple_GLI":1,"cumple_MSAVI":0,"cumple_MSI":0,"cumple_NDVI":1,"dif_BSI":0.010594120727433709,"dif_GLI":-0.010213505174735165,"dif_MSAVI":-0.018988826057455527,"dif_MSI":-0.031100562617058847,"dif_NDVI":-0.06544499506041213,"distancia_":3.552,"distancia_similitud":3.552,"ext_BSI":0.2545574877176479,"ext_GLI":-0.018035363709260302,"ext_MSAVI":0.1342745543154579,"ext_MSI":1.6037454159559392,"ext_NDVI":0.25155310410692294,"fid":218,"id_cand":"C218","int_BSI":0.2651516084450816,"int_GLI":-0.028248868883995467,"int_MSAVI":0.11528572825800237,"int_MSI":1.5726448533388804,"int_NDVI":0.18610810904651082,"prioridad_espectral":"Media","puntaje_componentes":2,"puntaje_indices":3,"radio_m":29.937156103061643,"vari":-0.1033,"zona":0}},{"type":"Feature","geometry":{"type":"Polygon","coordinates":[[[-71.88368127141308,11.965525035902202],[-71.88377910198335,11.965511398666516],[-71.88386914521254,11.965471572487361],[-71.88394423364058,11.965408727539181],[-71.88399839022412,11.96532786629378],[-71.88402730411067,11.965235425319216],[-71.88402867377869,11.965138762924953],[-71.88400239023144,11.965045573437965],[-71.88395054566404,11.964963274734188],[-71.88387726691698,11.964898417777848],[-71.88378838697568,11.964856165168644],[-71.88369098066563,11.964839880203185],[-71.88359280150195,11.964850859160036],[-71.88350166451796,11.964888228117415],[-71.8834248241974,11.964949012516364],[-71.88336839702377,11.965028373932522],[-71.88333687461008,11.965119995210369],[-71.88333276616342,11.965216583304715],[-71.88335639874491,11.965310449804427],[-71.88340589122652,11.965394122929574],[-71.88347730402113,11.965460942287175],[-71.883564952669,11.965505589042282],[-71.88366186032121,11.965524509301636],[-71.88368127141308,11.965525035902202]]]},"id":"00000000000000000020","properties":{"area_m2":4554.7,"blanqueami":116.818,"blanqueamiento":116.818,"circularid":0.1475,"circularidad":0.1475,"comp_humedad":0,"comp_suelo":0,"comp_vegetacion":1,"comp_verdor":1,"confianza":"baja","confusor":"Erosión","coord_x":5121495.271559417,"coord_y":2880469.0258106515,"cumple_BSI":0,"cumple_GLI":1,"cumple_MSAVI":1,"cumple_MSI":0,"cumple_NDVI":1,"dif_BSI":-0.0014710904558374038,"dif_GLI":-0.0035323644324532196,"dif_MSAVI":-0.03734054545196396,"dif_MSI":-0.009586319663997589,"dif_NDVI":-0.07922948320536222,"distancia_":0.775,"distancia_similitud":0.775,"ext_BSI":0.14466015009330727,"ext_GLI":0.010899278123625414,"ext_MSAVI":0.0788315157673294,"ext_MSI":1.2185556827816038,"ext_NDVI":0.15444823689522813,"fid":33,"id_cand":"C033","int_BSI":0.14318905963746986,"int_GLI":0.007366913691172194,"int_MSAVI":0.04149097031536544,"int_MSI":1.2089693631176062,"int_NDVI":0.07521875368986591,"prioridad_espectral":"Media","puntaje_componentes":2,"puntaje_indices":3,"radio_m":38.07631860620603,"vari":-0.0178,"zona":1}},{"type":"Feature","geometry":{"type":"Polygon","coordinates":[[[-71.88288904718812,11.960663858143874],[-71.88295616051539,11.960654502618901],[-71.88301793160879,11.96062718074562],[-71.88306944348034,11.96058406735013],[-71.88310659578293,11.960528594265257],[-71.88312643119875,11.960465177154642],[-71.88312737083987,11.960398864023997],[-71.88310933992445,11.960334933398709],[-71.88307377372499,11.960278474153148],[-71.88302350331705,11.960233980437339],[-71.88296253022378,11.960204993944458],[-71.88289570789499,11.960193821994126],[-71.8828283553753,11.960201353871383],[-71.88276583391202,11.960226990040303],[-71.88271312020414,11.960268689866561],[-71.88267441026,11.96032313405048],[-71.88265278539583,11.960385988841232],[-71.88264996696165,11.960452251001486],[-71.8826661793183,11.960516646063835],[-71.88270013197422,11.960574048178238],[-71.88274912230476,11.960619888130637],[-71.88280925067897,11.960650517054196],[-71.88287573087055,11.960663496881166],[-71.88288904718812,11.960663858143874]]]},"id":"00000000000000000030","properties":{"area_m2":2143.6,"blanqueami":111.263,"blanqueamiento":111.263,"circularid":0.0667,"circularidad":0.0667,"comp_humedad":0,"comp_suelo":0,"comp_vegetacion":1,"comp_verdor":1,"confianza":"baja","confusor":"Erosión","coord_x":5121583.840940208,"coord_y":2879943.991949714,"cumple_BSI":0,"cumple_GLI":1,"cumple_MSAVI":1,"cumple_MSI":0,"cumple_NDVI":1,"dif_BSI":-0.001126705373422382,"dif_GLI":-0.007104538778210278,"dif_MSAVI":-0.03337032497805624,"dif_MSI":-0.009107844376498031,"dif_NDVI":-0.07249145499065988,"distancia_":0.955,"distancia_similitud":0.955,"ext_BSI":0.14754531537899615,"ext_GLI":0.018864051089133003,"ext_MSAVI":0.06405872341039068,"ext_MSI":1.257765752753455,"ext_NDVI":0.12090268567593523,"fid":49,"id_cand":"C049","int_BSI":0.14641861000557377,"int_GLI":0.011759512310922725,"int_MSAVI":0.03068839843233444,"int_MSI":1.248657908376957,"int_NDVI":0.04841123068527535,"prioridad_espectral":"Media","puntaje_componentes":2,"puntaje_indices":3,"radio_m":26.121429364098237,"vari":-0.0326,"zona":1}},{"type":"Feature","geometry":{"type":"Polygon","coordinates":[[[-71.87547252380106,11.96663485611498],[-71.87556070633087,11.96662256383406],[-71.87564186950883,11.966586665460055],[-71.87570955273047,11.966530018512145],[-71.87575836840776,11.966457132098695],[-71.87578443082212,11.96637380798872],[-71.87578566542479,11.966286678787784],[-71.87576197396481,11.966202679980595],[-71.87571524230248,11.96612849786634],[-71.87564919028866,11.966070037331072],[-71.8755690756613,11.966031951822004],[-71.87548127553029,11.966017272936654],[-71.87539277876397,11.966027169110486],[-71.8753106296821,11.966060852610651],[-71.87524136733518,11.966115642238703],[-71.87519050500114,11.966187176751452],[-71.87516209132991,11.966269762012422],[-71.87515838806836,11.966356824241764],[-71.87517969001946,11.966441433286978],[-71.87522430156865,11.966516854262746],[-71.87528867164826,11.96657708364946],[-71.87536767639894,11.966617327176499],[-71.87545502702909,11.966634381449719],[-71.87547252380106,11.96663485611498]]]},"id":"0000000000000000005a","properties":{"area_m2":3700.6,"blanqueami":115.6672,"blanqueamiento":115.6672,"circularid":0.0781,"circularidad":0.0781,"comp_humedad":0,"comp_suelo":0,"comp_vegetacion":1,"comp_verdor":1,"confianza":"baja","confusor":"Erosión","coord_x":5122388.483896159,"coord_y":2880599.152999613,"cumple_BSI":0,"cumple_GLI":1,"cumple_MSAVI":1,"cumple_MSI":0,"cumple_NDVI":1,"dif_BSI":0.005560982115838858,"dif_GLI":-0.004942033245091791,"dif_MSAVI":-0.0340630333074018,"dif_MSI":0.0065159921151467515,"dif_NDVI":-0.06282340338727428,"distancia_":1.47,"distancia_similitud":1.47,"ext_BSI":0.14235170919422052,"ext_GLI":0.008517216626618293,"ext_MSAVI":0.043160615009074116,"ext_MSI":1.2118037516443252,"ext_NDVI":0.07586653295791584,"fid":91,"id_cand":"C091","int_BSI":0.14791269131005938,"int_GLI":0.0035751833815265022,"int_MSAVI":0.00909758170167232,"int_MSI":1.218319743759472,"int_NDVI":0.013043129570641562,"prioridad_espectral":"Media","puntaje_componentes":2,"puntaje_indices":3,"radio_m":34.32109504097641,"vari":-0.046,"zona":1}},{"type":"Feature","geometry":{"type":"Polygon","coordinates":[[[-71.87043239652024,11.96689850962992],[-71.87052984558692,11.966884925643567],[-71.87061953768041,11.966845254973734],[-71.87069433329121,11.966782655416239],[-71.87074827868425,11.966702109909683],[-71.87077707981767,11.966610029889212],[-71.87077844414497,11.966513744932287],[-71.87075226309426,11.96642091932186],[-71.87070062070177,11.966338941969356],[-71.87062762771475,11.96627433825953],[-71.87053909437215,11.966232250633768],[-71.87044206791033,11.96621602925608],[-71.87034427160872,11.966226965343486],[-71.87025349002504,11.966264188386585],[-71.8701769493533,11.966324735441122],[-71.87012074222497,11.966403786975231],[-71.87008934273744,11.966495050499919],[-71.87008525031268,11.966591261447077],[-71.87010879073621,11.96668476142647],[-71.87015809021565,11.966768107833248],[-71.87022922452668,11.966834666281297],[-71.87031653137689,11.966879138704181],[-71.87041306112457,11.966897985085575],[-71.87043239652024,11.96689850962992]]]},"id":"0000000000000000006b","properties":{"area_m2":4519.2,"blanqueami":110.0525,"blanqueamiento":110.0525,"circularid":0.0702,"circularidad":0.0702,"comp_humedad":0,"comp_suelo":0,"comp_vegetacion":1,"comp_verdor":1,"confianza":"baja","confusor":"Erosión","coord_x":5122937.159499702,"coord_y":2880626.837036764,"cumple_BSI":0,"cumple_GLI":1,"cumple_MSAVI":1,"cumple_MSI":0,"cumple_NDVI":1,"dif_BSI":-8.961150913312232E-4,"dif_GLI":-0.00644149480155068,"dif_MSAVI":-0.03999076021948178,"dif_MSI":-4.0162684468869614E-4,"dif_NDVI":-0.07216466933317844,"distancia_":1.677,"distancia_similitud":1.677,"ext_BSI":0.15373087699617174,"ext_GLI":0.012752173030141582,"ext_MSAVI":0.06547392307669024,"ext_MSI":1.2297965744957329,"ext_NDVI":0.10806824343351258,"fid":108,"id_cand":"C108","int_BSI":0.15283476190484052,"int_GLI":0.006310678228590902,"int_MSAVI":0.025483162857208457,"int_MSI":1.2293949476510442,"int_NDVI":0.03590357410033413,"prioridad_espectral":"Media","puntaje_componentes":2,"puntaje_indices":3,"radio_m":37.92764213132405,"vari":-0.0539,"zona":1}},{"type":"Feature","geometry":{"type":"Polygon","coordinates":[[[-71.88294975444191,11.974945985328322],[-71.8830717482511,11.974928980409905],[-71.88318403131002,11.974879319252288],[-71.88327766585753,11.97480095490009],[-71.88334519857672,11.974700125177417],[-71.88338125388105,11.97458485615031],[-71.88338296180548,11.9744643232456],[-71.88335018644405,11.974348120883112],[-71.88328553675404,11.974245498759652],[-71.88319415887092,11.97416462557664],[-71.88308332646973,11.974111938817632],[-71.88296186178188,11.974091632331382],[-71.8828394333542,11.974105322506917],[-71.88272578644589,11.974151919611216],[-71.88262996731936,11.974227714530416],[-71.88255960316769,11.974326674010404],[-71.88252029499299,11.974440920897134],[-71.88251517176165,11.974561361151693],[-71.88254464132761,11.974678407731641],[-71.88260635795312,11.974782743719024],[-71.88269540901719,11.974866063950225],[-71.88280470605307,11.974921736112929],[-71.88292554899098,11.974945328685006],[-71.88294975444191,11.974945985328322]]]},"id":"000000000000000000a0","properties":{"area_m2":7082.0,"blanqueami":118.4416,"blanqueamiento":118.4416,"circularid":0.0852,"circularidad":0.0852,"comp_humedad":0,"comp_suelo":0,"comp_vegetacion":1,"comp_verdor":1,"confianza":"baja","confusor":"Erosión","coord_x":5121570.915826425,"coord_y":2881501.742147367,"cumple_BSI":0,"cumple_GLI":1,"cumple_MSAVI":1,"cumple_MSI":0,"cumple_NDVI":1,"dif_BSI":0.002654582222616886,"dif_GLI":-0.007927910111683058,"dif_MSAVI":-0.03340643052381143,"dif_MSI":0.010981897700334198,"dif_NDVI":-0.06551185805022863,"distancia_":2.27,"distancia_similitud":2.27,"ext_BSI":0.1699029125810854,"ext_GLI":0.005339456792704757,"ext_MSAVI":0.07012011203295616,"ext_MSI":1.2790590623766975,"ext_NDVI":0.12196062213356028,"fid":161,"id_cand":"C161","int_BSI":0.17255749480370228,"int_GLI":-0.0025884533189783013,"int_MSAVI":0.03671368150914473,"int_MSI":1.2900409600770317,"int_NDVI":0.05644876408333165,"prioridad_espectral":"Media","puntaje_componentes":2,"puntaje_indices":3,"radio_m":47.47915978567445,"vari":-0.0675,"zona":1}},{"type":"Feature","geometry":{"type":"Polygon","coordinates":[[[-71.8857142237753,11.961223698089848],[-71.88578926591182,11.961213237318027],[-71.885858334678,11.961182687682323],[-71.88591593218887,11.961134480939958],[-71.8859574736799,11.96107245435582],[-71.88597965245518,11.96100154525361],[-71.88598070309828,11.9609273980025],[-71.88596054199492,11.960855914723913],[-71.88592077398353,11.96079278548257],[-71.88586456460537,11.960743035358671],[-71.8857963881253,11.960710624453833],[-71.88572167138064,11.960698132669561],[-71.88564636180827,11.960706554349125],[-71.88557645403365,11.960735219128706],[-71.88551751270374,11.960781845297763],[-71.88547422954487,11.960842721421345],[-71.88545004990236,11.960913001767794],[-71.88544689848926,11.960987092026537],[-71.88546502617497,11.961059094613676],[-71.8855029900107,11.961123278119421],[-71.88555776808359,11.961174533529524],[-71.88562500005825,11.961208780905057],[-71.88569933425983,11.96122329414814],[-71.8857142237753,11.961223698089848]]]},"id":"000000000000000000af","properties":{"area_m2":2680.0,"blanqueami":124.7522,"blanqueamiento":124.7522,"circularid":0.1066,"circularidad":0.1066,"comp_humedad":0,"comp_suelo":0,"comp_vegetacion":1,"comp_verdor":1,"confianza":"baja","confusor":"Erosión","coord_x":5121275.920164536,"coord_y":2880001.4713960756,"cumple_BSI":0,"cumple_GLI":1,"cumple_MSAVI":1,"cumple_MSI":0,"cumple_NDVI":1,"dif_BSI":0.005224108556979398,"dif_GLI":-0.014858754230125771,"dif_MSAVI":-0.04537385544820646,"dif_MSI":-9.959597707507317E-4,"dif_NDVI":-0.0914679112038357,"distancia_":2.441,"distancia_similitud":2.441,"ext_BSI":0.12414853767850713,"ext_GLI":0.025885386050724424,"ext_MSAVI":0.0807484305768158,"ext_MSI":1.1456041758025202,"ext_NDVI":0.14283536009627712,"fid":176,"id_cand":"C176","int_BSI":0.12937264623548653,"int_GLI":0.011026631820598654,"int_MSAVI":0.03537457512860934,"int_MSI":1.1446082160317694,"int_NDVI":0.05136744889244142,"prioridad_espectral":"Media","puntaje_componentes":2,"puntaje_indices":3,"radio_m":29.20737055903114,"vari":-0.0702,"zona":1}},{"type":"Feature","geometry":{"type":"Polygon","coordinates":[[[-71.88381688557908,11.962587422442624],[-71.88394500352581,11.96256956305255],[-71.8840629232365,11.962517406496533],[-71.88416125826959,11.96243510445458],[-71.88423218114875,11.962329208193115],[-71.88427004643258,11.962208147076709],[-71.88427184008539,11.962081557583753],[-71.88423741938185,11.961959516238558],[-71.8841695242524,11.961851737519806],[-71.88407355917153,11.961766800591917],[-71.88395716295476,11.961711466410296],[-71.88382960071038,11.961690139556802],[-71.88370102634647,11.961704517640941],[-71.88358167433422,11.961753456172671],[-71.8834810450592,11.9618330596621],[-71.88340714860131,11.96193699169511],[-71.88336586713582,11.962056979304531],[-71.88336048670672,11.962183471491274],[-71.88339143564544,11.962306399479278],[-71.8834562504602,11.962415978189478],[-71.88354977191639,11.96250348513558],[-71.88366455570389,11.962561954740528],[-71.88379146500488,11.96258673280396],[-71.88381688557908,11.962587422442624]]]},"id":"000000000000000000bc","properties":{"area_m2":7811.6,"blanqueami":117.332,"blanqueamiento":117.332,"circularid":0.0779,"circularidad":0.0779,"comp_humedad":0,"comp_suelo":0,"comp_vegetacion":1,"comp_verdor":1,"confianza":"baja","confusor":"Erosión","coord_x":5121482.046028248,"coord_y":2880132.4968630034,"cumple_BSI":0,"cumple_GLI":1,"cumple_MSAVI":1,"cumple_MSI":0,"cumple_NDVI":1,"dif_BSI":0.0019607563343931045,"dif_GLI":-0.0073241373614181355,"dif_MSAVI":-0.034759844180914545,"dif_MSI":-0.005642740804680191,"dif_NDVI":-0.06525452166400535,"distancia_":2.564,"distancia_similitud":2.564,"ext_BSI":0.16149299378986848,"ext_GLI":0.011324682338957035,"ext_MSAVI":0.047093464418570576,"ext_MSI":1.2491663659846295,"ext_NDVI":0.08186609549356769,"fid":189,"id_cand":"C189","int_BSI":0.16345375012426158,"int_GLI":0.0040005449775389,"int_MSAVI":0.012333620237656034,"int_MSI":1.2435236251799493,"int_NDVI":0.016611573829562336,"prioridad_espectral":"Media","puntaje_componentes":2,"puntaje_indices":3,"radio_m":49.86491258303076,"vari":-0.0758,"zona":1}},{"type":"Feature","geometry":{"type":"Polygon","coordinates":[[[-71.8822316997033,11.97187330026084],[-71.88228356702454,11.971866070313801],[-71.88233130569922,11.971844955977584],[-71.88237111572352,11.971811637956321],[-71.88239982821818,11.971768768368426],[-71.88241515767191,11.97171975963673],[-71.8824158838669,11.971668512858493],[-71.88240194900614,11.971619107277373],[-71.88237446231149,11.971575475575593],[-71.88233561172751,11.971541090833076],[-71.88228848975984,11.971518690071381],[-71.88223684731214,11.97151005638802],[-71.88218479511558,11.971515877022872],[-71.88213647651709,11.971535688654296],[-71.88209573767146,11.971567914279262],[-71.8820658213891,11.971609988741896],[-71.88204910900889,11.971658562918694],[-71.88204693084275,11.971709770307573],[-71.88205946028081,11.971759534800713],[-71.88208569998694,11.971803895142616],[-71.8821235612846,11.97183932024663],[-71.88217003041413,11.971862990270516],[-71.88222140842817,11.971873021077124],[-71.8822316997033,11.97187330026084]]]},"id":"000000000000000000c7","properties":{"area_m2":1280.2,"blanqueami":127.3287,"blanqueamiento":127.3287,"circularid":0.253,"circularidad":0.253,"comp_humedad":0,"comp_suelo":0,"comp_vegetacion":1,"comp_verdor":1,"confianza":"baja","confusor":"Erosión","coord_x":5121650.392817464,"coord_y":2881189.593643629,"cumple_BSI":0,"cumple_GLI":1,"cumple_MSAVI":1,"cumple_MSI":0,"cumple_NDVI":1,"dif_BSI":-0.011424518713140874,"dif_GLI":-0.007500843809357737,"dif_MSAVI":-0.027556681407779643,"dif_MSI":-0.046305120263687494,"dif_NDVI":-0.05409302038573373,"distancia_":2.715,"distancia_similitud":2.715,"ext_BSI":0.17338966200464082,"ext_GLI":0.01017153726889496,"ext_MSAVI":0.04255500422887115,"ext_MSI":1.2792996832473604,"ext_NDVI":0.07296056486594799,"fid":200,"id_cand":"C200","int_BSI":0.16196514329149994,"int_GLI":0.002670693459537223,"int_MSAVI":0.014998322821091507,"int_MSI":1.232994562983673,"int_NDVI":0.018867544480214254,"prioridad_espectral":"Media","puntaje_componentes":2,"puntaje_indices":3,"radio_m":20.18663707239244,"vari":-0.0769,"zona":1}},{"type":"Feature","geometry":{"type":"Polygon","coordinates":[[[-71.88846445422689,11.970030178827434],[-71.88853169500177,11.970020805861102],[-71.8885935833979,11.969993433052093],[-71.88864519308994,11.969950239280998],[-71.88868241594429,11.969894662778582],[-71.88870228902718,11.969831127440544],[-71.88870323045252,11.969764690683526],[-71.88868516529648,11.969700640873565],[-71.88864953155714,11.96964407637212],[-71.88859916568626,11.969599499707552],[-71.88853807680587,11.969570459175737],[-71.88847112758236,11.969559266397761],[-71.88840364716114,11.969566812316545],[-71.8883410069704,11.969592496278459],[-71.88828819315984,11.969634273844875],[-71.88824940970588,11.969688819528034],[-71.88822774377621,11.969751791497796],[-71.8882249199897,11.96981817718939],[-71.8882411631333,11.969882692302333],[-71.88827518026486,11.969940201430527],[-71.88832426362748,11.9699861268416],[-71.8883845061849,11.970016812866174],[-71.88845111262175,11.97002981689123],[-71.88846445422689,11.970030178827434]]]},"id":"0000000000000000002f","properties":{"area_m2":2151.6,"blanqueami":113.2233,"blanqueamiento":113.2233,"circularid":0.0681,"circularidad":0.0681,"comp_humedad":1,"comp_suelo":1,"comp_vegetacion":0,"comp_verdor":0,"confianza":"baja","confusor":"Nubes","coord_x":5120972.779782683,"coord_y":2880977.2617255757,"cumple_BSI":1,"cumple_GLI":0,"cumple_MSAVI":0,"cumple_MSI":1,"cumple_NDVI":0,"dif_BSI":0.013368728383578027,"dif_GLI":-4.382668025505673E-4,"dif_MSAVI":-0.009084447232175871,"dif_MSI":0.03942904619879162,"dif_NDVI":-0.021747675526783916,"distancia_":0.941,"distancia_similitud":0.941,"ext_BSI":0.17172579056685186,"ext_GLI":0.018069048115106113,"ext_MSAVI":0.0865022333771796,"ext_MSI":1.2625861623673098,"ext_NDVI":0.14176325776087575,"fid":48,"id_cand":"C048","int_BSI":0.1850945189504299,"int_GLI":0.017630781312555546,"int_MSAVI":0.07741778614500373,"int_MSI":1.3020152085661014,"int_NDVI":0.12001558223409184,"prioridad_espectral":"Media","puntaje_componentes":2,"puntaje_indices":2,"radio_m":26.170127074835612,"vari":-0.0308,"zona":1}},{"type":"Feature","geometry":{"type":"Polygon","coordinates":[[[-71.92341128011884,11.956147320925114],[-71.92347820107325,11.956137992060986],[-71.92353979510673,11.95611074804803],[-71.92359115932535,11.956067757514626],[-71.9236282051352,11.956012442513742],[-71.9236479836952,11.9559492061255],[-71.92364892064315,11.955883081970082],[-71.92363094141145,11.955819333530451],[-71.92359547715853,11.955763035179016],[-71.92354535084496,11.955718668258665],[-71.92348455252397,11.955689764369701],[-71.92341792173359,11.9556786242565],[-71.92335076227201,11.95568613466988],[-71.92328842001925,11.955711697782432],[-71.92323585740917,11.955753278775092],[-71.92319725842272,11.95580756780729],[-71.92317569554392,11.955870243478243],[-71.92317288518862,11.95593631680853],[-71.92318905107457,11.95600052836161],[-71.92322290640918,11.956057766894792],[-71.92327175631452,11.956103476215123],[-71.92333171233751,11.956134017854117],[-71.92339800197102,11.956146960691912],[-71.92341128011884,11.956147320925114]]]},"id":"00000000000000000001","properties":{"area_m2":2131.4,"blanqueami":89.1756,"blanqueamiento":89.1756,"circularid":0.1156,"circularidad":0.1156,"comp_humedad":0,"comp_suelo":0,"comp_vegetacion":1,"comp_verdor":1,"confianza":"baja","confusor":"Vegetación irregular","coord_x":5117174.981079401,"coord_y":2879427.350786405,"cumple_BSI":0,"cumple_GLI":1,"cumple_MSAVI":1,"cumple_MSI":0,"cumple_NDVI":1,"dif_BSI":-4.708529527738814E-4,"dif_GLI":-0.011068462661720596,"dif_MSAVI":-0.027375621818873735,"dif_MSI":-0.005951759949013757,"dif_NDVI":-0.07049770141918116,"distancia_":0.213,"distancia_similitud":0.213,"ext_BSI":0.1497976157923038,"ext_GLI":0.024263850633303094,"ext_MSAVI":0.1610444637930808,"ext_MSI":1.2389790961267708,"ext_NDVI":0.3143783195138489,"fid":2,"id_cand":"C002","int_BSI":0.14932676283952992,"int_GLI":0.013195387971582498,"int_MSAVI":0.13366884197420706,"int_MSI":1.233027336177757,"int_NDVI":0.24388061809466777,"prioridad_espectral":"Media","puntaje_componentes":2,"puntaje_indices":3,"radio_m":26.046990064345852,"vari":-0.0177,"zona":1}},{"type":"Feature","geometry":{"type":"Polygon","coordinates":[[[-71.98211539515032,11.920759136018578],[-71.98217716190275,11.92075052453271],[-71.9822340120107,11.92072537555094],[-71.98228142019799,11.920685690936425],[-71.98231561277117,11.920634629590012],[-71.982333868006,11.920576256000007],[-71.98233473279522,11.920515216707312],[-71.98231813831309,11.92045637043978],[-71.98228540549022,11.920404401357432],[-71.98223913986443,11.920363446194225],[-71.98218302417841,11.920336764975573],[-71.98212152523368,11.92032648152208],[-71.98205953833545,11.920333414394786],[-71.98200199762967,11.92035701173829],[-71.98195348334849,11.920395395208034],[-71.9819178572263,11.920445509485305],[-71.98189795510639,11.92050336547889],[-71.98189536120667,11.920564357855074],[-71.9819102820129,11.920623631621186],[-71.98194152983909,11.92067646858284],[-71.98198661736397,11.920718662913034],[-71.98204195562003,11.92074685593749],[-71.98210313967556,11.920758803486871],[-71.98211539515032,11.920759136018578]]]},"id":"00000000000000000005","properties":{"area_m2":1816.2,"blanqueami":88.9065,"blanqueamiento":88.9065,"circularid":0.0614,"circularidad":0.0614,"comp_humedad":1,"comp_suelo":0,"comp_vegetacion":0,"comp_verdor":1,"confianza":"baja","confusor":"Vegetación irregular","coord_x":5110799.428792879,"coord_y":2875492.7462476827,"cumple_BSI":0,"cumple_GLI":1,"cumple_MSAVI":0,"cumple_MSI":1,"cumple_NDVI":0,"dif_BSI":0.007486645274462328,"dif_GLI":-0.004933509024846183,"dif_MSAVI":0.0017733622745231548,"dif_MSI":0.0445690016219038,"dif_NDVI":0.0043447738920579515,"distancia_":0.293,"distancia_similitud":0.293,"ext_BSI":0.23195148376168068,"ext_GLI":0.0035748229658873,"ext_MSAVI":0.15431298487536063,"ext_MSI":1.5412153284526995,"ext_NDVI":0.3199389594079917,"fid":6,"id_cand":"C006","int_BSI":0.239438129036143,"int_GLI":-0.001358686058958883,"int_MSAVI":0.1560863471498838,"int_MSI":1.5857843300746033,"int_NDVI":0.32428373330004967,"prioridad_espectral":"Media","puntaje_componentes":2,"puntaje_indices":2,"radio_m":24.04400996687118,"vari":-0.0064,"zona":1}},{"type":"Feature","geometry":{"type":"Polygon","coordinates":[[[-71.9863272301971,11.948073889066837],[-71.98637599013735,11.948067091669513],[-71.98642086877949,11.948047240551348],[-71.9864582937789,11.948015915863968],[-71.98648528610448,11.947975611055952],[-71.98649969717,11.947929534393216],[-71.98650037986057,11.947881353580078],[-71.98648727984116,11.947834903809357],[-71.98646143987945,11.947793882481006],[-71.98642491683961,11.947761554889647],[-71.98638061795491,11.94774049430806],[-71.98633206941211,11.9477323771558],[-71.98628313566853,11.94773784955702],[-71.98623771184317,11.947756475909376],[-71.9861994136675,11.94778677355771],[-71.98617128967484,11.947826330812633],[-71.98615557853746,11.94787199891994],[-71.98615353086761,11.947920142700397],[-71.98616530966692,11.947966929909374],[-71.98618997734931,11.94800863628341],[-71.98622557037083,11.948041941992098],[-71.98626925552664,11.948064195897537],[-71.98631755547423,11.948073626585987],[-71.9863272301971,11.948073889066837]]]},"id":"00000000000000000009","properties":{"area_m2":1131.6,"blanqueami":88.8447,"blanqueamiento":88.8447,"circularid":0.0741,"circularidad":0.0741,"comp_humedad":0,"comp_suelo":1,"comp_vegetacion":0,"comp_verdor":1,"confianza":"baja","confusor":"Vegetación irregular","coord_x":5110329.96921641,"coord_y":2878516.1720086425,"cumple_BSI":1,"cumple_GLI":1,"cumple_MSAVI":0,"cumple_MSI":0,"cumple_NDVI":1,"dif_BSI":0.010975625407309841,"dif_GLI":-0.014179935316425259,"dif_MSAVI":-0.017994367312396536,"dif_MSI":0.0027853018958410303,"dif_NDVI":-0.054777115104542695,"distancia_":0.323,"distancia_similitud":0.323,"ext_BSI":0.1299668346208034,"ext_GLI":0.04531915611170485,"ext_MSAVI":0.2056602428210947,"ext_MSI":1.2181958077713588,"ext_NDVI":0.42968261041420847,"fid":10,"id_cand":"C010","int_BSI":0.14094246002811325,"int_GLI":0.031139220795279594,"int_MSAVI":0.18766587550869818,"int_MSI":1.2209811096671999,"int_NDVI":0.37490549530966577,"prioridad_espectral":"Media","puntaje_componentes":2,"puntaje_indices":3,"radio_m":18.978921655499228,"vari":-0.0208,"zona":1}},{"type":"Feature","geometry":{"type":"Polygon","coordinates":[[[-71.89556197959547,11.985359100035886],[-71.89562633037197,11.985350130427689],[-71.89568555881468,11.985323935585608],[-71.89573495033127,11.985282600623659],[-71.89577057335514,11.985229415810858],[-71.89578959229853,11.985168614663896],[-71.89579049326393,11.985105036957494],[-71.89577320454697,11.98504374347725],[-71.89573910234023,11.98498961318106],[-71.89569090118499,11.98494695483504],[-71.89563243789199,11.98491916403746],[-71.89556836613158,11.984908452930995],[-71.89550378600416,11.984915674117701],[-71.89544383807566,11.984940252792489],[-71.89539329419246,11.984980232497199],[-71.89535617764504,11.985032430853321],[-71.8953354429149,11.985092692877425],[-71.89533274049654,11.985156221716087],[-71.89534828551488,11.985217960474266],[-71.89538084059755,11.985272994743964],[-71.8954278143662,11.985316943792016],[-71.89548546770824,11.985346309268106],[-71.89554921141053,11.98535875367532],[-71.89556197959547,11.985359100035886]]]},"id":"0000000000000000000b","properties":{"area_m2":1970.4,"blanqueami":92.9212,"blanqueamiento":92.9212,"circularid":0.0757,"circularidad":0.0757,"comp_humedad":0,"comp_suelo":1,"comp_vegetacion":0,"comp_verdor":1,"confianza":"baja","confusor":"Vegetación irregular","coord_x":5120193.539631309,"coord_y":2882669.936028788,"cumple_BSI":1,"cumple_GLI":1,"cumple_MSAVI":0,"cumple_MSI":0,"cumple_NDVI":0,"dif_BSI":0.010597733681446647,"dif_GLI":-0.004564066259732723,"dif_MSAVI":-0.015557055974390943,"dif_MSI":0.028791093257865885,"dif_NDVI":-0.042355718313980883,"distancia_":0.355,"distancia_similitud":0.355,"ext_BSI":0.1683244510405652,"ext_GLI":0.006276879237266085,"ext_MSAVI":0.13001035263262525,"ext_MSI":1.3024630322955233,"ext_NDVI":0.2630567458639022,"fid":12,"id_cand":"C012","int_BSI":0.17892218472201185,"int_GLI":0.0017128129775333628,"int_MSAVI":0.11445329665823431,"int_MSI":1.3312541255533892,"int_NDVI":0.22070102754992132,"prioridad_espectral":"Media","puntaje_componentes":2,"puntaje_indices":2,"radio_m":25.04391741993535,"vari":-0.0223,"zona":1}},{"type":"Feature","geometry":{"type":"Polygon","coordinates":[[[-71.98023588717646,11.946593326638705],[-71.98028999596445,11.946585783541531],[-71.98033979768446,11.94656375468174],[-71.9803813281138,11.946528993559804],[-71.98041128142884,11.946484267165287],[-71.9804272733493,11.946433135723138],[-71.9804280309256,11.946379669298565],[-71.98041349386344,11.946328123819082],[-71.98038481932052,11.946282602302645],[-71.98034428979444,11.946246728258117],[-71.98029513143459,11.94622335725516],[-71.98024125724096,11.946214349622224],[-71.98018695559108,11.946220422365455],[-71.98013654888769,11.946241092095468],[-71.9800940494982,11.946274713504824],[-71.9800628403722,11.946318610333549],[-71.98004540575916,11.946369288398113],[-71.9800431334613,11.946422713727182],[-71.98005620436228,11.94647463366492],[-71.98008357802621,11.946520915382278],[-71.9801230755138,11.946557874850827],[-71.98017155282467,11.94658257009257],[-71.9802251511598,11.946593035362728],[-71.98023588717646,11.946593326638705]]]},"id":"00000000000000000059","properties":{"area_m2":1393.5,"blanqueami":94.6651,"blanqueamiento":94.6651,"circularid":0.0914,"circularidad":0.0914,"comp_humedad":0,"comp_suelo":1,"comp_vegetacion":0,"comp_verdor":1,"confianza":"baja","confusor":"Vegetación irregular","coord_x":5110993.630255904,"coord_y":2878352.4115000414,"cumple_BSI":1,"cumple_GLI":1,"cumple_MSAVI":0,"cumple_MSI":0,"cumple_NDVI":0,"dif_BSI":0.014065810070164775,"dif_GLI":-0.0085205404959177,"dif_MSAVI":-0.007273599422979726,"dif_MSI":0.029842890257299137,"dif_NDVI":-0.03636497802197547,"distancia_":1.462,"distancia_similitud":1.462,"ext_BSI":0.19597532658540506,"ext_GLI":0.006246276678662671,"ext_MSAVI":0.16614953812336603,"ext_MSI":1.4021108554893718,"ext_NDVI":0.3256055235166972,"fid":90,"id_cand":"C090","int_BSI":0.21004113665556984,"int_GLI":-0.002274263817255029,"int_MSAVI":0.1588759387003863,"int_MSI":1.431953745746671,"int_NDVI":0.2892405454947217,"prioridad_espectral":"Media","puntaje_componentes":2,"puntaje_indices":2,"radio_m":21.060978761612965,"vari":-0.0506,"zona":1}},{"type":"Feature","geometry":{"type":"Polygon","coordinates":[[[-71.89145539910957,11.95893491143669],[-71.89150248170057,11.958928348134396],[-71.89154581651093,11.958909180667286],[-71.89158195408531,11.958878934768192],[-71.89160801787179,11.958840018013909],[-71.89162193319561,11.958795528181069],[-71.89162259240253,11.95874900666219],[-71.89160994302634,11.958704156570269],[-71.89158499196313,11.958664547970946],[-71.89154972532052,11.958633333705812],[-71.89150695032258,11.95861299842713],[-71.89146007185506,11.958605160820506],[-71.89141282143765,11.958610444758353],[-71.89136896019708,11.958628429639953],[-71.89133197948345,11.958657683871055],[-71.89130482296014,11.958695878818057],[-71.89128965228873,11.958739974166235],[-71.89128767505997,11.95878645992785],[-71.89129904866793,11.958831635836548],[-71.89132286777935,11.958871905888481],[-71.89135723639625,11.958904064584685],[-71.89139941877643,11.958925552089681],[-71.8914460571986,11.958934657995398],[-71.89145539910957,11.95893491143669]]]},"id":"0000000000000000006d","properties":{"area_m2":1055.0,"blanqueami":106.8997,"blanqueamiento":106.8997,"circularid":0.0846,"circularidad":0.0846,"comp_humedad":0,"comp_suelo":0,"comp_vegetacion":1,"comp_verdor":1,"confianza":"baja","confusor":"Vegetación irregular","coord_x":5120651.869048092,"coord_y":2879757.130902512,"cumple_BSI":0,"cumple_GLI":1,"cumple_MSAVI":1,"cumple_MSI":0,"cumple_NDVI":1,"dif_BSI":-7.729176845693853E-4,"dif_GLI":-0.016444451611560416,"dif_MSAVI":-0.05751598315984033,"dif_MSI":-0.004884602402951632,"dif_NDVI":-0.12204126050002319,"distancia_":1.699,"distancia_similitud":1.699,"ext_BSI":0.12608223687841552,"ext_GLI":0.027261901777556746,"ext_MSAVI":0.11016893329771749,"ext_MSI":1.1580372310634042,"ext_NDVI":0.2011492823312191,"fid":110,"id_cand":"C110","int_BSI":0.12530931919384614,"int_GLI":0.01081745016599633,"int_MSAVI":0.05265295013787716,"int_MSI":1.1531526286604525,"int_NDVI":0.0791080218311959,"prioridad_espectral":"Media","puntaje_componentes":2,"puntaje_indices":3,"radio_m":18.32530845371775,"vari":-0.0552,"zona":1}},{"type":"Feature","geometry":{"type":"Polygon","coordinates":[[[-71.88035685150669,11.964231205178445],[-71.8804057004666,11.964224395777926],[-71.8804506610424,11.964204509605628],[-71.88048815436753,11.964173129603509],[-71.88051519597217,11.964132753623208],[-71.88052963334745,11.964086595595976],[-71.88053031728428,11.964038329702753],[-71.88051719334848,11.963991797908733],[-71.88049130621148,11.96395070414292],[-71.88045471649264,11.963918319465932],[-71.88041033673284,11.96389722169456],[-71.88036169955652,11.96388909020864],[-71.88031267647614,11.96389457227329],[-71.88026716972192,11.963913231516953],[-71.88022880162644,11.963943582666339],[-71.8802006262886,11.963983209773396],[-71.88018488646779,11.964028958523693],[-71.88018283505947,11.964077187318836],[-71.88019463536291,11.96412405714702],[-71.88021934808029,11.964165837168292],[-71.88025500608293,11.964199201689912],[-71.88029877099348,11.964221494892445],[-71.88034715912094,11.964230942234094],[-71.88035685150669,11.964231205178445]]]},"id":"0000000000000000007a","properties":{"area_m2":1135.6,"blanqueami":115.3677,"blanqueamiento":115.3677,"circularid":0.147,"circularidad":0.147,"comp_humedad":0,"comp_suelo":0,"comp_vegetacion":1,"comp_verdor":1,"confianza":"baja","confusor":"Vegetación irregular","coord_x":5121857.931466747,"coord_y":2880346.8348725997,"cumple_BSI":0,"cumple_GLI":1,"cumple_MSAVI":1,"cumple_MSI":0,"cumple_NDVI":1,"dif_BSI":0.0012177732396163599,"dif_GLI":-0.011276972586336885,"dif_MSAVI":-0.049964065563696196,"dif_MSI":0.013292100314915567,"dif_NDVI":-0.09639610453096836,"distancia_":1.849,"distancia_similitud":1.849,"ext_BSI":0.15355661263292514,"ext_GLI":0.011347746646853521,"ext_MSAVI":0.07381763289373511,"ext_MSI":1.2306611325534909,"ext_NDVI":0.1307128769097356,"fid":123,"id_cand":"C123","int_BSI":0.1547743858725415,"int_GLI":7.077406051663562E-5,"int_MSAVI":0.023853567330038912,"int_MSI":1.2439532328684064,"int_NDVI":0.034316772378767235,"prioridad_espectral":"Media","puntaje_componentes":2,"puntaje_indices":3,"radio_m":19.012435581753135,"vari":-0.0569,"zona":1}},{"type":"Feature","geometry":{"type":"Polygon","coordinates":[[[-71.8860992059553,11.97856701972087],[-71.88617334574135,11.978556685398805],[-71.88624158398453,11.978526505046922],[-71.8862984889097,11.978478881027309],[-71.8863395308823,11.978417604219937],[-71.88636144296788,11.978347552266104],[-71.8863624809782,11.97827430130587],[-71.88634256230421,11.978203682115891],[-71.88630327248654,11.97814131597954],[-71.88624773900216,11.978092167234024],[-71.88618038231478,11.978060148111426],[-71.88610656400644,11.97804780732753],[-71.88603215999888,11.978056127206042],[-71.88596309283494,11.978084445486466],[-71.88590486024928,11.978130508039454],[-71.88586209755222,11.978190648293712],[-71.88583820866023,11.978260079092609],[-71.88583509514233,11.978333273749442],[-71.885853004851,11.97840440597021],[-71.88589051218814,11.978467813626372],[-71.88594463157798,11.978518449461472],[-71.88601105511634,11.978552282854935],[-71.88608449548008,11.978566620662004],[-71.8860992059553,11.97856701972087]]]},"id":"0000000000000000007c","properties":{"area_m2":2615.6,"blanqueami":117.8397,"blanqueamiento":117.8397,"circularid":0.1567,"circularidad":0.1567,"comp_humedad":0,"comp_suelo":0,"comp_vegetacion":1,"comp_verdor":1,"confianza":"baja","confusor":"Vegetación irregular","coord_x":5121226.350109065,"coord_y":2881919.007242805,"cumple_BSI":0,"cumple_GLI":1,"cumple_MSAVI":1,"cumple_MSI":0,"cumple_NDVI":1,"dif_BSI":-0.017640477443008756,"dif_GLI":-0.007861132098155539,"dif_MSAVI":-0.03628535990082138,"dif_MSI":-0.038793988559519876,"dif_NDVI":-0.059257984275013914,"distancia_":1.876,"distancia_similitud":1.876,"ext_BSI":0.1860329840145653,"ext_GLI":0.006652872688538881,"ext_MSAVI":0.06049748505469442,"ext_MSI":1.3246139501854763,"ext_NDVI":0.0919142648386053,"fid":125,"id_cand":"C125","int_BSI":0.16839250657155655,"int_GLI":-0.0012082594096166572,"int_MSAVI":0.024212125153873037,"int_MSI":1.2858199616259565,"int_NDVI":0.03265628056359139,"prioridad_espectral":"Media","puntaje_componentes":2,"puntaje_indices":3,"radio_m":28.854312299937472,"vari":-0.0568,"zona":1}},{"type":"Feature","geometry":{"type":"Polygon","coordinates":[[[-71.8759549944984,11.968956370332268],[-71.87601190887499,11.968948436774347],[-71.87606429285782,11.968925267613129],[-71.87610797667543,11.968888707117431],[-71.87613948309442,11.968841665507421],[-71.87615630420775,11.968787887299635],[-71.87615710106286,11.968731653242088],[-71.87614181023986,11.968677439565885],[-71.87611164889663,11.96862956167721],[-71.87606901788047,11.968591830651736],[-71.8760173106193,11.968567249874338],[-71.87596064300509,11.968557775971151],[-71.8759035257707,11.968564163063283],[-71.87585050543849,11.968585902739273],[-71.87580580242009,11.968621264524316],[-71.8757729750737,11.968667433624994],[-71.87575463645948,11.968720734985363],[-71.8757522463389,11.968776925820025],[-71.8757659949753,11.968831533338937],[-71.87579478798582,11.968880210781382],[-71.87583633345174,11.968919083418797],[-71.8758873243535,11.968945056984476],[-71.87594370180975,11.968956063978682],[-71.8759549944984,11.968956370332268]]]},"id":"0000000000000000008d","properties":{"area_m2":1541.5,"blanqueami":115.1524,"blanqueamiento":115.1524,"circularid":0.1537,"circularidad":0.1537,"comp_humedad":0,"comp_suelo":0,"comp_vegetacion":1,"comp_verdor":1,"confianza":"baja","confusor":"Vegetación irregular","coord_x":5122334.650659737,"coord_y":2880867.8643674757,"cumple_BSI":0,"cumple_GLI":1,"cumple_MSAVI":1,"cumple_MSI":0,"cumple_NDVI":1,"dif_BSI":0.0013602125572282076,"dif_GLI":-0.004419624775448677,"dif_MSAVI":-0.04572037137145046,"dif_MSI":-0.018286813869942353,"dif_NDVI":-0.09420889779288572,"distancia_":2.055,"distancia_similitud":2.055,"ext_BSI":0.1541776957760016,"ext_GLI":0.004469930382417927,"ext_MSAVI":0.06608298373605825,"ext_MSI":1.2407681344152248,"ext_NDVI":0.12306810043444617,"fid":142,"id_cand":"C142","int_BSI":0.1555379083332298,"int_GLI":5.0305606969249554E-5,"int_MSAVI":0.02036261236460779,"int_MSI":1.2224813205452825,"int_NDVI":0.028859202641560458,"prioridad_espectral":"Media","puntaje_componentes":2,"puntaje_indices":3,"radio_m":22.151178062403662,"vari":-0.0627,"zona":1}},{"type":"Feature","geometry":{"type":"Polygon","coordinates":[[[-71.88671873222043,11.960824257322976],[-71.88676704640358,11.960817522383957],[-71.88681151477101,11.960797853668996],[-71.88684859763602,11.960766816810391],[-71.88687534320147,11.960726882345481],[-71.88688962252316,11.960681229060825],[-71.8868902989729,11.960633490959802],[-71.88687731871234,11.960587467995351],[-71.88685171497622,11.960546823593681],[-71.88681552582511,11.96051479304609],[-71.88677163191473,11.96049392598075],[-71.88672352719603,11.96048588341336],[-71.88667504079794,11.960491305531143],[-71.88663003223095,11.960509760734293],[-71.88659208417205,11.9605397799911],[-71.88656421728525,11.960578973772074],[-71.8865486497772,11.960624222255479],[-71.8865466208271,11.960671923664108],[-71.88655829194643,11.960718280966123],[-71.88658273412028,11.96075960411869],[-71.88661800175514,11.96079260379588],[-71.88666128754694,11.960814653219957],[-71.88670914594262,11.960823997253947],[-71.88671873222043,11.960824257322976]]]},"id":"0000000000000000008f","properties":{"area_m2":1110.9,"blanqueami":114.4752,"blanqueamiento":114.4752,"circularid":0.166,"circularidad":0.166,"comp_humedad":0,"comp_suelo":0,"comp_vegetacion":1,"comp_verdor":1,"confianza":"baja","confusor":"Vegetación irregular","coord_x":5121166.675799417,"coord_y":2879967.3030722775,"cumple_BSI":0,"cumple_GLI":1,"cumple_MSAVI":1,"cumple_MSI":0,"cumple_NDVI":1,"dif_BSI":0.008235558966737777,"dif_GLI":-0.0066034407239883505,"dif_MSAVI":-0.026597165675375754,"dif_MSI":0.009339557022025824,"dif_NDVI":-0.058687373606252896,"distancia_":2.081,"distancia_similitud":2.081,"ext_BSI":0.1379180566870138,"ext_GLI":0.02085670515644488,"ext_MSAVI":0.06434324287210458,"ext_MSI":1.184534833782989,"ext_NDVI":0.1153394080612709,"fid":144,"id_cand":"C144","int_BSI":0.14615361565375157,"int_GLI":0.01425326443245653,"int_MSAVI":0.037746077196728824,"int_MSI":1.193874390805015,"int_NDVI":0.056652034455018,"prioridad_espectral":"Media","puntaje_componentes":2,"puntaje_indices":3,"radio_m":18.804532766372397,"vari":-0.0635,"zona":1}},{"type":"Feature","geometry":{"type":"Polygon","coordinates":[[[-71.85830790735503,11.967520236779862],[-71.8583686886148,11.967511764153775],[-71.85842463167562,11.967487020698078],[-71.85847128346248,11.96744797599593],[-71.85850493049142,11.967397738010995],[-71.8585228944634,11.967340305691868],[-71.85852374545544,11.967280250654193],[-71.85850741573975,11.967222353279125],[-71.8584752051712,11.967171222194922],[-71.85842967771609,11.967130927431032],[-71.8583744573587,11.967104676445242],[-71.85831393963262,11.967094558811736],[-71.85825294173834,11.967101379892343],[-71.85819631909742,11.967124596730269],[-71.85814857886427,11.967162361269098],[-71.85811352115911,11.967211667456862],[-71.85809393657915,11.967268590526114],[-71.85809138406583,11.967328599403835],[-71.85810606681028,11.967386917383813],[-71.85813681607588,11.967438902352308],[-71.85818118422668,11.967480416301116],[-71.85823563955735,11.967508154714471],[-71.8582958474172,11.96751990961021],[-71.85830790735503,11.967520236779862]]]},"id":"000000000000000000c0","properties":{"area_m2":1758.1,"blanqueami":99.7067,"blanqueamiento":99.7067,"circularid":0.0705,"circularidad":0.0705,"comp_humedad":0,"comp_suelo":0,"comp_vegetacion":1,"comp_verdor":1,"confianza":"baja","confusor":"Vegetación irregular","coord_x":5124256.361552396,"coord_y":2880715.544754019,"cumple_BSI":0,"cumple_GLI":1,"cumple_MSAVI":1,"cumple_MSI":0,"cumple_NDVI":1,"dif_BSI":-0.007802249437384057,"dif_GLI":-0.004390874892060276,"dif_MSAVI":-0.023690248373610057,"dif_MSI":-0.0284218461558301,"dif_NDVI":-0.05619668060559756,"distancia_":2.652,"distancia_similitud":2.652,"ext_BSI":0.1422485523161519,"ext_GLI":0.007998793187859543,"ext_MSAVI":0.09329710040701565,"ext_MSI":1.2171683971405454,"ext_NDVI":0.16112529169848946,"fid":193,"id_cand":"C193","int_BSI":0.13444630287876785,"int_GLI":0.003607918295799267,"int_MSAVI":0.0696068520334056,"int_MSI":1.1887465509847153,"int_NDVI":0.10492861109289191,"prioridad_espectral":"Media","puntaje_componentes":2,"puntaje_indices":3,"radio_m":23.65630171645015,"vari":-0.0809,"zona":1}},{"type":"Feature","geometry":{"type":"Polygon","coordinates":[[[-72.16025787211208,11.846564729412266],[-72.16030327087155,11.846558398219138],[-72.16034505588385,11.846539908603559],[-72.16037990105798,11.846510732341192],[-72.16040503271708,11.846473191865492],[-72.16041845038356,11.846430275401087],[-72.16041908601629,11.846385399100212],[-72.16040688902501,11.846342135116517],[-72.16038283029552,11.846303927261552],[-72.16034882490545,11.846273816877886],[-72.16030757968322,11.846254200749069],[-72.16026237774476,11.846246640316593],[-72.16021681715851,11.846251737389878],[-72.16017452454123,11.846269086242573],[-72.16013886638088,11.846297305908145],[-72.16011268106575,11.846334150104157],[-72.16009805294911,11.846376686035427],[-72.16009614643387,11.846421527843647],[-72.16010711328481,11.846465106121125],[-72.16013008054604,11.846503952035583],[-72.1601632200266,11.84653497344962],[-72.1602038938236,11.846555701055678],[-72.16024886429923,11.846564484933845],[-72.16025787211208,11.846564729412266]]]},"id":"00000000000000000022","properties":{"area_m2":981.7,"blanqueami":115.4917,"blanqueamiento":115.4917,"circularid":0.2126,"circularidad":0.2126,"comp_humedad":0,"comp_suelo":1,"comp_vegetacion":1,"comp_verdor":0,"confianza":"media","confusor":"Erosión","coord_x":5091431.4031762555,"coord_y":2867232.4724315987,"cumple_BSI":1,"cumple_GLI":0,"cumple_MSAVI":1,"cumple_MSI":0,"cumple_NDVI":1,"dif_BSI":0.015074702908407678,"dif_GLI":0.0029233292225771066,"dif_MSAVI":-0.03429787337864168,"dif_MSI":0.021307652816688005,"dif_NDVI":-0.11167822794845922,"distancia_":0.794,"distancia_similitud":0.794,"ext_BSI":0.17563224001221076,"ext_GLI":0.013703461649726733,"ext_MSAVI":0.15845776340089798,"ext_MSI":1.350258576636072,"ext_NDVI":0.3360578987237219,"fid":35,"id_cand":"C035","int_BSI":0.19070694292061843,"int_GLI":0.01662679087230384,"int_MSAVI":0.1241598900222563,"int_MSI":1.37156622945276,"int_NDVI":0.22437967077526266,"prioridad_espectral":"Media","puntaje_componentes":2,"puntaje_indices":3,"radio_m":17.677240035328687,"vari":-0.0222,"zona":0}},{"type":"Feature","geometry":{"type":"Polygon","coordinates":[[[-72.16018183978584,11.85057237235494],[-72.16023049602036,11.850565586982075],[-72.16027527921185,11.850545770980128],[-72.16031262461358,11.85051450170545],[-72.16033955953047,11.850474268195711],[-72.16035393994598,11.850428273041468],[-72.16035462118487,11.85038017745892],[-72.16034154902759,11.850333809856544],[-72.16031576402393,11.850292861093708],[-72.16027931866334,11.85026059068885],[-72.16023511399584,11.850239567362761],[-72.16018666870856,11.85023146456948],[-72.16013783903976,11.850236927290199],[-72.16009251182416,11.850255520693134],[-72.16005429510318,11.850285764745875],[-72.16002623092632,11.850325252025204],[-72.16001055320454,11.85037083934692],[-72.1600085098901,11.850418897962312],[-72.16002026363786,11.850465602405878],[-72.16004487885579,11.850507235002304],[-72.16008039617601,11.85054048179392],[-72.16012398841954,11.850562696332661],[-72.16017218563978,11.850572110338414],[-72.16018183978584,11.85057237235494]]]},"id":"000000000000000000db","properties":{"area_m2":1127.6,"blanqueami":107.9385,"blanqueamiento":107.9385,"circularid":0.134,"circularidad":0.134,"comp_humedad":0,"comp_suelo":1,"comp_vegetacion":0,"comp_verdor":1,"confianza":"media","confusor":"Vegetación irregular","coord_x":5091438.298530463,"coord_y":2867674.4293848835,"cumple_BSI":1,"cumple_GLI":1,"cumple_MSAVI":0,"cumple_MSI":0,"cumple_NDVI":0,"dif_BSI":0.015158323012644581,"dif_GLI":-0.015580138493022401,"dif_MSAVI":-0.013666357131871643,"dif_MSI":0.017182862487564732,"dif_NDVI":-0.04467936172290668,"distancia_":3.864,"distancia_similitud":3.864,"ext_BSI":0.257183574752682,"ext_GLI":-0.02366745610412331,"ext_MSAVI":0.12832523316958092,"ext_MSI":1.605742095553383,"ext_NDVI":0.2385825174340303,"fid":220,"id_cand":"C220","int_BSI":0.2723418977653266,"int_GLI":-0.03924759459714571,"int_MSAVI":0.11465887603770927,"int_MSI":1.6229249580409477,"int_NDVI":0.19390315571112363,"prioridad_espectral":"Media","puntaje_componentes":2,"puntaje_indices":2,"radio_m":18.945348443901537,"vari":-0.1114,"zona":0}},{"type":"Feature","geometry":{"type":"Polygon","coordinates":[[[-71.8852714811811,11.959135652591057],[-71.88535850997748,11.959123520799576],[-71.88543861125977,11.959088091118852],[-71.88550540895085,11.959032183759843],[-71.88555358595099,11.958960248959345],[-71.88557930738006,11.958878012737692],[-71.88558052583122,11.958792021104378],[-71.88555714433853,11.958709118993715],[-71.8855110240884,11.958635905408002],[-71.88544583626297,11.958578208138695],[-71.88536676981089,11.95854061987734],[-71.88528011840762,11.958526132640769],[-71.8851927794834,11.95853589960931],[-71.88511170519435,11.958569143334788],[-71.88504334903793,11.958623217624602],[-71.8849931521594,11.958693818176187],[-71.88496511023823,11.958775325196092],[-71.88496145542948,11.958861250732278],[-71.88498247867868,11.958944755112986],[-71.88502650655536,11.959019191384336],[-71.8850900344519,11.959078634409462],[-71.88516800554673,11.959118352512418],[-71.88525421332761,11.95913518412308],[-71.8852714811811,11.959135652591057]]]},"id":"00000000000000000098","properties":{"area_m2":3604.6,"blanqueami":122.2151,"blanqueamiento":122.2151,"circularid":0.1144,"circularidad":0.1144,"comp_humedad":0,"comp_suelo":0,"comp_vegetacion":1,"comp_verdor":1,"confianza":"media","confusor":"Erosión","coord_x":5121325.357074388,"coord_y":2879766.578648125,"cumple_BSI":0,"cumple_GLI":1,"cumple_MSAVI":1,"cumple_MSI":0,"cumple_NDVI":1,"dif_BSI":0.005088248634252751,"dif_GLI":-0.010626913472642744,"dif_MSAVI":-0.03436934495816452,"dif_MSI":0.005124429859569846,"dif_NDVI":-0.06616311294682886,"distancia_":2.192,"distancia_similitud":2.192,"ext_BSI":0.13723396966217893,"ext_GLI":0.021525606252309915,"ext_MSAVI":0.061721565156235704,"ext_MSI":1.194974580347237,"ext_NDVI":0.10675517976665727,"fid":153,"id_cand":"C153","int_BSI":0.14232221829643169,"int_GLI":0.01089869277966717,"int_MSAVI":0.02735222019807118,"int_MSI":1.2000990102068068,"int_NDVI":0.040592066819828417,"prioridad_espectral":"Media","puntaje_componentes":2,"puntaje_indices":3,"radio_m":33.87299537593467,"vari":-0.0641,"zona":1}},{"type":"Feature","geometry":{"type":"Polygon","coordinates":[[[-71.86587538573751,11.986747857464126],[-71.86593808263845,11.986739118428465],[-71.86599578885468,11.986713596950343],[-71.86604391096357,11.986673324543776],[-71.8660786184434,11.986621506898048],[-71.86609714858352,11.986562268703084],[-71.86609802639462,11.986500325322448],[-71.86608118201477,11.986440607449396],[-71.8660479562668,11.986387868623652],[-71.86600099392555,11.986346306850562],[-71.86594403319225,11.986319230441495],[-71.86588160813389,11.98630879467405],[-71.86581868777397,11.98631583023339],[-71.86576028056157,11.986339777090304],[-71.86571103570249,11.986378729079116],[-71.86567487308501,11.986429585627182],[-71.86565467125764,11.986488298558719],[-71.86565203829525,11.986550194327883],[-71.86566718379349,11.986610346031933],[-71.8656989021812,11.986663965592529],[-71.86574466868059,11.986706784887618],[-71.86580084027783,11.986735395495524],[-71.86586294570697,11.986747520007093],[-71.86587538573751,11.986747857464126]]]},"id":"0000000000000000008a","properties":{"area_m2":1870.4,"blanqueami":116.3212,"blanqueamiento":116.3212,"circularid":0.1224,"circularidad":0.1224,"comp_humedad":0,"comp_suelo":0,"comp_vegetacion":1,"comp_verdor":1,"confianza":"media","confusor":"Nubes","coord_x":5123424.01587405,"coord_y":2882836.9104757365,"cumple_BSI":0,"cumple_GLI":1,"cumple_MSAVI":1,"cumple_MSI":0,"cumple_NDVI":1,"dif_BSI":0.007933537851132433,"dif_GLI":-0.012420045014685095,"dif_MSAVI":-0.044283138148233696,"dif_MSI":-0.008211812418100983,"dif_NDVI":-0.09269333632303894,"distancia_":2.017,"distancia_similitud":2.017,"ext_BSI":0.13949870747913615,"ext_GLI":0.018432204545672314,"ext_MSAVI":0.07126194806289071,"ext_MSI":1.2004332039351129,"ext_NDVI":0.13320007508636705,"fid":139,"id_cand":"C139","int_BSI":0.14743224533026858,"int_GLI":0.006012159530987218,"int_MSAVI":0.026978809914657016,"int_MSI":1.192221391517012,"int_NDVI":0.040506738763328116,"prioridad_espectral":"Media","puntaje_componentes":2,"puntaje_indices":3,"radio_m":24.4001395716943,"vari":-0.0613,"zona":1}},{"type":"Feature","geometry":{"type":"Polygon","coordinates":[[[-71.89722043020173,11.983510804182849],[-71.89728337224186,11.983502030873106],[-71.89734130408411,11.983476409300954],[-71.89738961434597,11.983435978947938],[-71.89742445752871,11.983383958075919],[-71.89744306011981,11.983324487551675],[-71.89744394136288,11.983262301232202],[-71.89742703112292,11.983202349148694],[-71.8973936754653,11.983149403484],[-71.89734652950571,11.983107678707812],[-71.89728934606138,11.983080496106496],[-71.89722667692708,11.983070019410526],[-71.89716351055463,11.98307708256296],[-71.89710487497562,11.983101123338178],[-71.89705543757378,11.983140228094644],[-71.89701913356379,11.98319128409946],[-71.89699885274902,11.983250227300116],[-71.89699620949182,11.983312365821376],[-71.89701141420737,11.983372753437436],[-71.89704325661089,11.983426583291337],[-71.89708920205304,11.983469570521647],[-71.89714559327606,11.983498293338993],[-71.89720794153179,11.983510465402327],[-71.89722043020173,11.983510804182849]]]},"id":"00000000000000000019","properties":{"area_m2":1885.1,"blanqueami":95.9103,"blanqueamiento":95.9103,"circularid":0.0748,"circularidad":0.0748,"comp_humedad":0,"comp_suelo":1,"comp_vegetacion":1,"comp_verdor":0,"confianza":"media","confusor":"Vegetación irregular","coord_x":5120013.791405229,"coord_y":2882465.0363707426,"cumple_BSI":1,"cumple_GLI":0,"cumple_MSAVI":1,"cumple_MSI":0,"cumple_NDVI":1,"dif_BSI":0.019941567393666926,"dif_GLI":-0.0015406563488434988,"dif_MSAVI":-0.04945013463988003,"dif_MSI":0.0136496775283943,"dif_NDVI":-0.14135688998672857,"distancia_":0.667,"distancia_similitud":0.667,"ext_BSI":0.11951026984969365,"ext_GLI":0.016307586939874153,"ext_MSAVI":0.17249237756617117,"ext_MSI":1.1692144121933215,"ext_NDVI":0.37844675428673624,"fid":26,"id_cand":"C026","int_BSI":0.13945183724336058,"int_GLI":0.014766930591030654,"int_MSAVI":0.12304224292629114,"int_MSI":1.1828640897217158,"int_NDVI":0.23708986430000767,"prioridad_espectral":"Media","puntaje_componentes":2,"puntaje_indices":3,"radio_m":24.495835695992568,"vari":-0.0301,"zona":1}},{"type":"Feature","geometry":{"type":"Polygon","coordinates":[[[-71.87870538023816,11.96663472884976],[-71.87876419340913,11.966626530539497],[-71.87881832504169,11.966602588195627],[-71.878863466251,11.966564807632551],[-71.87889602379519,11.966516196188117],[-71.87891340609791,11.966460623337982],[-71.87891422953649,11.966402512683864],[-71.87889842857562,11.966346489833972],[-71.87886726098075,11.96629701420454],[-71.87882320769711,11.96625802405113],[-71.87876977536504,11.966232622984874],[-71.87871121719174,11.966222832926643],[-71.87865219439794,11.966229433163381],[-71.87859740518792,11.966251898317394],[-71.87855121077548,11.96628844016605],[-71.87851728823367,11.966336149983183],[-71.87849833780045,11.96639123007213],[-71.87849586793857,11.966449296060883],[-71.87851007525946,11.96650572589717],[-71.87853982886958,11.96655602776365],[-71.87858276038676,11.966596197627336],[-71.87863545246176,11.966623037961986],[-71.87869371079947,11.966634412272787],[-71.87870538023816,11.96663472884976]]]},"id":"00000000000000000072","properties":{"area_m2":1646.1,"blanqueami":119.7664,"blanqueamiento":119.7664,"circularid":0.0794,"circularidad":0.0794,"comp_humedad":0,"comp_suelo":0,"comp_vegetacion":1,"comp_verdor":1,"confianza":"media","confusor":"Vegetación irregular","coord_x":5122036.561793594,"coord_y":2880609.3776937015,"cumple_BSI":0,"cumple_GLI":1,"cumple_MSAVI":1,"cumple_MSI":0,"cumple_NDVI":1,"dif_BSI":-1.411467332957106E-4,"dif_GLI":-0.008284628942757524,"dif_MSAVI":-0.04595853153876377,"dif_MSI":-0.021222796308691283,"dif_NDVI":-0.09676924218476814,"distancia_":1.768,"distancia_similitud":1.768,"ext_BSI":0.13548586546553912,"ext_GLI":0.009876922032604337,"ext_MSAVI":0.0704359314267501,"ext_MSI":1.1850649722929647,"ext_NDVI":0.13350670827732145,"fid":115,"id_cand":"C115","int_BSI":0.1353447187322434,"int_GLI":0.0015922930898468132,"int_MSAVI":0.024477399887986338,"int_MSI":1.1638421759842734,"int_NDVI":0.03673746609255331,"prioridad_espectral":"Media","puntaje_componentes":2,"puntaje_indices":3,"radio_m":22.89038889243994,"vari":-0.0529,"zona":1}},{"type":"Feature","geometry":{"type":"Polygon","coordinates":[[[-71.88981690890324,11.957052467359885],[-71.88986936553906,11.957045154865588],[-71.88991764661871,11.957023799458367],[-71.8899579089628,11.956990101031678],[-71.88998694768743,11.956946741984295],[-71.89000245131345,11.956897173700098],[-71.89000318575908,11.956845341816777],[-71.88998909257073,11.956795372152353],[-71.88996129357332,11.95675124229004],[-71.88992200157072,11.956716464963261],[-71.88987434420555,11.956693808443196],[-71.88982211499896,11.956685076185657],[-71.88976947138796,11.956690963276998],[-71.88972060379594,11.956711001105663],[-71.8896794020774,11.956743594663383],[-71.88964914588742,11.956786149506916],[-71.88963224362159,11.956835278274522],[-71.88963004070688,11.956887070318743],[-71.88964271250353,11.956937402993198],[-71.88966925034389,11.956982269815121],[-71.88970754181996,11.957018099381973],[-71.88975453892992,11.957042039656184],[-71.88980650069902,11.957052184988614],[-71.88981690890324,11.957052467359885]]]},"id":"000000000000000000c3","properties":{"area_m2":1309.6,"blanqueami":109.2549,"blanqueamiento":109.2549,"circularid":0.0933,"circularidad":0.0933,"comp_humedad":0,"comp_suelo":0,"comp_vegetacion":1,"comp_verdor":1,"confianza":"media","confusor":"Vegetación irregular","coord_x":5120831.160775246,"coord_y":2879547.4901101515,"cumple_BSI":0,"cumple_GLI":1,"cumple_MSAVI":1,"cumple_MSI":0,"cumple_NDVI":1,"dif_BSI":0.005801274991685951,"dif_GLI":-0.010430255868874166,"dif_MSAVI":-0.03147526868528824,"dif_MSI":-0.019563729791981288,"dif_NDVI":-0.06688029315098973,"distancia_":2.69,"distancia_similitud":2.69,"ext_BSI":0.13251754448005174,"ext_GLI":0.02193566179472801,"ext_MSAVI":0.08444361733786927,"ext_MSI":1.182399411607346,"ext_NDVI":0.1481058370386135,"fid":196,"id_cand":"C196","int_BSI":0.1383188194717377,"int_GLI":0.011505405925853845,"int_MSAVI":0.052968348652581036,"int_MSI":1.1628356818153647,"int_NDVI":0.08122554388762376,"prioridad_espectral":"Media","puntaje_componentes":2,"puntaje_indices":3,"radio_m":20.417116029113718,"vari":-0.0808,"zona":1}},{"type":"Feature","geometry":{"type":"Polygon","coordinates":[[[-72.07631554040532,12.034848494864448],[-72.07636173253934,12.034842057504394],[-72.0764042477733,12.03482325783898],[-72.0764397018903,12.034793592323934],[-72.07646527274161,12.034755422337389],[-72.07647892489004,12.034711786213164],[-72.07647957162997,12.034666157388518],[-72.07646716148734,12.034622167917975],[-72.07644268231506,12.034583319361777],[-72.07640808265812,12.034552704062172],[-72.07636611664859,12.034532758993866],[-72.07632012477684,12.03452507178181],[-72.07627376798975,12.034530254327029],[-72.07623073628129,12.034547894099642],[-72.0761944549709,12.034576586976005],[-72.07616781204958,12.034614049006242],[-72.07615292829605,12.034657298215718],[-72.07615098846232,12.03470289196926],[-72.07616214696552,12.034747201004356],[-72.07618551559456,12.034786698320342],[-72.07621923420976,12.034818239928125],[-72.07626061880909,12.034839315112569],[-72.07630637517472,12.034848246286401],[-72.07631554040532,12.034848494864448]]]},"id":"00000000000000000014","properties":{"area_m2":1014.9,"blanqueami":74.591,"blanqueamiento":74.591,"circularid":0.0838,"circularidad":0.0838,"comp_humedad":0,"comp_suelo":0,"comp_vegetacion":0,"comp_verdor":1,"confianza":"alta","confusor":"Ninguno","coord_x":5100502.178093936,"coord_y":2888075.513987132,"cumple_BSI":0,"cumple_GLI":1,"cumple_MSAVI":0,"cumple_MSI":0,"cumple_NDVI":0,"dif_BSI":0.003990898989921554,"dif_GLI":-0.004763320468485904,"dif_MSAVI":-0.004506955057591938,"dif_MSI":0.0032944776888599314,"dif_NDVI":-0.017766112756168684,"distancia_":0.598,"distancia_similitud":0.598,"ext_BSI":0.15821759009050199,"ext_GLI":0.025984785770483593,"ext_MSAVI":0.16933373861222326,"ext_MSI":1.2729783150991572,"ext_NDVI":0.34220748894903336,"fid":21,"id_cand":"C021","int_BSI":0.16220848908042354,"int_GLI":0.02122146530199769,"int_MSAVI":0.16482678355463132,"int_MSI":1.276272792788017,"int_NDVI":0.32444137619286467,"prioridad_espectral":"Baja","puntaje_componentes":1,"puntaje_indices":1,"radio_m":17.973666946061094,"vari":-0.0093,"zona":2}},{"type":"Feature","geometry":{"type":"Polygon","coordinates":[[[-72.12523154215634,11.848663635918578],[-72.1252846640706,11.848656227730515],[-72.1253335574724,11.848634592859236],[-72.1253743304414,11.848600453443591],[-72.12540373744797,11.848556526985135],[-72.12541943769776,11.848506310033738],[-72.12542018145781,11.848453799861034],[-72.12540590953328,11.848403176276884],[-72.1253777579766,11.848358468916475],[-72.12533796765541,11.848323236482017],[-72.12528970587849,11.848300283471193],[-72.12523681427807,11.848291436940428],[-72.12518350301758,11.848297401072205],[-72.12513401566515,11.848317701122562],[-72.1250922914082,11.848350721210425],[-72.12506165149574,11.848393832940832],[-72.12504453486778,11.848443604623899],[-72.1250423040146,11.84849607443615],[-72.12505513652049,11.848547065780867],[-72.12508201092544,11.8485925197451],[-72.125120788031,11.848628818189724],[-72.12516838117921,11.848653071754432],[-72.12522100195064,11.848663349852103],[-72.12523154215634,11.848663635918578]]]},"id":"00000000000000000000","properties":{"area_m2":1344.1,"blanqueami":96.6441,"blanqueamiento":96.6441,"circularid":0.0732,"circularidad":0.0732,"comp_humedad":0,"comp_suelo":0,"comp_vegetacion":0,"comp_verdor":1,"confianza":"baja","confusor":"Camino","coord_x":5095244.655452313,"coord_y":2867473.4697225597,"cumple_BSI":0,"cumple_GLI":1,"cumple_MSAVI":0,"cumple_MSI":0,"cumple_NDVI":1,"dif_BSI":-6.33207612321135E-4,"dif_GLI":-0.011188338668818371,"dif_MSAVI":-0.002116101523539554,"dif_MSI":-0.02592755466823471,"dif_NDVI":-0.05727727052582604,"distancia_":0.132,"distancia_similitud":0.132,"ext_BSI":0.2017277231790807,"ext_GLI":0.0053186304488629195,"ext_MSAVI":0.17031849422083326,"ext_MSI":1.4388618346334057,"ext_NDVI":0.3766179059030966,"fid":1,"id_cand":"C001","int_BSI":0.20109451556675956,"int_GLI":-0.005869708219955453,"int_MSAVI":0.1682023926972937,"int_MSI":1.412934279965171,"int_NDVI":0.31934063537727053,"prioridad_espectral":"Baja","puntaje_componentes":1,"puntaje_indices":2,"radio_m":20.684301245621835,"vari":-0.0148,"zona":0}},{"type":"Feature","geometry":{"type":"Polygon","coordinates":[[[-72.16751369438884,11.850249646580092],[-72.16759863068887,11.85023780173789],[-72.16767680603877,11.85020321006366],[-72.16774199766644,11.850148625062578],[-72.16778901631503,11.850078391711136],[-72.16781411930866,11.849998100593758],[-72.16781530846688,11.849914142889284],[-72.16779248915425,11.849833201631279],[-72.16774747780649,11.849761719738487],[-72.16768385733654,11.849705387160157],[-72.16760669193171,11.849668687959053],[-72.16752212394488,11.849654543383304],[-72.16743688496754,11.849664079337643],[-72.1673577600013,11.84969653676248],[-72.16729104737838,11.849749332054303],[-72.16724205741909,11.849818262718184],[-72.16721468973165,11.84989784188315],[-72.16721112280113,11.849981735054033],[-72.16723164057665,11.85006326433531],[-72.1672746098623,11.850135939991299],[-72.16733661031371,11.850193977030656],[-72.16741270669397,11.850232755694522],[-72.16749684171889,11.850249189192635],[-72.16751369438884,11.850249646580092]]]},"id":"00000000000000000039","properties":{"area_m2":3436.1,"blanqueami":124.946,"blanqueamiento":124.946,"circularid":0.0909,"circularidad":0.0909,"comp_humedad":0,"comp_suelo":0,"comp_vegetacion":1,"comp_verdor":0,"confianza":"baja","confusor":"Erosión","coord_x":5090640.16075476,"coord_y":2867622.285796279,"cumple_BSI":0,"cumple_GLI":0,"cumple_MSAVI":1,"cumple_MSI":0,"cumple_NDVI":1,"dif_BSI":-0.008946376213586793,"dif_GLI":-0.0032545519460161626,"dif_MSAVI":-0.03012425309325735,"dif_MSI":-0.05916771080085259,"dif_NDVI":-0.09097776790439252,"distancia_":1.041,"distancia_similitud":1.041,"ext_BSI":0.1958518275203889,"ext_GLI":0.012643889900571031,"ext_MSAVI":0.14669577372948592,"ext_MSI":1.423164215625022,"ext_NDVI":0.29378176464564326,"fid":58,"id_cand":"C058","int_BSI":0.1869054513068021,"int_GLI":0.009389337954554869,"int_MSAVI":0.11657152063622857,"int_MSI":1.3639965048241693,"int_NDVI":0.20280399674125074,"prioridad_espectral":"Baja","puntaje_componentes":1,"puntaje_indices":2,"radio_m":33.071809746612345,"vari":-0.0068,"zona":0}},{"type":"Feature","geometry":{"type":"Polygon","coordinates":[[[-72.16328600769613,11.849568816938703],[-72.16344290911822,11.849546936082472],[-72.16358732111661,11.849483035239972],[-72.1637077484477,11.84938220094524],[-72.16379460508462,11.84925245964364],[-72.16384097726836,11.849104138775719],[-72.16384317383395,11.848949044702671],[-72.16380102000817,11.848799522913703],[-72.16371787129859,11.848667475324794],[-72.1636003463755,11.848563412891918],[-72.16345780021544,11.848495618948995],[-72.16330157944738,11.848469489865618],[-72.16314411917521,11.8484871055049],[-72.16299795316507,11.848547063670061],[-72.16287471617986,11.848644591716766],[-72.16278421786825,11.848771926447645],[-72.1627336619214,11.848918932051793],[-72.16272707265112,11.849073906904856],[-72.16276497463653,11.849224515011509],[-72.16284435094461,11.84935876794978],[-72.16295888325783,11.849465979154628],[-72.1630994548008,11.849537614578256],[-72.16325487603658,11.849567972011501],[-72.16328600769613,11.849568816938703]]]},"id":"00000000000000000057","properties":{"area_m2":11725.6,"blanqueami":136.3833,"blanqueamiento":136.3833,"circularid":0.0907,"circularidad":0.0907,"comp_humedad":0,"comp_suelo":0,"comp_vegetacion":1,"comp_verdor":0,"confianza":"baja","confusor":"Erosión","coord_x":5091100.733551557,"coord_y":2867520.5617183507,"cumple_BSI":0,"cumple_GLI":0,"cumple_MSAVI":1,"cumple_MSI":0,"cumple_NDVI":1,"dif_BSI":-0.007334365994040637,"dif_GLI":0.006643983807698573,"dif_MSAVI":-0.03263495167878798,"dif_MSI":-0.04997242885318043,"dif_NDVI":-0.09894351456818429,"distancia_":1.443,"distancia_similitud":1.443,"ext_BSI":0.20619105458721448,"ext_GLI":0.0036067871393527873,"ext_MSAVI":0.13097838518894153,"ext_MSI":1.4590741875051036,"ext_NDVI":0.2588613283459482,"fid":88,"id_cand":"C088","int_BSI":0.19885668859317385,"int_GLI":0.01025077094705136,"int_MSAVI":0.09834343351015355,"int_MSI":1.4091017586519232,"int_NDVI":0.15991781377776393,"prioridad_espectral":"Baja","puntaje_componentes":1,"puntaje_indices":2,"radio_m":61.09316165854126,"vari":-0.0247,"zona":0}},{"type":"Feature","geometry":{"type":"Polygon","coordinates":[[[-72.14947874225163,11.838498206199162],[-72.14952511872823,11.838491738465127],[-72.14956780363114,11.838472850095522],[-72.14960339923785,11.83844304460693],[-72.14962907213709,11.83840469451933],[-72.14964277876861,11.838360852502584],[-72.14964342808987,11.83831500838297],[-72.14963096842132,11.838270811352503],[-72.14960639155805,11.838231779493194],[-72.14957165382128,11.838201019738245],[-72.1495295203342,11.83818098056103],[-72.14948334491842,11.838173257077589],[-72.14943680313101,11.838178464076158],[-72.14939359969199,11.838196187080365],[-72.14935717359062,11.838225015341312],[-72.14933042434322,11.838262654132485],[-72.14931548119212,11.838306107409055],[-72.14931353361725,11.838351916292106],[-72.14932473665193,11.8383964343948],[-72.14934819854034,11.838436118074712],[-72.14938205171929,11.838467808508199],[-72.14942360147549,11.838488983133622],[-72.14946954044464,11.838497956448228],[-72.14947874225163,11.838498206199162]]]},"id":"00000000000000000060","properties":{"area_m2":1024.5,"blanqueami":128.2882,"blanqueamiento":128.2882,"circularid":0.1732,"circularidad":0.1732,"comp_humedad":0,"comp_suelo":0,"comp_vegetacion":1,"comp_verdor":0,"confianza":"baja","confusor":"Erosión","coord_x":5092608.087944918,"coord_y":2866344.293645659,"cumple_BSI":0,"cumple_GLI":0,"cumple_MSAVI":1,"cumple_MSI":0,"cumple_NDVI":1,"dif_BSI":0.0059314460211908615,"dif_GLI":3.85712283780322E-4,"dif_MSAVI":-0.024385788247175605,"dif_MSI":-0.026748647429259753,"dif_NDVI":-0.11741301091616735,"distancia_":1.58,"distancia_similitud":1.58,"ext_BSI":0.16794771392365604,"ext_GLI":0.0034799064690794915,"ext_MSAVI":0.18110496701641574,"ext_MSI":1.3285161649947486,"ext_NDVI":0.3669434157861383,"fid":97,"id_cand":"C097","int_BSI":0.1738791599448469,"int_GLI":0.0038656187528598135,"int_MSAVI":0.15671917876924013,"int_MSI":1.3017675175654888,"int_NDVI":0.24953040486997097,"prioridad_espectral":"Baja","puntaje_componentes":1,"puntaje_indices":2,"radio_m":18.058473866727873,"vari":-0.0418,"zona":0}},{"type":"Feature","geometry":{"type":"Polygon","coordinates":[[[-72.17657143407999,11.851881676921886],[-72.17663785375362,11.85187241438443],[-72.1766989864086,11.851845364071844],[-72.17674996587688,11.851802679193844],[-72.17678673419077,11.851747757473083],[-72.17680636459772,11.851684970684436],[-72.17680729452826,11.851619316659885],[-72.17678944997307,11.851556021459961],[-72.17675425137004,11.851500123379278],[-72.17670450053389,11.851456071899301],[-72.17664415762985,11.851427373511434],[-72.17657802594498,11.851416312602282],[-72.17651136954895,11.851423769618078],[-72.17644949427807,11.851449150981818],[-72.17639732539469,11.851490436341539],[-72.17635901553916,11.851544339388907],[-72.17633761418057,11.851606569447387],[-72.17633482487753,11.851672173008218],[-72.17635086967167,11.851735928028495],[-72.17638447140905,11.85179275960561],[-72.17643295539794,11.851838143940444],[-72.17649246231224,11.85186846843351],[-72.17655825539399,11.851881319249882],[-72.17657143407999,11.851881676921886]]]},"id":"000000000000000000d5","properties":{"area_m2":2101.2,"blanqueami":113.9256,"blanqueamiento":113.9256,"circularid":0.0647,"circularidad":0.0647,"comp_humedad":0,"comp_suelo":0,"comp_vegetacion":0,"comp_verdor":1,"confianza":"baja","confusor":"Erosión","coord_x":5089653.58942064,"coord_y":2867806.898526593,"cumple_BSI":0,"cumple_GLI":1,"cumple_MSAVI":0,"cumple_MSI":0,"cumple_NDVI":0,"dif_BSI":-0.007129965599207283,"dif_GLI":-0.01015970285717087,"dif_MSAVI":0.0060658072442552335,"dif_MSI":-0.06847609326364479,"dif_NDVI":-0.005498192177661981,"distancia_":3.151,"distancia_similitud":3.151,"ext_BSI":0.23011061086615142,"ext_GLI":-0.006444759574909467,"ext_MSAVI":0.137589648059925,"ext_MSI":1.4994443432068871,"ext_NDVI":0.25164472607916855,"fid":214,"id_cand":"C214","int_BSI":0.22298064526694414,"int_GLI":-0.016604462432080337,"int_MSAVI":0.14365545530418022,"int_MSI":1.4309682499432423,"int_NDVI":0.24614653390150656,"prioridad_espectral":"Baja","puntaje_componentes":1,"puntaje_indices":1,"radio_m":25.861800649788115,"vari":-0.0921,"zona":0}},{"type":"Feature","geometry":{"type":"Polygon","coordinates":[[[-72.13332914579114,11.842571138705107],[-72.13341772050971,11.842558786117273],[-72.13349924465822,11.84252271162296],[-72.13356722889901,11.842465786760505],[-72.13361626168289,11.842392542760267],[-72.1336424400096,11.84230880985516],[-72.13364368010372,11.842221253190834],[-72.13361988327712,11.842136842278082],[-72.13357294377731,11.842062296219694],[-72.13350659799895,11.842003548871698],[-72.1334261270637,11.841965276511601],[-72.13333793644351,11.841950525610272],[-72.13324904608973,11.841960470335653],[-72.1331665316517,11.84199431909019],[-72.13309696126232,11.842049377521182],[-72.13304587271969,11.842121262988709],[-72.13301733267991,11.84220425342029],[-72.13301361294882,11.842291742784486],[-72.13303500964027,11.842376766928867],[-72.13307981959835,11.842452557926213],[-72.13314447596207,11.842513082803226],[-72.1332238320838,11.84255352376825],[-72.1333115712029,11.842570661711102],[-72.13332914579114,11.842571138705107]]]},"id":"00000000000000000074","properties":{"area_m2":3737.0,"blanqueami":92.0723,"blanqueamiento":92.0723,"circularid":0.0646,"circularidad":0.0646,"comp_humedad":0,"comp_suelo":0,"comp_vegetacion":0,"comp_verdor":1,"confianza":"baja","confusor":"Infraestructura","coord_x":5094364.920665085,"coord_y":2866783.5319635314,"cumple_BSI":0,"cumple_GLI":1,"cumple_MSAVI":0,"cumple_MSI":0,"cumple_NDVI":1,"dif_BSI":0.005700377537508683,"dif_GLI":-0.009847979766429732,"dif_MSAVI":-0.021124668426172083,"dif_MSI":-0.009021243582675531,"dif_NDVI":-0.07361484403952195,"distancia_":1.779,"distancia_similitud":1.779,"ext_BSI":0.24583739966332818,"ext_GLI":-0.022727120837141172,"ext_MSAVI":0.14855080357992492,"ext_MSI":1.5794530989295243,"ext_NDVI":0.2980782666375429,"fid":117,"id_cand":"C117","int_BSI":0.25153777720083687,"int_GLI":-0.032575100603570904,"int_MSAVI":0.12742613515375284,"int_MSI":1.5704318553468488,"int_NDVI":0.22446342259802093,"prioridad_espectral":"Baja","puntaje_componentes":1,"puntaje_indices":2,"radio_m":34.48947730350267,"vari":-0.0587,"zona":0}},{"type":"Feature","geometry":{"type":"Polygon","coordinates":[[[-72.1646791673892,11.853087317444588],[-72.16481382824662,11.853068538417633],[-72.16493777004783,11.8530136961547],[-72.16504112698972,11.852927156119803],[-72.16511567185135,11.85281580692587],[-72.16515547088333,11.852688511993012],[-72.16515735612758,11.8525554040127],[-72.16512117757271,11.852427078380899],[-72.16504981507815,11.852313749804322],[-72.16494894912277,11.85222443921402],[-72.16482660863123,11.852166255706637],[-72.16469253187321,11.852143830668545],[-72.16455739130764,11.852158949123988],[-72.16443194407081,11.852210407649885],[-72.16432617572488,11.852294110166449],[-72.16424850541883,11.852403393979252],[-72.16420511572782,11.852529560121612],[-72.1641994605144,11.852662565784607],[-72.16423198998743,11.852791823719665],[-72.1643001148488,11.852907044982855],[-72.16439841238648,11.85299905793868],[-72.16451905811407,11.853060538329402],[-72.16465244860063,11.853086592294234],[-72.1646791673892,11.853087317444588]]]},"id":"000000000000000000de","properties":{"area_m2":8636.8,"blanqueami":107.802,"blanqueamiento":107.802,"circularid":0.0631,"circularidad":0.0631,"comp_humedad":0,"comp_suelo":0,"comp_vegetacion":0,"comp_verdor":1,"confianza":"baja","confusor":"Infraestructura","coord_x":5090947.821544888,"coord_y":2867917.717464628,"cumple_BSI":0,"cumple_GLI":1,"cumple_MSAVI":0,"cumple_MSI":0,"cumple_NDVI":1,"dif_BSI":0.009220949449512128,"dif_GLI":-0.010242583628207277,"dif_MSAVI":-0.021307467375540387,"dif_MSI":0.008925717972218195,"dif_NDVI":-0.05079293186011649,"distancia_":3.927,"distancia_similitud":3.927,"ext_BSI":0.2560552668548114,"ext_GLI":-0.025992323135162844,"ext_MSAVI":0.11513608578719584,"ext_MSI":1.562212643151101,"ext_NDVI":0.20529903786708145,"fid":223,"id_cand":"C223","int_BSI":0.2652762163043235,"int_GLI":-0.03623490676337012,"int_MSAVI":0.09382861841165545,"int_MSI":1.5711383611233192,"int_NDVI":0.15450610600696496,"prioridad_espectral":"Baja","puntaje_componentes":1,"puntaje_indices":2,"radio_m":52.43261222743116,"vari":-0.113,"zona":0}},{"type":"Feature","geometry":{"type":"Polygon","coordinates":[[[-72.16738188927039,11.82589523652929],[-72.16743150029323,11.825888317381384],[-72.16747716227164,11.825868110702835],[-72.16751524050724,11.825836224947956],[-72.1675427039714,11.82579519822637],[-72.16755736657527,11.825748296268406],[-72.16755806118167,11.825699252471926],[-72.16754473250724,11.825651970723225],[-72.16751844152076,11.825610214647666],[-72.16748128098804,11.825577308025652],[-72.16743620888676,11.82555587022074],[-72.16738681295166,11.825547607679374],[-72.16733702509227,11.825553178098653],[-72.16729080841503,11.825572138074019],[-72.16725184176234,11.825602978393983],[-72.1672232268782,11.82564324417259],[-72.16720724150996,11.825689730257215],[-72.16720515809874,11.825738736357696],[-72.16721714249138,11.825786361588733],[-72.16724224073674,11.825828814980268],[-72.16727845501812,11.825862717239225],[-72.16732290267839,11.82588536974221],[-72.16737204567961,11.825894969347049],[-72.16738188927039,11.82589523652929]]]},"id":"00000000000000000068","properties":{"area_m2":1172.5,"blanqueami":103.7989,"blanqueamiento":103.7989,"circularid":0.0753,"circularidad":0.0753,"comp_humedad":0,"comp_suelo":0,"comp_vegetacion":0,"comp_verdor":1,"confianza":"baja","confusor":"Vegetación irregular","coord_x":5090662.272392884,"coord_y":2864943.6642317474,"cumple_BSI":0,"cumple_GLI":1,"cumple_MSAVI":0,"cumple_MSI":0,"cumple_NDVI":0,"dif_BSI":-0.008038654342319346,"dif_GLI":-0.0051478581058087185,"dif_MSAVI":0.005788321312143546,"dif_MSI":-0.03698782750853935,"dif_NDVI":0.007421030756366076,"distancia_":1.648,"distancia_similitud":1.648,"ext_BSI":0.2244602500104682,"ext_GLI":0.0034056651106113595,"ext_MSAVI":0.14927278372662572,"ext_MSI":1.5311069411176663,"ext_NDVI":0.2801540033098598,"fid":105,"id_cand":"C105","int_BSI":0.21642159566814886,"int_GLI":-0.0017421929951973588,"int_MSAVI":0.15506110503876927,"int_MSI":1.494119113609127,"int_NDVI":0.28757503406622587,"prioridad_espectral":"Baja","puntaje_componentes":1,"puntaje_indices":1,"radio_m":19.31885973732649,"vari":-0.0545,"zona":0}},{"type":"Feature","geometry":{"type":"Polygon","coordinates":[[[-72.1722113374537,11.825235354646273],[-72.17227619796961,11.825226308659136],[-72.17233589557644,11.825199890760015],[-72.1723856783364,11.82515820381828],[-72.17242158353986,11.825104566120551],[-72.17244075313762,11.825043247233179],[-72.17244166124009,11.824979128143035],[-72.17242423557484,11.824917312729859],[-72.17238986323554,11.8248627214974],[-72.17234128026605,11.82481969990229],[-72.1722823538695,11.824791672457396],[-72.17221777457931,11.824780870142519],[-72.17215268289515,11.824788152819883],[-72.1720922601029,11.824812940789755],[-72.17204131584803,11.824853260934104],[-72.17200390529062,11.82490590377543],[-72.1719830063154,11.824966678949313],[-72.17198028249074,11.82503074875561],[-72.1719959506456,11.825093013238256],[-72.17202876360592,11.825148516141589],[-72.1720761094663,11.825192839429178],[-72.1721342194957,11.825222454961223],[-72.17219846812861,11.825235005336337],[-72.1722113374537,11.825235354646273]]]},"id":"00000000000000000088","properties":{"area_m2":2004.1,"blanqueami":114.0462,"blanqueamiento":114.0462,"circularid":0.1158,"circularidad":0.1158,"comp_humedad":0,"comp_suelo":0,"comp_vegetacion":0,"comp_verdor":1,"confianza":"baja","confusor":"Vegetación irregular","coord_x":5090136.864323036,"coord_y":2864863.3017401486,"cumple_BSI":0,"cumple_GLI":1,"cumple_MSAVI":0,"cumple_MSI":0,"cumple_NDVI":0,"dif_BSI":-0.011693290394579031,"dif_GLI":-0.005444724179464884,"dif_MSAVI":-0.004712245080568472,"dif_MSI":-0.08800177191561342,"dif_NDVI":-0.0368262415161737,"distancia_":1.984,"distancia_similitud":1.984,"ext_BSI":0.19532765034773292,"ext_GLI":0.016193251909287158,"ext_MSAVI":0.15385007619339042,"ext_MSI":1.4015811804964662,"ext_NDVI":0.3052164054308463,"fid":137,"id_cand":"C137","int_BSI":0.1836343599531539,"int_GLI":0.010748527729822275,"int_MSAVI":0.14913783111282194,"int_MSI":1.3135794085808528,"int_NDVI":0.26839016391467263,"prioridad_espectral":"Baja","puntaje_componentes":1,"puntaje_indices":1,"radio_m":25.257174087790084,"vari":-0.061,"zona":0}},{"type":"Feature","geometry":{"type":"Polygon","coordinates":[[[-72.15083855381393,11.85134997169291],[-72.15088768895828,11.851343119552972],[-72.15093291293822,11.851323108564486],[-72.1509706259202,11.851291531604781],[-72.15099782594973,11.851250902203327],[-72.15101234790734,11.85120445446372],[-72.15101303585116,11.851155885627996],[-72.15099983502809,11.85110906177558],[-72.1509737962298,11.851067710083315],[-72.1509369921479,11.85103512214276],[-72.15089235238656,11.851013891950476],[-72.15084343026635,11.851005709426996],[-72.15079411998123,11.85101122590002],[-72.15074834662292,11.851030002259089],[-72.15070975374563,11.851060543908538],[-72.15068141334093,11.851100419736511],[-72.15066558130754,11.851146455630412],[-72.15066351788103,11.85119498713521],[-72.15067538731732,11.851242151143424],[-72.15070024481571,11.85128419339836],[-72.15073611172288,11.851317767333464],[-72.15078013303268,11.851340200459992],[-72.15082880464477,11.85134970709818],[-72.15083855381393,11.85134997169291]]]},"id":"00000000000000000090","properties":{"area_m2":1149.9,"blanqueami":109.4805,"blanqueamiento":109.4805,"circularid":0.0969,"circularidad":0.0969,"comp_humedad":0,"comp_suelo":0,"comp_vegetacion":0,"comp_verdor":1,"confianza":"baja","confusor":"Vegetación irregular","coord_x":5092455.410966301,"coord_y":2867763.4719614517,"cumple_BSI":0,"cumple_GLI":1,"cumple_MSAVI":0,"cumple_MSI":0,"cumple_NDVI":0,"dif_BSI":-0.0026758178677384337,"dif_GLI":-0.005837120953237004,"dif_MSAVI":-0.010128195333213089,"dif_MSI":-0.02370094490601926,"dif_NDVI":-0.034541196003187974,"distancia_":2.087,"distancia_similitud":2.087,"ext_BSI":0.24926951302576886,"ext_GLI":-0.027653854247872575,"ext_MSAVI":0.13198704872541653,"ext_MSI":1.5945223795705723,"ext_NDVI":0.25625974458950423,"fid":145,"id_cand":"C145","int_BSI":0.24659369515803042,"int_GLI":-0.03349097520110958,"int_MSAVI":0.12185885339220344,"int_MSI":1.570821434664553,"int_NDVI":0.22171854858631626,"prioridad_espectral":"Baja","puntaje_componentes":1,"puntaje_indices":1,"radio_m":19.131767773071598,"vari":-0.0649,"zona":0}},{"type":"Feature","geometry":{"type":"Polygon","coordinates":[[[-72.17715584445416,11.834774987249387],[-72.17720691453849,11.834767864840238],[-72.17725391943662,11.834747064557623],[-72.17729311755357,11.83471424210689],[-72.17732138871801,11.83467201015888],[-72.17733648254836,11.83462373038013],[-72.17733719758216,11.834573245843167],[-72.17732347691047,11.834524575117234],[-72.17729641270545,11.834481592390164],[-72.1772581592813,11.83444771908364],[-72.17721176160981,11.83442565150907],[-72.17716091294083,11.834417146242407],[-72.17710966082109,11.834422880301618],[-72.17706208491174,11.834442397256435],[-72.17702197224972,11.834474143559977],[-72.1769925158013,11.834515592210197],[-72.17697606030248,11.834563443898098],[-72.17697391561714,11.834613889631632],[-72.17698625247,11.834662913930718],[-72.17701208885445,11.83470661445938],[-72.17704936819814,11.834741512652249],[-72.17709512306499,11.834764830609366],[-72.17714571136311,11.834774712218236],[-72.17715584445416,11.834774987249387]]]},"id":"00000000000000000096","properties":{"area_m2":1242.4,"blanqueami":112.3471,"blanqueamiento":112.3471,"circularid":0.0739,"circularidad":0.0739,"comp_humedad":0,"comp_suelo":0,"comp_vegetacion":0,"comp_verdor":1,"confianza":"baja","confusor":"Vegetación irregular","coord_x":5089595.268116074,"coord_y":2865921.714955646,"cumple_BSI":0,"cumple_GLI":1,"cumple_MSAVI":0,"cumple_MSI":0,"cumple_NDVI":1,"dif_BSI":-0.002596614110019574,"dif_GLI":-0.0034953985263851076,"dif_MSAVI":-0.020271531203999577,"dif_MSI":-0.07183606991820435,"dif_NDVI":-0.06710279000229338,"distancia_":2.155,"distancia_similitud":2.155,"ext_BSI":0.2239554595901083,"ext_GLI":0.003078858376785023,"ext_MSAVI":0.16337001812235918,"ext_MSI":1.5122494509951923,"ext_NDVI":0.29383982116536905,"fid":151,"id_cand":"C151","int_BSI":0.22135884548008872,"int_GLI":-4.165401496000847E-4,"int_MSAVI":0.1430984869183596,"int_MSI":1.440413381076988,"int_NDVI":0.22673703116307567,"prioridad_espectral":"Baja","puntaje_componentes":1,"puntaje_indices":2,"radio_m":19.886382340555095,"vari":-0.0661,"zona":0}},{"type":"Feature","geometry":{"type":"Polygon","coordinates":[[[-72.1639751461458,11.829441002865416],[-72.16402457977874,11.829434108547082],[-72.1640700784875,11.829413974380813],[-72.16410802057007,11.829382203048917],[-72.16413538583556,11.829341323552933],[-72.16414999601172,11.829294589904004],[-72.16415068813457,11.829245722102577],[-72.1641374071184,11.829198610025747],[-72.16411121013836,11.829157003793],[-72.16407418247732,11.829124215257286],[-72.16402927153636,11.829102854382501],[-72.16398005222192,11.829094621491482],[-72.16393044238453,11.829100171921166],[-72.16388439096018,11.829119063858158],[-72.16384556363712,11.829149793506812],[-72.16381705106878,11.829189914790575],[-72.1638011228581,11.829236234058602],[-72.16379904689646,11.829285064299306],[-72.16381098843766,11.829332518625828],[-72.16383599694144,11.829374819672118],[-72.16387208173457,11.829408600271808],[-72.16391637046716,11.829431171485604],[-72.16396533775192,11.82944073664197],[-72.1639751461458,11.829441002865416]]]},"id":"000000000000000000a1","properties":{"area_m2":1164.1,"blanqueami":116.5284,"blanqueamiento":116.5284,"circularid":0.1226,"circularidad":0.1226,"comp_humedad":0,"comp_suelo":0,"comp_vegetacion":0,"comp_verdor":1,"confianza":"baja","confusor":"Vegetación irregular","coord_x":5091032.322606487,"coord_y":2865337.0906277327,"cumple_BSI":0,"cumple_GLI":1,"cumple_MSAVI":0,"cumple_MSI":0,"cumple_NDVI":0,"dif_BSI":-0.0062874339608186,"dif_GLI":-0.006826096784820169,"dif_MSAVI":-0.009992132534899723,"dif_MSI":-0.04619147657896083,"dif_NDVI":-0.035028487022249755,"distancia_":2.275,"distancia_similitud":2.275,"ext_BSI":0.18490398138501582,"ext_GLI":0.014268443274358814,"ext_MSAVI":0.18335260817393023,"ext_MSI":1.3636043881668019,"ext_NDVI":0.3472994109912486,"fid":162,"id_cand":"C162","int_BSI":0.17861654742419722,"int_GLI":0.007442346489538645,"int_MSAVI":0.1733604756390305,"int_MSI":1.317412911587841,"int_NDVI":0.31227092396899886,"prioridad_espectral":"Baja","puntaje_componentes":1,"puntaje_indices":1,"radio_m":19.24953346204917,"vari":-0.0682,"zona":0}},{"type":"Feature","geometry":{"type":"Polygon","coordinates":[[[-72.13774376130374,11.849256210430616],[-72.13783843338757,11.849243007829186],[-72.13792556954786,11.849204450955618],[-72.1379982337286,11.849143608946873],[-72.13805064185685,11.849065324839776],[-72.13807862225629,11.848975830061235],[-72.13807994770926,11.84888224840295],[-72.13805451273643,11.848792028965276],[-72.13800434198463,11.84871235320875],[-72.13793342905765,11.848649563311904],[-72.13784741862186,11.84860865733751],[-72.13775315709141,11.848592891390844],[-72.13765814765891,11.84860352043692],[-72.13756995304917,11.84863969840662],[-72.13749559353434,11.848698545542883],[-72.13744098812622,11.848775377626453],[-72.1374104834246,11.84886407883574],[-72.13740650762504,11.848957588562406],[-72.13742937722779,11.84904846343328],[-72.13747727183618,11.849129469802579],[-72.13754637905267,11.849194159551956],[-72.13763119794166,11.849237383364294],[-72.13772497690425,11.849255700613414],[-72.13774376130374,11.849256210430616]]]},"id":"000000000000000000a9","properties":{"area_m2":4269.0,"blanqueami":87.7769,"blanqueamiento":87.7769,"circularid":0.0658,"circularidad":0.0658,"comp_humedad":0,"comp_suelo":0,"comp_vegetacion":0,"comp_verdor":1,"confianza":"baja","confusor":"Vegetación irregular","coord_x":5093882.251243324,"coord_y":2867518.5596509734,"cumple_BSI":0,"cumple_GLI":1,"cumple_MSAVI":0,"cumple_MSI":0,"cumple_NDVI":1,"dif_BSI":0.009121650305476459,"dif_GLI":-0.011993804038477877,"dif_MSAVI":-0.01641862883169745,"dif_MSI":-0.02658380297518126,"dif_NDVI":-0.06502086949611821,"distancia_":2.367,"distancia_similitud":2.367,"ext_BSI":0.2568848049218278,"ext_GLI":-0.025140402412774404,"ext_MSAVI":0.13616316562348416,"ext_MSI":1.608969519698927,"ext_NDVI":0.2778370208230851,"fid":170,"id_cand":"C170","int_BSI":0.26600645522730426,"int_GLI":-0.03713420645125228,"int_MSAVI":0.1197445367917867,"int_MSI":1.5823857167237458,"int_NDVI":0.21281615132696688,"prioridad_espectral":"Baja","puntaje_componentes":1,"puntaje_indices":2,"radio_m":36.862784812309044,"vari":-0.0737,"zona":0}},{"type":"Feature","geometry":{"type":"Polygon","coordinates":[[[-72.17517964591006,11.826577935513836],[-72.17527149761789,11.826565125168868],[-72.17535603790564,11.826527713840852],[-72.17542653734985,11.826468679480728],[-72.17547738419084,11.82639272123571],[-72.17550453103014,11.826305885393362],[-72.17550581700013,11.82621508409362],[-72.1754811397627,11.826127545120283],[-72.17543246364751,11.82605023656932],[-72.17536366328463,11.825989312190412],[-72.17528021518045,11.825949621551892],[-72.17518876178853,11.825934324018919],[-72.17509658277515,11.825944637271038],[-72.17501101556536,11.825979740376152],[-72.17493887129143,11.82603683913586],[-72.17488589263228,11.826111388500907],[-72.17485629669795,11.826197454353359],[-72.17485243934479,11.826288185858793],[-72.17487462764315,11.826376360790398],[-72.17492109542675,11.82645496041791],[-72.17498814387248,11.826517728200322],[-72.175070435923,11.826559667809876],[-72.17516142111666,11.826577440843579],[-72.17517964591006,11.826577935513836]]]},"id":"000000000000000000d3","properties":{"area_m2":4019.1,"blanqueami":106.5636,"blanqueamiento":106.5636,"circularid":0.0698,"circularidad":0.0698,"comp_humedad":0,"comp_suelo":0,"comp_vegetacion":0,"comp_verdor":1,"confianza":"baja","confusor":"Vegetación irregular","coord_x":5089813.431971982,"coord_y":2865000.590576567,"cumple_BSI":0,"cumple_GLI":1,"cumple_MSAVI":0,"cumple_MSI":0,"cumple_NDVI":1,"dif_BSI":0.0030662414883702582,"dif_GLI":-0.013179964482637616,"dif_MSAVI":-0.021587797876950976,"dif_MSI":-0.027723289589690392,"dif_NDVI":-0.051962985494058866,"distancia_":2.999,"distancia_similitud":2.999,"ext_BSI":0.2384224620579575,"ext_GLI":8.847114722331395E-4,"ext_MSAVI":0.15278943746370707,"ext_MSI":1.547323086587901,"ext_NDVI":0.2831439862094472,"fid":212,"id_cand":"C212","int_BSI":0.24148870354632776,"int_GLI":-0.012295253010404477,"int_MSAVI":0.1312016395867561,"int_MSI":1.5195997969982107,"int_NDVI":0.23118100071538833,"prioridad_espectral":"Baja","puntaje_componentes":1,"puntaje_indices":2,"radio_m":35.76757279382085,"vari":-0.0892,"zona":0}},{"type":"Feature","geometry":{"type":"Polygon","coordinates":[[[-71.87427356571733,11.966393448204201],[-71.87432111590535,11.966386819901766],[-71.87436488109188,11.966367462608263],[-71.87440137756354,11.966336917166755],[-71.87442770020014,11.96629761499768],[-71.87444175372256,11.966252684556745],[-71.87444241947603,11.966205702308915],[-71.8744296444734,11.966160408041215],[-71.8744044456107,11.966120407175636],[-71.87436882872046,11.966088883778106],[-71.87432562890649,11.96606834710776],[-71.87427828486976,11.96606043188093],[-71.87423056518918,11.966065768148571],[-71.87418626834467,11.966083931144533],[-71.8741489203603,11.966113475096705],[-71.87412149413419,11.966152048309757],[-71.87410617279632,11.96619658035905],[-71.87410417593058,11.966243526495473],[-71.87411566249428,11.966289149806846],[-71.874139718163,11.966329818676037],[-71.87417442810889,11.96636229585817],[-71.87421702941994,11.966383996166218],[-71.87426413102791,11.966393192252934],[-71.87427356571733,11.966393448204201]]]},"id":"00000000000000000034","properties":{"area_m2":1076.0,"blanqueami":116.4306,"blanqueamiento":116.4306,"circularid":0.1112,"circularidad":0.1112,"comp_humedad":0,"comp_suelo":0,"comp_vegetacion":1,"comp_verdor":0,"confianza":"baja","confusor":"Erosión","coord_x":5122519.2088506175,"coord_y":2880588.8554732236,"cumple_BSI":0,"cumple_GLI":0,"cumple_MSAVI":1,"cumple_MSI":0,"cumple_NDVI":1,"dif_BSI":-0.005186044586597299,"dif_GLI":-0.0017484258606289722,"dif_MSAVI":-0.03217320260175697,"dif_MSI":-0.008110312085040539,"dif_NDVI":-0.06254171186767137,"distancia_":1.021,"distancia_similitud":1.021,"ext_BSI":0.13709978491298064,"ext_GLI":0.011603512725114982,"ext_MSAVI":0.04706371110386718,"ext_MSI":1.205137838442973,"ext_NDVI":0.08518505723065514,"fid":53,"id_cand":"C053","int_BSI":0.13191374032638334,"int_GLI":0.00985508686448601,"int_MSAVI":0.014890508502110211,"int_MSI":1.1970275263579324,"int_NDVI":0.022643345362983777,"prioridad_espectral":"Baja","puntaje_componentes":1,"puntaje_indices":2,"radio_m":18.5067943613625,"vari":-0.0311,"zona":1}},{"type":"Feature","geometry":{"type":"Polygon","coordinates":[[[-71.87182022304384,11.966373720587312],[-71.87187008145597,11.966366770527122],[-71.87191597113126,11.966346473572377],[-71.87195423924669,11.96631444536342],[-71.87198183965907,11.966273235349302],[-71.87199657537859,11.966226123850502],[-71.87199727344816,11.966176860944376],[-71.87198387830891,11.966129367958354],[-71.87195745622039,11.966087425332244],[-71.8719201103842,11.966054371695813],[-71.87187481352814,11.96603283811488],[-71.87182517127734,11.966024538659603],[-71.87177513514789,11.96603013396541],[-71.87172868800842,11.966049178646783],[-71.87168952704596,11.966080156749697],[-71.87166076947156,11.966120602420741],[-71.87164470439076,11.966167296187932],[-71.87164261058994,11.966216521229617],[-71.87165465474311,11.966264359232781],[-71.87167987814233,11.966307002290673],[-71.87171627300872,11.966341056012709],[-71.87176094231059,11.966363809718956],[-71.87181033036723,11.966373452211398],[-71.87182022304384,11.966373720587312]]]},"id":"00000000000000000047","properties":{"area_m2":1183.0,"blanqueami":121.6807,"blanqueamiento":121.6807,"circularid":0.0866,"circularidad":0.0866,"comp_humedad":0,"comp_suelo":0,"comp_vegetacion":1,"comp_verdor":0,"confianza":"baja","confusor":"Erosión","coord_x":5122786.148220901,"coord_y":2880586.7475594557,"cumple_BSI":0,"cumple_GLI":0,"cumple_MSAVI":1,"cumple_MSI":0,"cumple_NDVI":1,"dif_BSI":-0.019988104272078033,"dif_GLI":-0.0026258056425128,"dif_MSAVI":-0.029778309451719612,"dif_MSI":-0.051645216454887066,"dif_NDVI":-0.056040336464636346,"distancia_":1.181,"distancia_similitud":1.181,"ext_BSI":0.15084888794887477,"ext_GLI":0.010307777052989507,"ext_MSAVI":0.038015588679440764,"ext_MSI":1.2473179252024271,"ext_NDVI":0.06845689528099555,"fid":72,"id_cand":"C072","int_BSI":0.13086078367679674,"int_GLI":0.007681971410476707,"int_MSAVI":0.008237279227721151,"int_MSI":1.19567270874754,"int_NDVI":0.012416558816359202,"prioridad_espectral":"Baja","puntaje_componentes":1,"puntaje_indices":2,"radio_m":19.405169294686,"vari":-0.0326,"zona":1}},{"type":"Feature","geometry":{"type":"Polygon","coordinates":[[[-71.8788437990103,11.96399370863703],[-71.87889194384393,11.963986997383797],[-71.8789362563421,11.963967397840815],[-71.87897320922532,11.96393647013427],[-71.87899986104307,11.963896676112968],[-71.87901409031339,11.963851183384147],[-71.87901476439217,11.96380361317092],[-71.8790018296297,11.963757752062358],[-71.87897631563906,11.963717250600952],[-71.87894025333709,11.96368533269998],[-71.87889651328227,11.963664539020966],[-71.87884857717869,11.963656524738072],[-71.87880026073358,11.963661927787083],[-71.87875540992921,11.963680318086068],[-71.87871759488469,11.963710231769664],[-71.8786898256761,11.96374928771199],[-71.87867431273487,11.963794377063243],[-71.87867229089672,11.963841910713127],[-71.87868392110687,11.96388810498339],[-71.87870827760679,11.963929282808538],[-71.87874342162257,11.963962166430731],[-71.87878655569025,11.963984138310227],[-71.87883424633404,11.963993449482622],[-71.8788437990103,11.96399370863703]]]},"id":"0000000000000000006e","properties":{"area_m2":1103.1,"blanqueami":112.2574,"blanqueamiento":112.2574,"circularid":0.1839,"circularidad":0.1839,"comp_humedad":0,"comp_suelo":0,"comp_vegetacion":1,"comp_verdor":0,"confianza":"baja","confusor":"Erosión","coord_x":5122022.723694307,"coord_y":2880321.064066204,"cumple_BSI":0,"cumple_GLI":0,"cumple_MSAVI":1,"cumple_MSI":0,"cumple_NDVI":1,"dif_BSI":0.0011076572551520503,"dif_GLI":3.2072196134235245E-4,"dif_MSAVI":-0.027888495755238208,"dif_MSI":-0.016264755715004853,"dif_NDVI":-0.04982807909770897,"distancia_":1.703,"distancia_similitud":1.703,"ext_BSI":0.1546160652112827,"ext_GLI":0.009258536245420173,"ext_MSAVI":0.03864540265252875,"ext_MSI":1.245716460130709,"ext_NDVI":0.0647947241846788,"fid":111,"id_cand":"C111","int_BSI":0.15572372246643476,"int_GLI":0.009579258206762526,"int_MSAVI":0.01075690689729054,"int_MSI":1.229451704415704,"int_NDVI":0.014966645086969828,"prioridad_espectral":"Baja","puntaje_componentes":1,"puntaje_indices":2,"radio_m":18.7384000237304,"vari":-0.0539,"zona":1}},{"type":"Feature","geometry":{"type":"Polygon","coordinates":[[[-71.8628325774832,11.969465004293081],[-71.86288187486521,11.969458132516854],[-71.86292724816859,11.969438064182558],[-71.86296508567352,11.969406396732289],[-71.86299237551351,11.969365650898633],[-71.86300694542022,11.969319070053222],[-71.86300763563514,11.969270362033363],[-71.86299439122448,11.969223403997537],[-71.8629682664496,11.969181933803549],[-71.86293134084588,11.969149252475654],[-71.86288655369064,11.96912796144398],[-71.86283747003694,11.96911975547184],[-71.86278799693669,11.969125287753425],[-71.86274207244152,11.969144117919924],[-71.86270335213614,11.969174747092643],[-71.8626749181553,11.969214737192933],[-71.86265903384646,11.969260905012167],[-71.86265696360641,11.969309575594101],[-71.86266887223354,11.969356874760711],[-71.86269381180765,11.969399037496668],[-71.86272979714225,11.96943270764509],[-71.8627739638044,11.969455205058582],[-71.86282279612361,11.969464738940099],[-71.8628325774832,11.969465004293081]]]},"id":"0000000000000000008e","properties":{"area_m2":1156.5,"blanqueami":111.2144,"blanqueamiento":111.2144,"circularid":0.1075,"circularidad":0.1075,"comp_humedad":0,"comp_suelo":0,"comp_vegetacion":0,"comp_verdor":1,"confianza":"baja","confusor":"Erosión","coord_x":5123762.722281524,"coord_y":2880932.683571262,"cumple_BSI":0,"cumple_GLI":1,"cumple_MSAVI":0,"cumple_MSI":0,"cumple_NDVI":0,"dif_BSI":-0.008009161083430916,"dif_GLI":-0.003963151383006426,"dif_MSAVI":-0.0023681391946696728,"dif_MSI":-0.016129591113031916,"dif_NDVI":-0.004072498782331397,"distancia_":2.07,"distancia_similitud":2.07,"ext_BSI":0.15904293337943173,"ext_GLI":0.009161365026154219,"ext_MSAVI":0.009886247284253125,"ext_MSI":1.2595119526829202,"ext_NDVI":0.015049800318951373,"fid":143,"id_cand":"C143","int_BSI":0.15103377229600082,"int_GLI":0.005198213643147793,"int_MSAVI":0.0075181080895834525,"int_MSI":1.2433823615698882,"int_NDVI":0.010977301536619976,"prioridad_espectral":"Baja","puntaje_componentes":1,"puntaje_indices":1,"radio_m":19.186593844962527,"vari":-0.0641,"zona":1}},{"type":"Feature","geometry":{"type":"Polygon","coordinates":[[[-71.88671396928844,11.978757646230926],[-71.88677902169353,11.978748578603605],[-71.8868388959149,11.978722097506514],[-71.88688882595615,11.978680310839673],[-71.88692483738399,11.97862654482792],[-71.88694406369387,11.978565079251515],[-71.88694497448209,11.978500806773829],[-71.88692749726266,11.978438843484266],[-71.88689302323321,11.978384121657466],[-71.88684429653222,11.978340997145278],[-71.8867851958038,11.978312902652654],[-71.88672042545804,11.978302074496307],[-71.88665514120247,11.978309374595407],[-71.88659453965137,11.978334221863475],[-71.88654344467928,11.978374638462421],[-71.8865059234433,11.97842740723707],[-71.88648496263824,11.978488327798816],[-71.88648223075437,11.97855255087471],[-71.88649794526233,11.978614964308429],[-71.88653085529863,11.978670599987758],[-71.88657834123069,11.978715029307207],[-71.88663662317776,11.978744715686718],[-71.88670106188958,11.97875729608536],[-71.88671396928844,11.978757646230926]]]},"id":"00000000000000000093","properties":{"area_m2":2013.7,"blanqueami":117.12,"blanqueamiento":117.12,"circularid":0.07,"circularidad":0.07,"comp_humedad":0,"comp_suelo":0,"comp_vegetacion":0,"comp_verdor":1,"confianza":"baja","confusor":"Erosión","coord_x":5121159.503664031,"coord_y":2881943.477099766,"cumple_BSI":0,"cumple_GLI":1,"cumple_MSAVI":1,"cumple_MSI":0,"cumple_NDVI":0,"dif_BSI":-0.006010421137925048,"dif_GLI":-0.006541237566712183,"dif_MSAVI":-0.0230348554864229,"dif_MSI":-0.008484422154448001,"dif_NDVI":-0.03676289258520549,"distancia_":2.125,"distancia_similitud":2.125,"ext_BSI":0.1872674054455936,"ext_GLI":0.006417123341177607,"ext_MSAVI":0.05264185307398152,"ext_MSI":1.3282762347317265,"ext_NDVI":0.077598971894341,"fid":148,"id_cand":"C148","int_BSI":0.18125698430766854,"int_GLI":-1.2411422553457575E-4,"int_MSAVI":0.02960699758755862,"int_MSI":1.3197918125772785,"int_NDVI":0.04083607930913552,"prioridad_espectral":"Baja","puntaje_componentes":1,"puntaje_indices":2,"radio_m":25.31759502417833,"vari":-0.064,"zona":1}},{"type":"Feature","geometry":{"type":"Polygon","coordinates":[[[-71.87808949856972,11.969966478207812],[-71.87813624041637,11.96995996267107],[-71.87817926160567,11.96994093469847],[-71.87821513764666,11.969910908919047],[-71.87824101280543,11.969872275388026],[-71.87825482742198,11.96982810933743],[-71.8782554818583,11.969781926386677],[-71.87824292402782,11.969737402698744],[-71.8782181535395,11.969698082357544],[-71.87818314212718,11.969667095259348],[-71.87814067669859,11.969646907973985],[-71.87809413749784,11.969639127406827],[-71.87804722903904,11.969644372889952],[-71.87800368522913,11.969662226883633],[-71.87796697215076,11.969691268212268],[-71.87794001216359,11.969729185189246],[-71.8779249512849,11.969772959626216],[-71.87792298836582,11.969819107079942],[-71.87793427966135,11.969863954213375],[-71.87795792639014,11.9699039311932],[-71.87799204627588,11.969935855849032],[-71.87803392337537,11.96995718697505],[-71.8780802242677,11.96996622661098],[-71.87808949856972,11.969966478207812]]]},"id":"0000000000000000009e","properties":{"area_m2":1039.7,"blanqueami":123.3954,"blanqueamiento":123.3954,"circularid":0.1821,"circularidad":0.1821,"comp_humedad":0,"comp_suelo":0,"comp_vegetacion":1,"comp_verdor":0,"confianza":"baja","confusor":"Erosión","coord_x":5122102.099241163,"coord_y":2880982.318261902,"cumple_BSI":0,"cumple_GLI":0,"cumple_MSAVI":1,"cumple_MSI":0,"cumple_NDVI":1,"dif_BSI":-0.004054287669037648,"dif_GLI":-0.00265950445068768,"dif_MSAVI":-0.029146340387527066,"dif_MSI":-0.041526613594510264,"dif_NDVI":-0.05953352982865829,"distancia_":2.236,"distancia_similitud":2.236,"ext_BSI":0.16135397641499527,"ext_GLI":0.006688734049597107,"ext_MSAVI":0.05169263750407976,"ext_MSI":1.2463465518211945,"ext_NDVI":0.09275136550219532,"fid":159,"id_cand":"C159","int_BSI":0.15729968874595762,"int_GLI":0.004029229598909427,"int_MSAVI":0.02254629711655269,"int_MSI":1.2048199382266842,"int_NDVI":0.033217835673537026,"prioridad_espectral":"Baja","puntaje_componentes":1,"puntaje_indices":2,"radio_m":18.191942960148243,"vari":-0.0649,"zona":1}},{"type":"Feature","geometry":{"type":"Polygon","coordinates":[[[-71.97568309692623,11.927620356188855],[-71.97573236750728,11.927613487087006],[-71.97577771614307,11.927593426562966],[-71.9758155330774,11.92756177143712],[-71.97584280808114,11.927521041461011],[-71.97585737006693,11.927474478744003],[-71.97585805990673,11.92742578968037],[-71.97584482269657,11.927378849919672],[-71.97581871212466,11.927337395865035],[-71.97578180659578,11.92730472725602],[-71.9757370437893,11.927283444510358],[-71.9756879868201,11.927275241731806],[-71.9756385406161,11.927280771860342],[-71.975592641088,11.927299594698551],[-71.97555394183313,11.927330211951045],[-71.97552552331067,11.927370186488012],[-71.97550964763752,11.927416336339661],[-71.97550757852309,11.927464987979947],[-71.97551948067614,11.927512268738603],[-71.97554440669174,11.927554415065584],[-71.97558037246267,11.927588072110169],[-71.97562451511327,11.927610560768052],[-71.97567332088435,11.927620090939142],[-71.97568309692623,11.927620356188855]]]},"id":"0000000000000000009f","properties":{"area_m2":1155.6,"blanqueami":92.5052,"blanqueamiento":92.5052,"circularid":0.0609,"circularidad":0.0609,"comp_humedad":0,"comp_suelo":0,"comp_vegetacion":0,"comp_verdor":1,"confianza":"baja","confusor":"Erosión","coord_x":5111496.539733133,"coord_y":2876258.8053656262,"cumple_BSI":0,"cumple_GLI":1,"cumple_MSAVI":0,"cumple_MSI":0,"cumple_NDVI":0,"dif_BSI":-0.0016844779251690145,"dif_GLI":-0.008947807364376118,"dif_MSAVI":-0.0028459497324543337,"dif_MSI":-0.026106298471735512,"dif_NDVI":-0.0153483941393594,"distancia_":2.238,"distancia_similitud":2.238,"ext_BSI":0.2400796214946622,"ext_GLI":7.897922117489892E-4,"ext_MSAVI":0.15694661202885324,"ext_MSI":1.5403116526188356,"ext_NDVI":0.30532846046584916,"fid":160,"id_cand":"C160","int_BSI":0.23839514356949318,"int_GLI":-0.008158015152627129,"int_MSAVI":0.1541006622963989,"int_MSI":1.5142053541471001,"int_NDVI":0.28998006632648976,"prioridad_espectral":"Baja","puntaje_componentes":1,"puntaje_indices":1,"radio_m":19.17912679122771,"vari":-0.0705,"zona":1}},{"type":"Feature","geometry":{"type":"Polygon","coordinates":[[[-71.8823795371748,11.974736301914238],[-71.88243077115709,11.974729160326023],[-71.88247792690679,11.974708304032875],[-71.88251725082102,11.97467539319864],[-71.88254561271495,11.97463304752954],[-71.882560754985,11.974584637744387],[-71.88256147231303,11.974534017264244],[-71.88254770760761,11.974485215479437],[-71.88252055654615,11.97444211701005],[-71.88248218035662,11.97440815249079],[-71.88243563378296,11.974386025493546],[-71.88238462192756,11.974377497324252],[-71.88233320532659,11.974383246823894],[-71.88228547673383,11.974402816333185],[-71.8822452353397,11.974434648121935],[-71.88221568435752,11.974476208383546],[-71.88219917604823,11.974524188924821],[-71.88219702447954,11.974574770497016],[-71.8822094009242,11.974623926807308],[-71.88223532022423,11.974667745011594],[-71.88227271920728,11.97470273717746],[-71.88231862091395,11.974726117924641],[-71.88236937156385,11.97473602614249],[-71.8823795371748,11.974736301914238]]]},"id":"000000000000000000a6","properties":{"area_m2":1249.1,"blanqueami":114.0715,"blanqueamiento":114.0715,"circularid":0.1628,"circularidad":0.1628,"comp_humedad":0,"comp_suelo":0,"comp_vegetacion":0,"comp_verdor":1,"confianza":"baja","confusor":"Erosión","coord_x":5121633.068667177,"coord_y":2881506.1790631926,"cumple_BSI":0,"cumple_GLI":1,"cumple_MSAVI":0,"cumple_MSI":0,"cumple_NDVI":0,"dif_BSI":-0.008755922699000496,"dif_GLI":-0.0037680598179032658,"dif_MSAVI":-0.021793432291832813,"dif_MSI":-0.02954805533518612,"dif_NDVI":-0.0416270530833121,"distancia_":2.353,"distancia_similitud":2.353,"ext_BSI":0.176778443295814,"ext_GLI":0.002250265253774267,"ext_MSAVI":0.04659122772079469,"ext_MSI":1.287512735517601,"ext_NDVI":0.07573549803826235,"fid":167,"id_cand":"C167","int_BSI":0.1680225205968135,"int_GLI":-0.0015177945641289983,"int_MSAVI":0.024797795428961874,"int_MSI":1.257964680182415,"int_NDVI":0.03410844495495025,"prioridad_espectral":"Baja","puntaje_componentes":1,"puntaje_indices":1,"radio_m":19.939931765985882,"vari":-0.071,"zona":1}},{"type":"Feature","geometry":{"type":"Polygon","coordinates":[[[-71.92662568125463,11.956293193743315],[-71.92669356085754,11.956283731247378],[-71.92675603723076,11.956256096976135],[-71.92680813724579,11.956212490622672],[-71.9268457137393,11.95615638325942],[-71.92686577562796,11.956092241038718],[-71.92686672599692,11.956025169685123],[-71.92684848921066,11.955960508078576],[-71.92681251692926,11.955903403279475],[-71.92676167255259,11.955858400823773],[-71.9267000032916,11.955829082900193],[-71.92663241801094,11.95581778321012],[-71.92656429648584,11.955825401206635],[-71.92650106117621,11.955851330498742],[-71.92644774560297,11.955893507119626],[-71.92640859368285,11.955948573816897],[-71.92638672191352,11.956012147287808],[-71.92638387129884,11.956079167088182],[-71.92640026876158,11.956144298442467],[-71.92643460907597,11.956202356891714],[-71.9264841587599,11.956248720977484],[-71.92654497365791,11.956279700111775],[-71.92661221289617,11.956292828349934],[-71.92662568125463,11.956293193743315]]]},"id":"000000000000000000d0","properties":{"area_m2":2192.9,"blanqueami":114.1896,"blanqueamiento":114.1896,"circularid":0.0842,"circularidad":0.0842,"comp_humedad":0,"comp_suelo":0,"comp_vegetacion":1,"comp_verdor":0,"confianza":"baja","confusor":"Infraestructura","coord_x":5116825.140534337,"coord_y":2879441.6914377864,"cumple_BSI":0,"cumple_GLI":0,"cumple_MSAVI":1,"cumple_MSI":0,"cumple_NDVI":1,"dif_BSI":0.009207596248728717,"dif_GLI":-0.001610534653319064,"dif_MSAVI":-0.04809252928360204,"dif_MSI":-3.0189373660016727E-4,"dif_NDVI":-0.09454133556077982,"distancia_":2.893,"distancia_similitud":2.893,"ext_BSI":0.21786539556647014,"ext_GLI":-0.01536758776342881,"ext_MSAVI":0.1488012047955414,"ext_MSI":1.4479246138901243,"ext_NDVI":0.24543867796094507,"fid":209,"id_cand":"C209","int_BSI":0.22707299181519885,"int_GLI":-0.016978122416747874,"int_MSAVI":0.10070867551193936,"int_MSI":1.4476227201535241,"int_NDVI":0.15089734240016525,"prioridad_espectral":"Baja","puntaje_componentes":1,"puntaje_indices":2,"radio_m":26.420101237740074,"vari":-0.0852,"zona":1}},{"type":"Feature","geometry":{"type":"Polygon","coordinates":[[[-71.94309953542577,11.932117753481652],[-71.94314553448811,11.932111340588119],[-71.94318787201898,11.932092612374715],[-71.94322317794675,11.932063059609561],[-71.94324864191854,11.932025034695831],[-71.94326223700479,11.931981564419512],[-71.94326288104185,11.931936109016338],[-71.94325052277074,11.931892286736488],[-71.9432261459153,11.931853585831844],[-71.9431916908761,11.931823086891631],[-71.9431499002736,11.93180321762841],[-71.94310410063584,11.931795559633079],[-71.94305793760797,11.931800722481043],[-71.94301508576085,11.931818295210293],[-71.94297895609704,11.931846879033813],[-71.94295242453646,11.931884198682276],[-71.94293760299352,11.931927283514586],[-71.94293567126813,11.931972703979975],[-71.94294678313194,11.932016844609644],[-71.94297005408623,11.93205619180804],[-71.94300363176619,11.932087613535469],[-71.94304484338824,11.932108608619322],[-71.9430904085036,11.93211750584838],[-71.94309953542577,11.932117753481652]]]},"id":"000000000000000000dc","properties":{"area_m2":1007.2,"blanqueami":121.5075,"blanqueamiento":121.5075,"circularid":0.1668,"circularidad":0.1668,"comp_humedad":0,"comp_suelo":0,"comp_vegetacion":1,"comp_verdor":0,"confianza":"baja","confusor":"Infraestructura","coord_x":5115041.736229472,"coord_y":2876770.884777392,"cumple_BSI":0,"cumple_GLI":0,"cumple_MSAVI":1,"cumple_MSI":0,"cumple_NDVI":1,"dif_BSI":3.4602235793101954E-4,"dif_GLI":0.01015817599586355,"dif_MSAVI":-0.045583999070866354,"dif_MSI":-0.04154233573910515,"dif_NDVI":-0.0940545752108411,"distancia_":3.888,"distancia_similitud":3.888,"ext_BSI":0.26009535210339324,"ext_GLI":-0.042219698360030734,"ext_MSAVI":0.13184644509350854,"ext_MSI":1.6026658954322577,"ext_NDVI":0.22515499917695947,"fid":221,"id_cand":"C221","int_BSI":0.26044137446132426,"int_GLI":-0.032061522364167185,"int_MSAVI":0.08626244602264219,"int_MSI":1.5611235596931525,"int_NDVI":0.13110042396611837,"prioridad_espectral":"Baja","puntaje_componentes":1,"puntaje_indices":2,"radio_m":17.905354432803446,"vari":-0.11,"zona":1}},{"type":"Feature","geometry":{"type":"Polygon","coordinates":[[[-71.88541184099202,11.970481398476128],[-71.88548958280342,11.970470561744001],[-71.88556113634917,11.970438914153984],[-71.88562080595496,11.970388974860931],[-71.88566384191739,11.970324719041368],[-71.88568681858108,11.970251261466698],[-71.88568790701873,11.970174449364846],[-71.88566702060888,11.970100396979367],[-71.88562582192539,11.970034998875576],[-71.88556759039166,11.969983460734586],[-71.88549696123594,11.96994988498355],[-71.8854195565278,11.969936944245251],[-71.8853415376648,11.969945668599506],[-71.88526911493074,11.969975363589716],[-71.88520805316244,11.97002366550102],[-71.88516321287285,11.970086729509978],[-71.8851381633554,11.970159535729833],[-71.88513489856615,11.970236288790868],[-71.88515367840046,11.970310879150166],[-71.88519300799966,11.970377369410988],[-71.88524975673673,11.970430466940853],[-71.88531940741137,11.970465945167481],[-71.88539641581946,11.970480980016745],[-71.88541184099202,11.970481398476128]]]},"id":"00000000000000000026","properties":{"area_m2":2876.1,"blanqueami":118.9954,"blanqueamiento":118.9954,"circularid":0.1997,"circularidad":0.1997,"comp_humedad":0,"comp_suelo":0,"comp_vegetacion":0,"comp_verdor":1,"confianza":"baja","confusor":"Nubes","coord_x":5121304.797866321,"coord_y":2881024.1489026537,"cumple_BSI":0,"cumple_GLI":1,"cumple_MSAVI":0,"cumple_MSI":0,"cumple_NDVI":0,"dif_BSI":0.008703571218301703,"dif_GLI":-0.008936276703890588,"dif_MSAVI":0.009617511965594627,"dif_MSI":0.030779044982809367,"dif_NDVI":0.014261722582999792,"distancia_":0.844,"distancia_similitud":0.844,"ext_BSI":0.15302997346282576,"ext_GLI":0.019563248445161233,"ext_MSAVI":0.12431759633501191,"ext_MSI":1.2305291080145095,"ext_NDVI":0.2295126132571809,"fid":39,"id_cand":"C039","int_BSI":0.16173354468112747,"int_GLI":0.010626971741270645,"int_MSAVI":0.13393510830060654,"int_MSI":1.261308152997319,"int_NDVI":0.24377433584018068,"prioridad_espectral":"Baja","puntaje_componentes":1,"puntaje_indices":1,"radio_m":30.257082867540294,"vari":-0.0083,"zona":1}},{"type":"Feature","geometry":{"type":"Polygon","coordinates":[[[-71.86476089486479,11.983894032856382],[-71.86482796071186,11.98388468475382],[-71.86488968810448,11.983857384556954],[-71.86494116353323,11.983814305366437],[-71.8649782895519,11.983758876292386],[-71.86499811093478,11.98369550949518],[-71.86499904991109,11.98362924897559],[-71.86498103175182,11.983565369071158],[-71.86494549071413,11.983508954618875],[-71.86489525587074,11.983464496203217],[-71.86483432591376,11.98343553270747],[-71.86476755085945,11.98342436962067],[-71.8647002459893,11.983431895522333],[-71.86463776875777,11.98345751135218],[-71.86458509234298,11.983499178094887],[-71.8645464097847,11.983553579084218],[-71.8645248002193,11.983616384007648],[-71.86452198377897,11.983682593597287],[-71.8645381846659,11.98374693757034],[-71.8645721133015,11.983804294143479],[-71.86462106897314,11.983850097727727],[-71.86468115480875,11.983880702351149],[-71.86474758796801,11.983893671880288],[-71.86476089486479,11.983894032856382]]]},"id":"00000000000000000029","properties":{"area_m2":2140.2,"blanqueami":118.998,"blanqueamiento":118.998,"circularid":0.1967,"circularidad":0.1967,"comp_humedad":0,"comp_suelo":0,"comp_vegetacion":0,"comp_verdor":1,"confianza":"baja","confusor":"Nubes","coord_x":5123546.633836833,"coord_y":2882520.4860225795,"cumple_BSI":0,"cumple_GLI":1,"cumple_MSAVI":0,"cumple_MSI":0,"cumple_NDVI":0,"dif_BSI":0.005430211978755289,"dif_GLI":-0.004512109471296297,"dif_MSAVI":-0.009506951418944254,"dif_MSI":0.01214351930455626,"dif_NDVI":-0.01738281811051609,"distancia_":0.857,"distancia_similitud":0.857,"ext_BSI":0.16619038706195802,"ext_GLI":0.001625127010297374,"ext_MSAVI":0.07429629182183667,"ext_MSI":1.2761402080412794,"ext_NDVI":0.14763563457358747,"fid":42,"id_cand":"C042","int_BSI":0.1716205990407133,"int_GLI":-0.0028869824609989232,"int_MSAVI":0.06478934040289241,"int_MSI":1.2882837273458356,"int_NDVI":0.13025281646307138,"prioridad_espectral":"Baja","puntaje_componentes":1,"puntaje_indices":1,"radio_m":26.100705324005112,"vari":-0.0194,"zona":1}},{"type":"Feature","geometry":{"type":"Polygon","coordinates":[[[-71.95365415949362,11.962252533313857],[-71.95371883050149,11.962243518298804],[-71.95377835368505,11.96221719085056],[-71.95382799099056,11.962175646638627],[-71.95386379128657,11.962122192588364],[-71.95388290487452,11.962061083647818],[-71.95388381032325,11.961997184092104],[-71.95386643557164,11.961935580326026],[-71.95383216366072,11.961881176006202],[-71.95378372264028,11.961838301710994],[-71.95372496841425,11.96181037022817],[-71.95366057781128,11.96179960489892],[-71.95359567631147,11.961806862641405],[-71.95353543006192,11.961831565740717],[-71.95348463465531,11.961871747834541],[-71.95344733340333,11.961924210434226],[-71.95342649549005,11.961984777522623],[-71.95342377962338,11.96204862796321],[-71.95343940199885,11.96211067926143],[-71.95347211908654,11.962165992131084],[-71.95351932661252,11.96221016366241],[-71.9535772668572,11.962239677795363],[-71.95364132776983,11.962252185199908],[-71.95365415949362,11.962252533313857]]]},"id":"00000000000000000002","properties":{"area_m2":1990.4,"blanqueami":92.2401,"blanqueamiento":92.2401,"circularid":0.0658,"circularidad":0.0658,"comp_humedad":0,"comp_suelo":0,"comp_vegetacion":0,"comp_verdor":1,"confianza":"baja","confusor":"Vegetación irregular","coord_x":5113880.236263828,"coord_y":2880090.335512254,"cumple_BSI":0,"cumple_GLI":1,"cumple_MSAVI":0,"cumple_MSI":0,"cumple_NDVI":0,"dif_BSI":0.008677194120319615,"dif_GLI":-0.008222938253340327,"dif_MSAVI":-0.011052538777382714,"dif_MSI":0.012697797692534651,"dif_NDVI":-0.03149376605685683,"distancia_":0.267,"distancia_similitud":0.267,"ext_BSI":0.14469674231702076,"ext_GLI":0.024326434727134666,"ext_MSAVI":0.1893750950183057,"ext_MSI":1.244933493810874,"ext_NDVI":0.36477057793171935,"fid":3,"id_cand":"C003","int_BSI":0.15337393643734037,"int_GLI":0.01610349647379434,"int_MSAVI":0.178322556240923,"int_MSI":1.2576312915034087,"int_NDVI":0.3332768118748625,"prioridad_espectral":"Baja","puntaje_componentes":1,"puntaje_indices":1,"radio_m":25.170697198532604,"vari":-0.02,"zona":1}},{"type":"Feature","geometry":{"type":"Polygon","coordinates":[[[-71.90106706326713,11.964917255460968],[-71.90111663611218,11.964910345170471],[-71.90116226295162,11.964890164359117],[-71.90120031188421,11.964858319422207],[-71.90122775421372,11.964817345220297],[-71.90124240553371,11.964770503303175],[-71.90124309960522,11.964721522289471],[-71.90122978118758,11.964674301067975],[-71.90120351043316,11.964632598446062],[-71.90116637849736,11.964599733949203],[-71.9011213410815,11.964578323587748],[-71.90107198315937,11.964570071623621],[-71.90102223361451,11.964575634911963],[-71.90097605250355,11.964594570615844],[-71.9009371158377,11.96462537145581],[-71.90090852297402,11.964665585688543],[-71.90089254990704,11.96471201226451],[-71.90089046809877,11.964760955630453],[-71.90090244326854,11.964808519894742],[-71.90092752219938,11.964850918940261],[-71.90096370861208,11.964884777799849],[-71.90100812206788,11.964907401304664],[-71.90105722725141,11.964916988620757],[-71.90106706326713,11.964917255460968]]]},"id":"0000000000000000000e","properties":{"area_m2":1169.5,"blanqueami":89.7401,"blanqueamiento":89.7401,"circularid":0.1037,"circularidad":0.1037,"comp_humedad":0,"comp_suelo":0,"comp_vegetacion":0,"comp_verdor":1,"confianza":"baja","confusor":"Vegetación irregular","coord_x":5119603.4043854615,"coord_y":2880413.3070434877,"cumple_BSI":0,"cumple_GLI":1,"cumple_MSAVI":0,"cumple_MSI":0,"cumple_NDVI":0,"dif_BSI":0.0034280375848094735,"dif_GLI":-0.015930139423967607,"dif_MSAVI":0.01787312709853707,"dif_MSI":0.0022466697580298955,"dif_NDVI":0.03357190410183056,"distancia_":0.442,"distancia_similitud":0.442,"ext_BSI":0.15681844348769555,"ext_GLI":0.026611456689137992,"ext_MSAVI":0.12176048689337078,"ext_MSI":1.2261933201112258,"ext_NDVI":0.20845564782418535,"fid":15,"id_cand":"C015","int_BSI":0.16024648107250503,"int_GLI":0.010681317265170385,"int_MSAVI":0.13963361399190785,"int_MSI":1.2284399898692557,"int_NDVI":0.2420275519260159,"prioridad_espectral":"Baja","puntaje_componentes":1,"puntaje_indices":1,"radio_m":19.294128948774627,"vari":-0.0242,"zona":1}},{"type":"Feature","geometry":{"type":"Polygon","coordinates":[[[-71.9713838246174,11.921589901701234],[-71.97148750961144,11.921575446033977],[-71.97158294124897,11.921533229707737],[-71.97166252315034,11.921466613153926],[-71.97171992059123,11.921380899065822],[-71.97175056474819,11.921282910299299],[-71.97175201637309,11.921180446769013],[-71.97172415994882,11.921081664572403],[-71.97166921287446,11.920994426764231],[-71.97159154895161,11.92092567745993],[-71.97149735022532,11.920880889088423],[-71.97139411489427,11.920863626791668],[-71.97129006046038,11.920875264643255],[-71.97119346962516,11.92091487627375],[-71.97111203099648,11.920979308608622],[-71.97105222708244,11.921063432849449],[-71.97101881828581,11.921160552721451],[-71.9710144639725,11.92126293749236],[-71.97103951077798,11.921362437335725],[-71.97109196500513,11.921451132056685],[-71.97116765131352,11.921521961541767],[-71.97126054507156,11.921569287748195],[-71.97136325191764,11.921589343497011],[-71.9713838246174,11.921589901701234]]]},"id":"0000000000000000001f","properties":{"area_m2":5117.8,"blanqueami":87.3208,"blanqueamiento":87.3208,"circularid":0.0657,"circularidad":0.0657,"comp_humedad":0,"comp_suelo":0,"comp_vegetacion":0,"comp_verdor":1,"confianza":"baja","confusor":"Vegetación irregular","coord_x":5111967.526896461,"coord_y":2875572.911736322,"cumple_BSI":0,"cumple_GLI":1,"cumple_MSAVI":0,"cumple_MSI":0,"cumple_NDVI":0,"dif_BSI":9.174272717369369E-4,"dif_GLI":-0.011286046879695543,"dif_MSAVI":-0.00869417173853454,"dif_MSI":-5.844180816996225E-4,"dif_NDVI":-0.022979837886098142,"distancia_":0.774,"distancia_similitud":0.774,"ext_BSI":0.23873276093124537,"ext_GLI":-0.006028302510174021,"ext_MSAVI":0.14935992256165032,"ext_MSI":1.569211264722726,"ext_NDVI":0.3110098974615482,"fid":32,"id_cand":"C032","int_BSI":0.2396501882029823,"int_GLI":-0.017314349389869563,"int_MSAVI":0.14066575082311578,"int_MSI":1.5686268466410265,"int_NDVI":0.2880300595754501,"prioridad_espectral":"Baja","puntaje_componentes":1,"puntaje_indices":1,"radio_m":40.36144615237918,"vari":-0.0325,"zona":1}},{"type":"Feature","geometry":{"type":"Polygon","coordinates":[[[-71.93733526479299,11.960393116402003],[-71.9373954957487,11.960384720264514],[-71.93745093230984,11.960360200186086],[-71.93749716171895,11.96032150796897],[-71.93753050411335,11.960271723518929],[-71.93754830544285,11.960214809683082],[-71.93754914873061,11.96015529680575],[-71.93753296686188,11.960097922112118],[-71.9375010479228,11.960047252625058],[-71.9374559326658,11.960007321630972],[-71.93740121226425,11.959981307631672],[-71.93734124245537,11.959971281337303],[-71.93728079682566,11.959978040839122],[-71.93722468683657,11.96000104808199],[-71.93717737883564,11.960038471693187],[-71.9371426385374,11.96008733275848],[-71.9371232312734,11.96014374194208],[-71.93712070187055,11.960203209076205],[-71.93713525168025,11.960261000577422],[-71.93716572254723,11.960312516239753],[-71.93720968899599,11.960353655411842],[-71.9372636512967,11.96038114341026],[-71.93732331404397,11.960392792185951],[-71.93733526479299,11.960393116402003]]]},"id":"0000000000000000002a","properties":{"area_m2":1726.5,"blanqueami":81.7006,"blanqueamiento":81.7006,"circularid":0.0805,"circularidad":0.0805,"comp_humedad":0,"comp_suelo":0,"comp_vegetacion":0,"comp_verdor":1,"confianza":"baja","confusor":"Vegetación irregular","coord_x":5115657.589175922,"coord_y":2879893.587467356,"cumple_BSI":0,"cumple_GLI":1,"cumple_MSAVI":0,"cumple_MSI":0,"cumple_NDVI":1,"dif_BSI":-0.0022619635505363167,"dif_GLI":-0.004524186673699303,"dif_MSAVI":-0.01411396106527199,"dif_MSI":-0.03310306746356684,"dif_NDVI":-0.04752772359737972,"distancia_":0.901,"distancia_similitud":0.901,"ext_BSI":0.16438677785421252,"ext_GLI":0.0069467618302846154,"ext_MSAVI":0.16230771561482554,"ext_MSI":1.2966196009639757,"ext_NDVI":0.3286385411027329,"fid":43,"id_cand":"C043","int_BSI":0.1621248143036762,"int_GLI":0.002422575156585312,"int_MSAVI":0.14819375454955355,"int_MSI":1.2635165335004088,"int_NDVI":0.28111081750535316,"prioridad_espectral":"Baja","puntaje_componentes":1,"puntaje_indices":2,"radio_m":23.442739142350977,"vari":-0.0344,"zona":1}},{"type":"Feature","geometry":{"type":"Polygon","coordinates":[[[-71.98101027359625,11.950448272891105],[-71.9810565716958,11.950441818744398],[-71.98109918446042,11.950422970055241],[-71.98113471990982,11.950393227181658],[-71.9811603494212,11.950354957659496],[-71.98117403288803,11.950311207745619],[-71.98117468111174,11.950265459934933],[-71.9811622425001,11.950221355753252],[-71.98113770717218,11.950182405891825],[-71.98110302814295,11.950151710756804],[-71.98106096586253,11.950131713677797],[-71.98101486848441,11.950124006419815],[-71.98096840535385,11.950129202479546],[-71.98092527492973,11.950146888251346],[-71.98088891038931,11.95017565595003],[-71.98086220634865,11.950213215669866],[-71.98084728845163,11.950256577660108],[-71.98084534416799,11.950302290308247],[-71.98085652826913,11.950346714887749],[-71.98087995050632,11.95038631520062],[-71.98091374647267,11.95041793905922],[-71.98095522600897,11.950439069201261],[-71.98100108734047,11.950448023664844],[-71.98101027359625,11.950448272891105]]]},"id":"00000000000000000040","properties":{"area_m2":1020.2,"blanqueami":92.0922,"blanqueamiento":92.0922,"circularid":0.0944,"circularidad":0.0944,"comp_humedad":0,"comp_suelo":0,"comp_vegetacion":0,"comp_verdor":1,"confianza":"baja","confusor":"Vegetación irregular","coord_x":5110907.332800167,"coord_y":2878781.28765799,"cumple_BSI":0,"cumple_GLI":1,"cumple_MSAVI":0,"cumple_MSI":0,"cumple_NDVI":0,"dif_BSI":0.005313906281777914,"dif_GLI":-0.011133297568436881,"dif_MSAVI":-0.007602772270601049,"dif_MSI":-5.761101978916106E-4,"dif_NDVI":-0.03310730324176819,"distancia_":1.139,"distancia_similitud":1.139,"ext_BSI":0.1546264855273469,"ext_GLI":0.0261479868894266,"ext_MSAVI":0.19289257048941033,"ext_MSI":1.2875652961602804,"ext_NDVI":0.4069430683991495,"fid":65,"id_cand":"C065","int_BSI":0.1599403918091248,"int_GLI":0.015014689320989719,"int_MSAVI":0.18528979821880928,"int_MSI":1.2869891859623888,"int_NDVI":0.3738357651573813,"prioridad_espectral":"Baja","puntaje_componentes":1,"puntaje_indices":1,"radio_m":18.020536781258855,"vari":-0.0423,"zona":1}},{"type":"Feature","geometry":{"type":"Polygon","coordinates":[[[-71.92341246656963,11.962705233153393],[-71.9234621237122,11.962698311055465],[-71.92350782813908,11.96267809576169],[-71.923545941773,11.962646196412184],[-71.92357343076758,11.96260515219875],[-71.92358810700173,11.962558230244108],[-71.92358880225346,11.962509165537881],[-71.92357546118811,11.962461863630782],[-71.92354914576086,11.96242008975276],[-71.92351195068304,11.962387169101254],[-71.92346683668214,11.962365722156514],[-71.92341739482802,11.96235745609249],[-71.92336756068526,11.962363028886667],[-71.92332130104441,11.96238199694545],[-71.92328229816765,11.96241285041395],[-71.92325365668245,11.962453133359624],[-71.9232376564536,11.9624996392634],[-71.92323557110521,11.962548666257536],[-71.92324756663844,11.962596311793599],[-71.92327268821539,11.962638783285232],[-71.92330893616227,11.962672699998553],[-71.92335342514215,11.962695362159554],[-71.92340261382799,11.962704965857242],[-71.92341246656963,11.962705233153393]]]},"id":"00000000000000000049","properties":{"area_m2":1173.5,"blanqueami":83.2818,"blanqueamiento":83.2818,"circularid":0.1542,"circularidad":0.1542,"comp_humedad":0,"comp_suelo":1,"comp_vegetacion":0,"comp_verdor":0,"confianza":"baja","confusor":"Vegetación irregular","coord_x":5117171.710038136,"coord_y":2880158.931889325,"cumple_BSI":1,"cumple_GLI":0,"cumple_MSAVI":0,"cumple_MSI":0,"cumple_NDVI":1,"dif_BSI":0.019023970763882264,"dif_GLI":6.175980457189829E-4,"dif_MSAVI":-0.021494924582809355,"dif_MSI":0.025377813495159218,"dif_NDVI":-0.06623821895597432,"distancia_":1.189,"distancia_similitud":1.189,"ext_BSI":0.15764035531753312,"ext_GLI":0.008444319904002701,"ext_MSAVI":0.17800188192524377,"ext_MSI":1.2882846185916161,"ext_NDVI":0.36581899376449967,"fid":74,"id_cand":"C074","int_BSI":0.17666432608141538,"int_GLI":0.009061917949721684,"int_MSAVI":0.15650695734243442,"int_MSI":1.3136624320867754,"int_NDVI":0.29958077480852535,"prioridad_espectral":"Baja","puntaje_componentes":1,"puntaje_indices":2,"radio_m":19.327096301221204,"vari":-0.0426,"zona":1}},{"type":"Feature","geometry":{"type":"Polygon","coordinates":[[[-71.93099064188702,11.938606149957486],[-71.93104591305618,11.938598444589939],[-71.93109678463145,11.938575941835799],[-71.9311392072294,11.938540432917673],[-71.9311698040098,11.938494744349876],[-71.93118613947257,11.938442512946528],[-71.93118691332253,11.938387896329841],[-71.93117206397037,11.938335241982633],[-71.9311427734324,11.938288741188634],[-71.93110137323957,11.93825209540704],[-71.93105115884633,11.9382282216376],[-71.9309961273127,11.93821902022882],[-71.93094065914009,11.938225223611358],[-71.9308891695861,11.938246337996972],[-71.93084575721281,11.938280682683772],[-71.93081387764319,11.93832552383908],[-71.93079606849419,11.93837729211114],[-71.93079374738136,11.938431866748212],[-71.93080709907446,11.93848490360956],[-71.93083506078682,11.938532180958937],[-71.93087540677074,11.938569935515435],[-71.93092492548546,11.938595162011872],[-71.93097967523605,11.938605852415453],[-71.93099064188702,11.938606149957486]]]},"id":"0000000000000000004d","properties":{"area_m2":1454.1,"blanqueami":86.3431,"blanqueamiento":86.3431,"circularid":0.0813,"circularidad":0.0813,"comp_humedad":0,"comp_suelo":0,"comp_vegetacion":1,"comp_verdor":0,"confianza":"baja","confusor":"Vegetación irregular","coord_x":5116357.418978514,"coord_y":2877489.6562070595,"cumple_BSI":0,"cumple_GLI":0,"cumple_MSAVI":1,"cumple_MSI":0,"cumple_NDVI":1,"dif_BSI":-0.005849787015953012,"dif_GLI":0.006259111396716115,"dif_MSAVI":-0.027678110626418423,"dif_MSI":-0.061711516989565895,"dif_NDVI":-0.07431511693029369,"distancia_":1.238,"distancia_similitud":1.238,"ext_BSI":0.2046232502010282,"ext_GLI":-0.006689157449743358,"ext_MSAVI":0.1593297414118611,"ext_MSI":1.4283770803353768,"ext_NDVI":0.29807623266389416,"fid":78,"id_cand":"C078","int_BSI":0.1987734631850752,"int_GLI":-4.300460530272429E-4,"int_MSAVI":0.13165163078544267,"int_MSI":1.366665563345811,"int_NDVI":0.22376111573360047,"prioridad_espectral":"Baja","puntaje_componentes":1,"puntaje_indices":2,"radio_m":21.514051350218768,"vari":-0.0445,"zona":1}},{"type":"Feature","geometry":{"type":"Polygon","coordinates":[[[-71.97987814166724,11.932560861309918],[-71.97994523394098,11.932551507749153],[-71.98000698565674,11.932524191612137],[-71.98005848136904,11.932481087268345],[-71.98009562201706,11.932425625830074],[-71.98011545121064,11.932362222033877],[-71.98011639055716,11.932295922825627],[-71.98009836529815,11.93223200562249],[-71.98006281025584,11.932175558230442],[-71.98001255561768,11.93213107385598],[-71.9799516016515,11.93210209344873],[-71.97988480028468,11.932090923843917],[-71.97981746889324,11.932098454139881],[-71.97975496704278,11.932124084926556],[-71.97970226987113,11.932165775998044],[-71.97966357207031,11.932220208751515],[-71.97964195398997,11.932283050345994],[-71.97963913644007,11.932349298594561],[-71.97965534371106,11.932413680137179],[-71.97968928571613,11.932471070199986],[-71.97973826067843,11.932516900528245],[-71.97979837019037,11.932547523021224],[-71.979864829527,11.93256050012306],[-71.97987814166724,11.932560861309918]]]},"id":"00000000000000000081","properties":{"area_m2":2142.7,"blanqueami":98.8373,"blanqueamiento":98.8373,"circularid":0.0675,"circularidad":0.0675,"comp_humedad":0,"comp_suelo":0,"comp_vegetacion":0,"comp_verdor":1,"confianza":"baja","confusor":"Vegetación irregular","coord_x":5111037.874433824,"coord_y":2876796.547950469,"cumple_BSI":0,"cumple_GLI":1,"cumple_MSAVI":0,"cumple_MSI":0,"cumple_NDVI":0,"dif_BSI":0.00890230969553088,"dif_GLI":-0.007695476445140128,"dif_MSAVI":6.10009061380673E-4,"dif_MSI":0.029944373576065608,"dif_NDVI":-0.020429164250688414,"distancia_":1.923,"distancia_similitud":1.923,"ext_BSI":0.21958927903073105,"ext_GLI":-0.010835903883480191,"ext_MSAVI":0.14975417833330237,"ext_MSI":1.4462734708072829,"ext_NDVI":0.28204142791457276,"fid":130,"id_cand":"C130","int_BSI":0.22849158872626193,"int_GLI":-0.01853138032862032,"int_MSAVI":0.15036418739468305,"int_MSI":1.4762178443833485,"int_NDVI":0.26161226366388435,"prioridad_espectral":"Baja","puntaje_componentes":1,"puntaje_indices":1,"radio_m":26.115945189213587,"vari":-0.0622,"zona":1}},{"type":"Feature","geometry":{"type":"Polygon","coordinates":[[[-71.96822826274544,11.934743895719908],[-71.96828079710302,11.934736571787845],[-71.96832914971777,11.934715182977778],[-71.9683694717161,11.934681431842032],[-71.96839855346563,11.934638004975026],[-71.96841408006244,11.934588359159083],[-71.96841481559626,11.934536446203426],[-71.96840070152692,11.93448639837944],[-71.96837286134144,11.934442199491826],[-71.96833351112228,11.934407367768427],[-71.96828578314613,11.934384675810383],[-71.9682334765547,11.934375929894365],[-71.96818075494488,11.934381826193945],[-71.96813181494875,11.93440189536459],[-71.96809055218415,11.93443453990321],[-71.96806025116543,11.934477161308491],[-71.96804332385656,11.934526366920384],[-71.96804111767793,11.934578239974622],[-71.96805380824964,11.934628651376437],[-71.96808038540948,11.934673588376354],[-71.96811873361969,11.934709473985668],[-71.96816580036236,11.934733451705817],[-71.96821783912003,11.934743612906967],[-71.96822826274544,11.934743895719908]]]},"id":"00000000000000000089","properties":{"area_m2":1313.7,"blanqueami":97.8984,"blanqueamiento":97.8984,"circularid":0.1952,"circularidad":0.1952,"comp_humedad":0,"comp_suelo":0,"comp_vegetacion":0,"comp_verdor":1,"confianza":"baja","confusor":"Vegetación irregular","coord_x":5112305.419186584,"coord_y":2877047.9092791956,"cumple_BSI":0,"cumple_GLI":1,"cumple_MSAVI":0,"cumple_MSI":0,"cumple_NDVI":1,"dif_BSI":0.008569692084873154,"dif_GLI":-0.009318637346209033,"dif_MSAVI":-0.012485381439689053,"dif_MSI":0.00680276641985178,"dif_NDVI":-0.0559745172842184,"distancia_":1.997,"distancia_similitud":1.997,"ext_BSI":0.23613870274460838,"ext_GLI":5.474101035491111E-4,"ext_MSAVI":0.15051886659136554,"ext_MSI":1.542333937376426,"ext_NDVI":0.30046376797645297,"fid":138,"id_cand":"C138","int_BSI":0.24470839482948153,"int_GLI":-0.008771227242659921,"int_MSAVI":0.1380334851516765,"int_MSI":1.5491367037962778,"int_NDVI":0.24448925069223457,"prioridad_espectral":"Baja","puntaje_componentes":1,"puntaje_indices":2,"radio_m":20.449051261113457,"vari":-0.0642,"zona":1}},{"type":"Feature","geometry":{"type":"Polygon","coordinates":[[[-71.86612767419722,11.982011171009725],[-71.86618502353117,11.982003177207377],[-71.86623780784862,11.981979832108353],[-71.86628182551132,11.981942993986175],[-71.86631357271183,11.98189559516017],[-71.86633052237693,11.981841408581326],[-71.86633132532147,11.981784747504037],[-71.86631591764103,11.981730122150188],[-71.86628552579546,11.981681880695461],[-71.86624256898011,11.981643863155316],[-71.86619046655653,11.981619095721124],[-71.86613336587146,11.981609549876834],[-71.86607581213013,11.981615985470034],[-71.86602238660065,11.981637890228608],[-71.86597734194824,11.981673520537225],[-71.86594426372513,11.981720040228069],[-71.86592578496133,11.981773746338291],[-71.86592337657436,11.981830363864457],[-71.86593723028169,11.981885386051884],[-71.865966243337,11.981934433132198],[-71.86600810630604,11.9819736009536],[-71.86605948689603,11.981999771752664],[-71.86611629520633,11.982010862329808],[-71.86612767419722,11.982011171009725]]]},"id":"000000000000000000b8","properties":{"area_m2":1565.0,"blanqueami":116.8946,"blanqueamiento":116.8946,"circularid":0.1114,"circularidad":0.1114,"comp_humedad":0,"comp_suelo":0,"comp_vegetacion":1,"comp_verdor":0,"confianza":"baja","confusor":"Vegetación irregular","coord_x":5123398.39888596,"coord_y":2882315.1776411533,"cumple_BSI":0,"cumple_GLI":0,"cumple_MSAVI":1,"cumple_MSI":0,"cumple_NDVI":1,"dif_BSI":-0.008548022472415595,"dif_GLI":7.147548146304538E-4,"dif_MSAVI":-0.023670426247453896,"dif_MSI":-0.020437653153935642,"dif_NDVI":-0.04612535157398509,"distancia_":2.551,"distancia_similitud":2.551,"ext_BSI":0.1623511927972524,"ext_GLI":0.0015810716438145734,"ext_MSAVI":0.03790716263578221,"ext_MSI":1.2623091590342288,"ext_NDVI":0.06709975378782579,"fid":185,"id_cand":"C185","int_BSI":0.1538031703248368,"int_GLI":0.002295826458445027,"int_MSAVI":0.014236736388328317,"int_MSI":1.2418715058802932,"int_NDVI":0.020974402213840695,"prioridad_espectral":"Baja","puntaje_componentes":1,"puntaje_indices":2,"radio_m":22.319385562278196,"vari":-0.0756,"zona":1}},{"type":"Feature","geometry":{"type":"Polygon","coordinates":[[[-71.98790578901666,11.929457491084216],[-71.98795800749409,11.929450211047802],[-71.98800606937284,11.929428950430578],[-71.98804614892198,11.929395401580681],[-71.98807505580812,11.92935223499052],[-71.9880904890464,11.929302886724347],[-71.98809122015781,11.929251284906387],[-71.9880771909541,11.929201537041463],[-71.98804951816689,11.929157603057567],[-71.98801040455375,11.929122980096238],[-71.98796296355745,11.929100424141216],[-71.98791097147623,11.929091730643371],[-71.98785856687203,11.9290975916038],[-71.9878099211434,11.929117540490958],[-71.98776890648456,11.929149989376285],[-71.98773878766066,11.929192355332418],[-71.98772196213294,11.929241266033012],[-71.98771976921991,11.92929282818872],[-71.9877323834856,11.929342937452274],[-71.98775880084173,11.929387605124441],[-71.98779691847085,11.929423275655044],[-71.98784370220928,11.929447109665846],[-71.98789542806674,11.929457209966301],[-71.98790578901666,11.929457491084216]]]},"id":"000000000000000000da","properties":{"area_m2":1298.0,"blanqueami":112.9966,"blanqueamiento":112.9966,"circularid":0.0768,"circularidad":0.0768,"comp_humedad":0,"comp_suelo":0,"comp_vegetacion":0,"comp_verdor":1,"confianza":"baja","confusor":"Vegetación irregular","coord_x":5110165.519304643,"coord_y":2876456.1539246384,"cumple_BSI":0,"cumple_GLI":1,"cumple_MSAVI":0,"cumple_MSI":0,"cumple_NDVI":1,"dif_BSI":0.004994116563627332,"dif_GLI":-0.015120102047394347,"dif_MSAVI":-0.02053957943596052,"dif_MSI":-0.05603795588274596,"dif_NDVI":-0.09999614294418391,"distancia_":3.62,"distancia_similitud":3.62,"ext_BSI":0.23555794605429786,"ext_GLI":-0.01208605152916282,"ext_MSAVI":0.15165582592568447,"ext_MSI":1.531930873932369,"ext_NDVI":0.31487577330584,"fid":219,"id_cand":"C219","int_BSI":0.2405520626179252,"int_GLI":-0.027206153576557167,"int_MSAVI":0.13111624648972395,"int_MSI":1.475892918049623,"int_NDVI":0.21487963036165608,"prioridad_espectral":"Baja","puntaje_componentes":1,"puntaje_indices":2,"radio_m":20.32649089898599,"vari":-0.1045,"zona":1}},{"type":"Feature","geometry":{"type":"Polygon","coordinates":[[[-72.03841412406138,12.02916607385645],[-72.03846158354851,12.02915945973748],[-72.03850526525392,12.029140143865376],[-72.03854169210936,12.029109663786056],[-72.03856796453607,12.029070445717128],[-72.0385819912516,12.029025611419943],[-72.03858265573507,12.028978729706415],[-72.03856990510039,12.028933532361034],[-72.03854475430394,12.028893617090786],[-72.03850920535218,12.028862161148204],[-72.038466087941,12.028841668422995],[-72.03841883421212,12.02883377013347],[-72.0383712055559,12.028839094982365],[-72.03832699320677,12.02885721911246],[-72.0382897164629,12.028886699845378],[-72.03826234255169,12.028925190518038],[-72.03824705043887,12.028969627276023],[-72.03824505738201,12.029016472955416],[-72.03825652203527,12.02906199864041],[-72.03828053181826,12.029102580484931],[-72.03831517555567,12.029134988171272],[-72.03835769560568,12.02915664204426],[-72.03840470736841,12.029165818452876],[-72.03841412406138,12.02916607385645]]]},"id":"0000000000000000005c","properties":{"area_m2":1071.4,"blanqueami":99.8296,"blanqueamiento":99.8296,"circularid":0.0935,"circularidad":0.0935,"comp_humedad":0,"comp_suelo":0,"comp_vegetacion":1,"comp_verdor":0,"confianza":"baja","confusor":"Infraestructura","coord_x":5104628.891916438,"coord_y":2887460.9540506434,"cumple_BSI":0,"cumple_GLI":0,"cumple_MSAVI":1,"cumple_MSI":0,"cumple_NDVI":1,"dif_BSI":0.003888940119302048,"dif_GLI":0.004762227892058964,"dif_MSAVI":-0.03340830391547067,"dif_MSI":0.0017023136392015914,"dif_NDVI":-0.06973495135465047,"distancia_":1.496,"distancia_similitud":1.496,"ext_BSI":0.23909730285520053,"ext_GLI":0.008009251258867651,"ext_MSAVI":0.11295156734885677,"ext_MSI":1.5286403948245828,"ext_NDVI":0.19251639126213588,"fid":93,"id_cand":"C093","int_BSI":0.24298624297450258,"int_GLI":0.012771479150926615,"int_MSAVI":0.0795432634333861,"int_MSI":1.5303427084637844,"int_NDVI":0.12278143990748541,"prioridad_espectral":"Baja","puntaje_componentes":1,"puntaje_indices":2,"radio_m":18.46719285807438,"vari":-0.0511,"zona":2}},{"type":"Feature","geometry":{"type":"Polygon","coordinates":[[[-72.04313110388262,12.034299712416743],[-72.04319355148384,12.034291009666598],[-72.04325102824465,12.034265594156686],[-72.04329895900709,12.034225488965934],[-72.04333352848069,12.03417388647323],[-72.04335198493999,12.034114894242286],[-72.04335285926068,12.034053208057927],[-72.0433360818586,12.033993738140575],[-72.04330298822514,12.033941218292696],[-72.04325621261879,12.033899829089023],[-72.04319947837665,12.033872865104419],[-72.04313730153707,12.033862472667522],[-72.0430746313654,12.033869479014387],[-72.04301645639576,12.033893326441106],[-72.04296740734745,12.033932116696635],[-72.04293138852226,12.033982762082275],[-72.04291126702277,12.03404123123075],[-72.04290864452976,12.034102870001329],[-72.04292372980544,12.034162771948354],[-72.0429553220723,12.034216168874169],[-72.04300090659183,12.034258810378455],[-72.0430568548357,12.034287302191712],[-72.04311871331697,12.034299376360876],[-72.04313110388262,12.034299712416743]]]},"id":"00000000000000000021","properties":{"area_m2":1854.9,"blanqueami":70.3252,"blanqueamiento":70.3252,"circularid":0.1645,"circularidad":0.1645,"comp_humedad":0,"comp_suelo":0,"comp_vegetacion":0,"comp_verdor":1,"confianza":"baja","confusor":"Vegetación irregular","coord_x":5104113.613727181,"coord_y":2888020.906102915,"cumple_BSI":0,"cumple_GLI":1,"cumple_MSAVI":0,"cumple_MSI":0,"cumple_NDVI":0,"dif_BSI":-0.012980690308564441,"dif_GLI":-0.005181022514894409,"dif_MSAVI":0.015094682482405086,"dif_MSI":0.0037723716981443722,"dif_NDVI":0.03107367839865441,"distancia_":0.791,"distancia_similitud":0.791,"ext_BSI":0.2317906087906662,"ext_GLI":0.028004290965626014,"ext_MSAVI":0.12916441186565583,"ext_MSI":1.5066895085919099,"ext_NDVI":0.2245968512296412,"fid":34,"id_cand":"C034","int_BSI":0.21880991848210177,"int_GLI":0.022823268450731606,"int_MSAVI":0.14425909434806092,"int_MSI":1.5104618802900542,"int_NDVI":0.2556705296282956,"prioridad_espectral":"Baja","puntaje_componentes":1,"puntaje_indices":1,"radio_m":24.298827294384257,"vari":-0.022,"zona":2}},{"type":"Feature","geometry":{"type":"Polygon","coordinates":[[[-72.04960801825858,12.018906041468197],[-72.0496689320048,12.018897551991646],[-72.04972499700605,12.01887275932586],[-72.04977175048082,12.018833636971152],[-72.04980547085076,12.018783299072386],[-72.04982347397892,12.018725752531324],[-72.0498243268256,12.018665578055721],[-72.04980796151541,12.018607565533975],[-72.0497756807367,12.018556332760012],[-72.04973005404447,12.01851595785773],[-72.04967471332233,12.01848965466389],[-72.04961406368481,12.01847951690841],[-72.04955293283248,12.018486351554797],[-72.04949618677026,12.018509614566446],[-72.0494483424768,12.018547454211536],[-72.04941320835553,12.01859685845969],[-72.04939358108642,12.018653894737895],[-72.04939102300902,12.018714022961731],[-72.04940573775747,12.01877245692503],[-72.04943655404773,12.01882454528177],[-72.04948101890871,12.018866141793993],[-72.04953559293696,12.018893935373843],[-72.0495959320334,12.01890571364787],[-72.04960801825858,12.018906041468197]]]},"id":"00000000000000000065","properties":{"area_m2":1765.1,"blanqueami":77.5514,"blanqueamiento":77.5514,"circularid":0.0628,"circularidad":0.0628,"comp_humedad":0,"comp_suelo":0,"comp_vegetacion":0,"comp_verdor":1,"confianza":"baja","confusor":"Vegetación irregular","coord_x":5103414.561122126,"coord_y":2886317.267052823,"cumple_BSI":0,"cumple_GLI":1,"cumple_MSAVI":0,"cumple_MSI":0,"cumple_NDVI":0,"dif_BSI":0.0026785678037116734,"dif_GLI":-0.005720881048219377,"dif_MSAVI":-0.010838231165050116,"dif_MSI":-0.02272947549189097,"dif_NDVI":-0.04445250364804754,"distancia_":1.636,"distancia_similitud":1.636,"ext_BSI":0.16300510515956476,"ext_GLI":0.039842737948449516,"ext_MSAVI":0.18867197413098824,"ext_MSI":1.296723717727454,"ext_NDVI":0.3702779929583196,"fid":102,"id_cand":"C102","int_BSI":0.16568367296327643,"int_GLI":0.03412185690023014,"int_MSAVI":0.17783374296593812,"int_MSI":1.273994242235563,"int_NDVI":0.32582548931027205,"prioridad_espectral":"Baja","puntaje_componentes":1,"puntaje_indices":1,"radio_m":23.703349554504083,"vari":-0.0532,"zona":2}},{"type":"Feature","geometry":{"type":"Polygon","coordinates":[[[-72.04819269215156,12.024424672042402],[-72.04824348437629,12.024417593336436],[-72.04829023353244,12.0243969206846],[-72.04832921838202,12.024364299632849],[-72.04835733572979,12.02432232682067],[-72.04837234743799,12.024274343287416],[-72.0483730585811,12.024224168524468],[-72.04835941255998,12.024175796443064],[-72.04833249560455,12.024133077458927],[-72.04829445030802,12.024099411999781],[-72.0482483050752,12.024077479832378],[-72.0481977330618,12.024069026754237],[-72.0481467597927,12.024074725629117],[-72.04809944273255,12.024094122827433],[-72.04805954831384,12.024125674334929],[-72.04803025213067,12.024166868655334],[-72.04801388616195,12.024214426724322],[-72.048011753145,12.024264562921916],[-72.04802402287574,12.024313286407104],[-72.04804971869052,12.024356718788688],[-72.04808679520639,12.024391402845785],[-72.04813230113231,12.02441457772364],[-72.04818261419213,12.024424398698843],[-72.04819269215156,12.024424672042402]]]},"id":"00000000000000000069","properties":{"area_m2":1227.2,"blanqueami":72.5592,"blanqueamiento":72.5592,"circularid":0.0718,"circularidad":0.0718,"comp_humedad":0,"comp_suelo":1,"comp_vegetacion":0,"comp_verdor":0,"confianza":"baja","confusor":"Vegetación irregular","coord_x":5103566.511964007,"coord_y":2886931.485920867,"cumple_BSI":1,"cumple_GLI":0,"cumple_MSAVI":0,"cumple_MSI":0,"cumple_NDVI":1,"dif_BSI":0.015374408694507707,"dif_GLI":-0.001692280400935723,"dif_MSAVI":-0.011040900548080074,"dif_MSI":0.02552582043328755,"dif_NDVI":-0.04770899761625985,"distancia_":1.653,"distancia_similitud":1.653,"ext_BSI":0.17925353564730015,"ext_GLI":0.030723436821388075,"ext_MSAVI":0.18052986752891326,"ext_MSI":1.3269409897645137,"ext_NDVI":0.3362065102039327,"fid":106,"id_cand":"C106","int_BSI":0.19462794434180786,"int_GLI":0.029031156420452352,"int_MSAVI":0.16948896698083318,"int_MSI":1.3524668101978012,"int_NDVI":0.28849751258767287,"prioridad_espectral":"Baja","puntaje_componentes":1,"puntaje_indices":2,"radio_m":19.7643591427789,"vari":-0.0522,"zona":2}},{"type":"Feature","geometry":{"type":"Polygon","coordinates":[[[-72.12542156187003,11.85208999719579],[-72.1255053351603,11.852078314620723],[-72.12558244007658,11.852044196831356],[-72.12564673905368,11.851990359611419],[-72.12569311388977,11.851921088413734],[-72.12571787315629,11.851841897235037],[-72.12571904603296,11.85175908969888],[-72.12569653917973,11.85167925728543],[-72.12565214416009,11.85160875464954],[-72.12558939482699,11.851553193791876],[-72.12551328602531,11.851516997346511],[-72.12542987600268,11.851503046542446],[-72.12534580417717,11.851512451860282],[-72.12526776264569,11.851544464639028],[-72.12520196349948,11.851596536668803],[-72.12515364434617,11.851664523026056],[-72.12512665139766,11.851743012006349],[-72.12512313330933,11.851825755893051],[-72.12514337014188,11.851906168273633],[-72.12518575106196,11.851977848317839],[-72.12524690255881,11.85203509028527],[-72.12532195697229,11.852073337705079],[-72.12540493995914,11.852089546074264],[-72.12542156187003,11.85208999719579]]]},"id":"00000000000000000003","properties":{"area_m2":3342.6,"blanqueami":91.7299,"blanqueamiento":91.7299,"circularid":0.0605,"circularidad":0.0605,"comp_humedad":0,"comp_suelo":0,"comp_vegetacion":0,"comp_verdor":1,"confianza":"media","confusor":"Infraestructura","coord_x":5095222.604916884,"coord_y":2867840.2907874077,"cumple_BSI":0,"cumple_GLI":1,"cumple_MSAVI":0,"cumple_MSI":0,"cumple_NDVI":0,"dif_BSI":0.00598672947160564,"dif_GLI":-0.004501787376996914,"dif_MSAVI":-0.002368602803435399,"dif_MSI":0.004425543520007791,"dif_NDVI":-0.02721566363145722,"distancia_":0.277,"distancia_similitud":0.277,"ext_BSI":0.20798728317943346,"ext_GLI":0.006750613727696271,"ext_MSAVI":0.1554947367037555,"ext_MSI":1.4755008902773061,"ext_NDVI":0.34105567279183885,"fid":4,"id_cand":"C004","int_BSI":0.2139740126510391,"int_GLI":0.0022488263506993574,"int_MSAVI":0.1531261339003201,"int_MSI":1.479926433797314,"int_NDVI":0.31384000916038163,"prioridad_espectral":"Baja","puntaje_componentes":1,"puntaje_indices":1,"radio_m":32.61874653566471,"vari":-0.0062,"zona":0}},{"type":"Feature","geometry":{"type":"Polygon","coordinates":[[[-72.17255254291955,11.849899952354574],[-72.17267187081245,11.849883311383547],[-72.17278170016432,11.84983471309756],[-72.17287328853065,11.849758025935781],[-72.17293934547092,11.849659354216827],[-72.17297461286968,11.849546552228576],[-72.17297628347713,11.849428599020923],[-72.17294422435542,11.849314883669775],[-72.17288098744706,11.849214457906427],[-72.17279160642907,11.84913531560307],[-72.17268319602626,11.849083756466378],[-72.17256438568042,11.84906388458729],[-72.17244463265502,11.849077281760474],[-72.17233346924952,11.849122881575642],[-72.17223974404122,11.849197054302326],[-72.17217091754779,11.849293895811796],[-72.17213246837291,11.849405697539392],[-72.17212745710471,11.849523560080156],[-72.17215628268247,11.849638101577579],[-72.1722166506278,11.849740204518808],[-72.17230375567343,11.849821741491706],[-72.17241066425585,11.849876222132464],[-72.17252886642753,11.849899309765052],[-72.17255254291955,11.849899952354574]]]},"id":"0000000000000000004b","properties":{"area_m2":6782.1,"blanqueami":125.7281,"blanqueamiento":125.7281,"circularid":0.2402,"circularidad":0.2402,"comp_humedad":0,"comp_suelo":0,"comp_vegetacion":1,"comp_verdor":0,"confianza":"media","confusor":"Infraestructura","coord_x":5090091.799730478,"coord_y":2867568.6499094483,"cumple_BSI":0,"cumple_GLI":0,"cumple_MSAVI":1,"cumple_MSI":0,"cumple_NDVI":1,"dif_BSI":-0.00213518634717616,"dif_GLI":-5.621856374272418E-4,"dif_MSAVI":-0.07190321455513156,"dif_MSI":-0.04545934846241817,"dif_NDVI":-0.17893495847743035,"distancia_":1.213,"distancia_similitud":1.213,"ext_BSI":0.18388321195342755,"ext_GLI":0.001560354463569628,"ext_MSAVI":0.1513711867425173,"ext_MSI":1.358835844368599,"ext_NDVI":0.2964401441062131,"fid":76,"id_cand":"C076","int_BSI":0.1817480256062514,"int_GLI":9.98168826142386E-4,"int_MSAVI":0.07946797218738573,"int_MSI":1.3133764959061809,"int_NDVI":0.11750518562878276,"prioridad_espectral":"Baja","puntaje_componentes":1,"puntaje_indices":2,"radio_m":46.46299042342289,"vari":0.003,"zona":0}},{"type":"Feature","geometry":{"type":"Polygon","coordinates":[[[-72.15538405651746,11.843846793874723],[-72.15544733056434,11.843837969750565],[-72.15550556798561,11.84381219978],[-72.1555541330747,11.843771535257071],[-72.15558916004863,11.843719213083576],[-72.15560786076504,11.84365939810988],[-72.15560874665681,11.843596851611155],[-72.1555917472189,11.843536552288864],[-72.1555582156168,11.843483299966069],[-72.15551082097139,11.843441333522437],[-72.15545333589526,11.843413993481079],[-72.15539033619311,11.843403456104692],[-72.15532683662995,11.843410560166491],[-72.15526789175941,11.843434740184485],[-72.15521819358477,11.843474071433404],[-72.15518169807828,11.843525423151537],[-72.1551613102864,11.843584707747604],[-72.15515865308684,11.843647206171289],[-72.15517393800462,11.843707943548551],[-72.15520594837082,11.843762085181448],[-72.15525213616625,11.843805321390937],[-72.15530882484188,11.843834210568907],[-72.15537150197227,11.843846453132008],[-72.15538405651746,11.843846793874723]]]},"id":"00000000000000000052","properties":{"area_m2":1907.0,"blanqueami":126.9291,"blanqueamiento":126.9291,"circularid":0.1127,"circularidad":0.1127,"comp_humedad":0,"comp_suelo":1,"comp_vegetacion":0,"comp_verdor":0,"confianza":"media","confusor":"Infraestructura","coord_x":5091963.244896086,"coord_y":2866926.596101394,"cumple_BSI":1,"cumple_GLI":0,"cumple_MSAVI":0,"cumple_MSI":0,"cumple_NDVI":1,"dif_BSI":0.013941087310346961,"dif_GLI":0.0016287887707871762,"dif_MSAVI":-0.02224785900367174,"dif_MSI":0.022144236221609326,"dif_NDVI":-0.06648750295105277,"distancia_":1.323,"distancia_similitud":1.323,"ext_BSI":0.1600301850931306,"ext_GLI":0.02531475399458315,"ext_MSAVI":0.19463156731445672,"ext_MSI":1.3138188706784535,"ext_NDVI":0.36507817215318283,"fid":83,"id_cand":"C083","int_BSI":0.17397127240347757,"int_GLI":0.026943542765370327,"int_MSAVI":0.17238370831078498,"int_MSI":1.3359631069000628,"int_NDVI":0.29859066920213007,"prioridad_espectral":"Baja","puntaje_componentes":1,"puntaje_indices":2,"radio_m":24.637714036665187,"vari":-0.033,"zona":0}},{"type":"Feature","geometry":{"type":"Polygon","coordinates":[[[-72.15395011521393,11.841693655271083],[-72.15401012603195,11.841685286167392],[-72.15406535997856,11.841660845038438],[-72.1541114204245,11.841622277402033],[-72.15414464095662,11.841572653247225],[-72.15416237722484,11.841515922661548],[-72.15416321743113,11.841456601402564],[-72.15414709470576,11.841399411442639],[-72.15411529242694,11.84134890509988],[-72.15407034206085,11.841309102674483],[-72.15401582165555,11.841283172434283],[-72.15395607102872,11.841273178422268],[-72.15389584632008,11.841279916160053],[-72.153839941406,11.841302849324894],[-72.15379280631011,11.841340152440612],[-72.15375819298382,11.841388856184336],[-72.15373885665157,11.84144508374299],[-72.15373633649403,11.841504359406082],[-72.15375083312644,11.84156196483127],[-72.1537811926263,11.841613314624258],[-72.1538249983828,11.841654321336978],[-72.15387876345727,11.841681720829852],[-72.15393820814361,11.84169333209894],[-72.15395011521393,11.841693655271083]]]},"id":"00000000000000000079","properties":{"area_m2":1715.4,"blanqueami":105.7417,"blanqueamiento":105.7417,"circularid":0.1338,"circularidad":0.1338,"comp_humedad":0,"comp_suelo":0,"comp_vegetacion":0,"comp_verdor":1,"confianza":"media","confusor":"Vegetación irregular","coord_x":5092119.9863665,"coord_y":2866690.4278260823,"cumple_BSI":0,"cumple_GLI":1,"cumple_MSAVI":0,"cumple_MSI":0,"cumple_NDVI":1,"dif_BSI":0.008667637193121303,"dif_GLI":-0.003780414331607656,"dif_MSAVI":-0.013150987463064062,"dif_MSI":0.015917005302464204,"dif_NDVI":-0.06479790627093679,"distancia_":1.848,"distancia_similitud":1.848,"ext_BSI":0.1851099618949528,"ext_GLI":-5.596468132489599E-5,"ext_MSAVI":0.18128064787057116,"ext_MSI":1.3913669733231835,"ext_NDVI":0.35097814389744864,"fid":122,"id_cand":"C122","int_BSI":0.1937775990880741,"int_GLI":-0.003836379012932552,"int_MSAVI":0.1681296604075071,"int_MSI":1.4072839786256477,"int_NDVI":0.28618023762651185,"prioridad_espectral":"Baja","puntaje_componentes":1,"puntaje_indices":2,"radio_m":23.367258691589704,"vari":-0.0594,"zona":0}},{"type":"Feature","geometry":{"type":"Polygon","coordinates":[[[-71.95247327437333,11.92891362255553],[-71.95252260484438,11.928906745136851],[-71.95256800860292,11.92888666032434],[-71.95260587150494,11.928854966871748],[-71.95263317966231,11.92881418758144],[-71.95264775934864,11.928767568488203],[-71.95264845002691,11.928718820473852],[-71.95263519672648,11.928671823880435],[-71.9526090544163,11.928630319634951],[-71.95257210402757,11.928597611472151],[-71.95252728681048,11.928576302958232],[-71.95247817021102,11.928568090248097],[-71.95242866390362,11.928573627072286],[-71.95238270858319,11.928592472700394],[-71.95234396228815,11.928623127022977],[-71.95231550922205,11.928663149959451],[-71.95229961425149,11.928709355687428],[-71.95229754262195,11.928758066233115],[-71.9523094592424,11.928805404237378],[-71.95233441555635,11.928847601593416],[-71.95237042504483,11.928881299388587],[-71.95241462135225,11.928903815274829],[-71.95246348644835,11.928913356984665],[-71.95247327437333,11.92891362255553]]]},"id":"000000000000000000dd","properties":{"area_m2":1158.4,"blanqueami":114.4846,"blanqueamiento":114.4846,"circularid":0.2995,"circularidad":0.2995,"comp_humedad":0,"comp_suelo":1,"comp_vegetacion":0,"comp_verdor":0,"confianza":"media","confusor":"Infraestructura","coord_x":5114022.636994274,"coord_y":2876411.060267651,"cumple_BSI":1,"cumple_GLI":0,"cumple_MSAVI":0,"cumple_MSI":0,"cumple_NDVI":1,"dif_BSI":0.010755211329843029,"dif_GLI":-0.002138869860339808,"dif_MSAVI":-0.017082221275887488,"dif_MSI":-0.0025123031948113272,"dif_NDVI":-0.051333088364047846,"distancia_":3.917,"distancia_similitud":3.917,"ext_BSI":0.25178895645921856,"ext_GLI":-0.042505012420712134,"ext_MSAVI":0.15744531771829084,"ext_MSI":1.5771231587217807,"ext_NDVI":0.2672756524146773,"fid":222,"id_cand":"C222","int_BSI":0.2625441677890616,"int_GLI":-0.04464388228105194,"int_MSAVI":0.14036309644240336,"int_MSI":1.5746108555269693,"int_NDVI":0.21594256405062948,"prioridad_espectral":"Baja","puntaje_componentes":1,"puntaje_indices":2,"radio_m":19.20234808962964,"vari":-0.1119,"zona":1}},{"type":"Feature","geometry":{"type":"Polygon","coordinates":[[[-71.9420846805232,11.948099302155619],[-71.94214238062241,11.948091258451967],[-71.94219548778412,11.948067767621193],[-71.94223977467162,11.948030699537103],[-71.94227171604714,11.947983004824026],[-71.94228876938116,11.947928479985615],[-71.94228957723662,11.94787146520175],[-71.94227407531822,11.947816498849361],[-71.94224349758727,11.947767956247585],[-71.94220027803561,11.947729701383151],[-71.9421478569386,11.947704779338393],[-71.94209040700937,11.947695173904222],[-71.94203250125283,11.947701649671577],[-71.94197874895744,11.947723691170479],[-71.9419334287989,11.947759543901107],[-71.94190014825976,11.947806353990888],[-71.94188155647439,11.947860395361273],[-71.94187913335688,11.947917366322141],[-71.94189307179737,11.94797273198541],[-71.94192226230487,11.948022085242007],[-71.94196438131995,11.948061497568466],[-71.94201607616858,11.948087831738707],[-71.94207323193507,11.948098991548768],[-71.9420846805232,11.948099302155619]]]},"id":"00000000000000000018","properties":{"area_m2":1584.6,"blanqueami":108.9094,"blanqueamiento":108.9094,"circularid":0.0726,"circularidad":0.0726,"comp_humedad":0,"comp_suelo":0,"comp_vegetacion":1,"comp_verdor":0,"confianza":"media","confusor":"Vegetación irregular","coord_x":5115145.717061726,"coord_y":2878533.085765144,"cumple_BSI":0,"cumple_GLI":0,"cumple_MSAVI":1,"cumple_MSI":0,"cumple_NDVI":1,"dif_BSI":-0.009406390204384246,"dif_GLI":0.00573975673644556,"dif_MSAVI":-0.03993673828448813,"dif_MSI":-0.019110826912684287,"dif_NDVI":-0.09671326453787346,"distancia_":0.655,"distancia_similitud":0.655,"ext_BSI":0.15087825402597757,"ext_GLI":0.005903572551910209,"ext_MSAVI":0.1747881413902001,"ext_MSI":1.2634208214463087,"ext_NDVI":0.34641204001070197,"fid":25,"id_cand":"C025","int_BSI":0.14147186382159332,"int_GLI":0.011643329288355769,"int_MSAVI":0.13485140310571198,"int_MSI":1.2443099945336245,"int_NDVI":0.2496987754728285,"prioridad_espectral":"Baja","puntaje_componentes":1,"puntaje_indices":2,"radio_m":22.458714247410395,"vari":-0.0239,"zona":1}},{"type":"Feature","geometry":{"type":"Polygon","coordinates":[[[-71.88531783575382,11.978891444354835],[-71.88537908625233,11.978882906678326],[-71.88543546120032,11.978857973249394],[-71.8854824731444,11.978818628773132],[-71.88551637993214,11.97876800507532],[-71.8855344825877,11.978710131807372],[-71.8855353401491,11.978649615684516],[-71.88551888436575,11.978591273790283],[-71.88548642512772,11.978539750136617],[-71.88544054619543,11.97849914600141],[-71.88538489953076,11.978472693468316],[-71.88532391460124,11.978462498154622],[-71.8852624457966,11.978469371605463],[-71.88520538602263,11.978492766695398],[-71.88515727722947,11.978530821179211],[-71.88512194887464,11.978580505925406],[-71.88510221309913,11.978637866033367],[-71.88509964087967,11.978698335641843],[-71.88511443697622,11.978757101370467],[-71.88514542362952,11.978809485464666],[-71.88519013430758,11.978851318145747],[-71.88524501003992,11.978879269526766],[-71.88530568271177,11.97889111467327],[-71.88531783575382,11.978891444354835]]]},"id":"00000000000000000062","properties":{"area_m2":1785.2,"blanqueami":117.1343,"blanqueamiento":117.1343,"circularid":0.1758,"circularidad":0.1758,"comp_humedad":0,"comp_suelo":0,"comp_vegetacion":0,"comp_verdor":1,"confianza":"media","confusor":"Vegetación irregular","coord_x":5121311.117903394,"coord_y":2881960.175096597,"cumple_BSI":0,"cumple_GLI":1,"cumple_MSAVI":1,"cumple_MSI":0,"cumple_NDVI":0,"dif_BSI":-0.015411858752988061,"dif_GLI":-0.004831214509046572,"dif_MSAVI":-0.024486174125036245,"dif_MSI":-0.027800711816543977,"dif_NDVI":-0.040566320192034246,"distancia_":1.596,"distancia_similitud":1.596,"ext_BSI":0.19003135853643902,"ext_GLI":0.009556600529979,"ext_MSAVI":0.05987421757861333,"ext_MSI":1.3349553552619655,"ext_NDVI":0.09089516241034859,"fid":99,"id_cand":"C099","int_BSI":0.17461949978345095,"int_GLI":0.004725386020932428,"int_MSAVI":0.03538804345357709,"int_MSI":1.3071546434454215,"int_NDVI":0.050328842218314344,"prioridad_espectral":"Baja","puntaje_componentes":1,"puntaje_indices":2,"radio_m":23.837927947187506,"vari":-0.0491,"zona":1}},{"type":"Feature","geometry":{"type":"Polygon","coordinates":[[[-72.15662264637642,11.842773833600784],[-72.15667724831042,11.842766218850247],[-72.15672750392191,11.842743980734005],[-72.1567694128584,11.842708889409368],[-72.15679963916713,11.842663738150076],[-72.15681577683749,11.842612121000357],[-72.15681654131829,11.842558146687766],[-72.15680187176574,11.842506111567698],[-72.15677293588384,11.842460157633482],[-72.1567320369728,11.842423942814403],[-72.15668243058504,11.842400349805725],[-72.15662806538354,11.842391256607524],[-72.15657326882994,11.842397387036929],[-72.1565224027213,11.842418253112745],[-72.15647951599355,11.842452193898431],[-72.15644802242845,11.842496507711708],[-72.15643042891682,11.84254766717711],[-72.15642813590928,11.842601600003825],[-72.15644132593806,11.842654013139205],[-72.1564689490848,11.842700734495653],[-72.15650880655139,11.84273804504943],[-72.15655772568311,11.842762974876106],[-72.156611812512,11.842773539557916],[-72.15662264637642,11.842773833600784]]]},"id":"0000000000000000007d","properties":{"area_m2":1420.1,"blanqueami":122.009,"blanqueamiento":122.009,"circularid":0.1209,"circularidad":0.1209,"comp_humedad":0,"comp_suelo":0,"comp_vegetacion":0,"comp_verdor":0,"confianza":"baja","confusor":"Infraestructura","coord_x":5091828.456102903,"coord_y":2866811.335501813,"cumple_BSI":0,"cumple_GLI":0,"cumple_MSAVI":0,"cumple_MSI":0,"cumple_NDVI":1,"dif_BSI":-0.00684131511250452,"dif_GLI":0.0011226771980955602,"dif_MSAVI":-0.013142754329237588,"dif_MSI":-0.053544698088628495,"dif_NDVI":-0.0508800824420827,"distancia_":1.89,"distancia_similitud":1.89,"ext_BSI":0.19505506036766268,"ext_GLI":-0.004170810191510453,"ext_MSAVI":0.16955157450263764,"ext_MSI":1.39881713403449,"ext_NDVI":0.3087785525166497,"fid":126,"id_cand":"C126","int_BSI":0.18821374525515816,"int_GLI":-0.0030481329934148927,"int_MSAVI":0.15640882017340005,"int_MSI":1.3452724359458614,"int_NDVI":0.257898470074567,"prioridad_espectral":"Sin señal fuerte","puntaje_componentes":0,"puntaje_indices":1,"radio_m":21.2610411167845,"vari":-0.0555,"zona":0}},{"type":"Feature","geometry":{"type":"Polygon","coordinates":[[[-72.1177079665167,11.835118037859903],[-72.11779517135628,11.835105875983343],[-72.11787543466887,11.83507035844214],[-72.11794236747984,11.835014312440896],[-72.1179906419339,11.83494219925226],[-72.11801641539358,11.834859759096219],[-72.11801763631027,11.834773554215392],[-72.11799420752162,11.834690446518598],[-72.11794799397869,11.834617051372822],[-72.11788267428965,11.834559211021764],[-72.1178034478995,11.83452152954633],[-72.11771662121491,11.834507006383257],[-72.11762910561856,11.83451679757264],[-72.11754786732992,11.834550123738305],[-72.11747937290082,11.834604332125371],[-72.1174290744831,11.834675107757068],[-72.11740097583868,11.834756816903507],[-72.11739731363771,11.834842955523337],[-72.11741837941396,11.834926666983337],[-72.11746249635172,11.835001287846147],[-72.11752615275401,11.835060878281475],[-72.11760428157021,11.835100694879586],[-72.11769066373357,11.835117568230196],[-72.1177079665167,11.835118037859903]]]},"id":"00000000000000000010","properties":{"area_m2":3622.5,"blanqueami":78.4681,"blanqueamiento":78.4681,"circularid":0.0817,"circularidad":0.0817,"comp_humedad":0,"comp_suelo":0,"comp_vegetacion":0,"comp_verdor":0,"confianza":"baja","confusor":"Vegetación irregular","coord_x":5096068.544045049,"coord_y":2865965.4059013855,"cumple_BSI":0,"cumple_GLI":0,"cumple_MSAVI":0,"cumple_MSI":0,"cumple_NDVI":0,"dif_BSI":0.0010618029922412342,"dif_GLI":-0.0025179808101734417,"dif_MSAVI":0.008552916727396082,"dif_MSI":-0.017238698437186395,"dif_NDVI":-0.012863219023813655,"distancia_":0.461,"distancia_similitud":0.461,"ext_BSI":0.153410337596568,"ext_GLI":0.027020934822273787,"ext_MSAVI":0.1687129127782279,"ext_MSI":1.2885061275475236,"ext_NDVI":0.3734535222697198,"fid":17,"id_cand":"C017","int_BSI":0.15447214058880923,"int_GLI":0.024502954012100345,"int_MSAVI":0.17726582950562397,"int_MSI":1.2712674291103372,"int_NDVI":0.36059030324590613,"prioridad_espectral":"Sin señal fuerte","puntaje_componentes":0,"puntaje_indices":0,"radio_m":33.956995784385605,"vari":-0.0115,"zona":0}},{"type":"Feature","geometry":{"type":"Polygon","coordinates":[[[-72.1646311105995,11.850609154023527],[-72.16468266440401,11.850601964569684],[-72.16473011451808,11.85058096848977],[-72.16476968390737,11.850547837074648],[-72.16479822284727,11.850505207588805],[-72.16481345964135,11.850456473342867],[-72.16481418144735,11.850405513584983],[-72.16480033081744,11.850356384711985],[-72.16477301026859,11.850312997380177],[-72.16473439452002,11.850278805217705],[-72.16468755738455,11.850256529916841],[-72.16463622709327,11.850247944588485],[-72.16458448952986,11.850253732623482],[-72.16453646299665,11.850273433295126],[-72.16449597040014,11.850305478432718],[-72.16446623494934,11.850347317247099],[-72.1644496235889,11.850395619372282],[-72.16444745858941,11.850446539961451],[-72.16445991229276,11.850496025736026],[-72.16448599339115,11.850540137626554],[-72.16452362583313,11.850575364323179],[-72.16456981407593,11.850598901776978],[-72.16462088153092,11.85060887640345],[-72.1646311105995,11.850609154023527]]]},"id":"00000000000000000012","properties":{"area_m2":1265.9,"blanqueami":106.0246,"blanqueamiento":106.0246,"circularid":0.1418,"circularidad":0.1418,"comp_humedad":0,"comp_suelo":0,"comp_vegetacion":0,"comp_verdor":0,"confianza":"baja","confusor":"Vegetación irregular","coord_x":5090953.887904382,"coord_y":2867675.9897025,"cumple_BSI":0,"cumple_GLI":0,"cumple_MSAVI":0,"cumple_MSI":0,"cumple_NDVI":0,"dif_BSI":-0.014843810985285227,"dif_GLI":0.003179696059414974,"dif_MSAVI":-0.00793265738961546,"dif_MSI":-0.05975740244658945,"dif_NDVI":-0.03167676007822923,"distancia_":0.525,"distancia_similitud":0.525,"ext_BSI":0.21530643344863837,"ext_GLI":0.008173888130193551,"ext_MSAVI":0.14038317410369608,"ext_MSI":1.504351388168487,"ext_NDVI":0.2921114817802571,"fid":19,"id_cand":"C019","int_BSI":0.20046262246335314,"int_GLI":0.011353584189608525,"int_MSAVI":0.13245051671408062,"int_MSI":1.4445939857218975,"int_NDVI":0.26043472170202786,"prioridad_espectral":"Sin señal fuerte","puntaje_componentes":0,"puntaje_indices":0,"radio_m":20.073576784421373,"vari":-0.0049,"zona":0}},{"type":"Feature","geometry":{"type":"Polygon","coordinates":[[[-72.12908652301067,11.824693625366672],[-72.12913485213127,11.82468688497357],[-72.1291793342472,11.824667200330495],[-72.12921642857742,11.824636138337594],[-72.1292431824122,11.824596171532862],[-72.12925746614904,11.824550481277075],[-72.12925814280827,11.824502704516501],[-72.12924515853474,11.824456644281371],[-72.12921954688262,11.824415966964661],[-72.12918334654252,11.82438391047774],[-72.12913943906084,11.82436302651358],[-72.1290913194688,11.824354977433055],[-72.1290428180794,11.824360403941846],[-72.12899779559642,11.824378874090616],[-72.12895983580468,11.824408917657957],[-72.12893196030211,11.824448143179227],[-72.12891638798116,11.824493428306127],[-72.1289143584041,11.824541168344615],[-72.12892603313219,11.824587563187908],[-72.12895048286322,11.824628919804898],[-72.1289857614021,11.824661946205923],[-72.12902906057681,11.824684013486065],[-72.12907693376904,11.824693365087038],[-72.12908652301067,11.824693625366672]]]},"id":"00000000000000000015","properties":{"area_m2":1112.7,"blanqueami":79.9731,"blanqueamiento":79.9731,"circularid":0.0718,"circularidad":0.0718,"comp_humedad":0,"comp_suelo":0,"comp_vegetacion":0,"comp_verdor":0,"confianza":"baja","confusor":"Vegetación irregular","coord_x":5094832.986943824,"coord_y":2864824.061191511,"cumple_BSI":0,"cumple_GLI":0,"cumple_MSAVI":0,"cumple_MSI":0,"cumple_NDVI":0,"dif_BSI":5.393163325506378E-4,"dif_GLI":0.004471209577869527,"dif_MSAVI":0.001622692898362088,"dif_MSI":0.0019027207272519497,"dif_NDVI":-0.02041156431272484,"distancia_":0.61,"distancia_similitud":0.61,"ext_BSI":0.1256487479236212,"ext_GLI":0.020076522157907468,"ext_MSAVI":0.19345150760235863,"ext_MSI":1.2095062416747375,"ext_NDVI":0.4140542108741066,"fid":22,"id_cand":"C022","int_BSI":0.12618806425617185,"int_GLI":0.024547731735776995,"int_MSAVI":0.19507420050072072,"int_MSI":1.2114089624019895,"int_NDVI":0.39364264656138176,"prioridad_espectral":"Sin señal fuerte","puntaje_componentes":0,"puntaje_indices":0,"radio_m":18.819761166303465,"vari":-0.0016,"zona":0}},{"type":"Feature","geometry":{"type":"Polygon","coordinates":[[[-72.13437342096309,11.845332707037391],[-72.13445595629415,11.845321196816895],[-72.13453192179335,11.845287582371734],[-72.13459527059356,11.845234539419208],[-72.1346409601271,11.845166290188155],[-72.13466535351525,11.845088267326481],[-72.13466650906112,11.845006681459537],[-72.13464433480357,11.844928026822606],[-72.13460059583093,11.844858564319692],[-72.13453877377458,11.844803823157148],[-72.13446378966815,11.844768160721621],[-72.13438161223397,11.844754415735167],[-72.13429878277663,11.844763682295405],[-72.13422189450118,11.844795222786386],[-72.13415706770009,11.844846526592113],[-72.13410946258244,11.844913509939367],[-72.13408286852273,11.844990840963028],[-72.1340794024242,11.84507236411962],[-72.13409934020864,11.84515159016671],[-72.13414109484631,11.845222212706323],[-72.1342013426782,11.845278610175702],[-72.13427528797601,11.845316293326343],[-72.13435704468237,11.845332262571318],[-72.13437342096309,11.845332707037391]]]},"id":"00000000000000000025","properties":{"area_m2":3244.7,"blanqueami":75.3047,"blanqueamiento":75.3047,"circularid":0.0797,"circularidad":0.0797,"comp_humedad":0,"comp_suelo":0,"comp_vegetacion":0,"comp_verdor":0,"confianza":"baja","confusor":"Vegetación irregular","coord_x":5094250.365315421,"coord_y":2867090.8334423737,"cumple_BSI":0,"cumple_GLI":0,"cumple_MSAVI":0,"cumple_MSI":0,"cumple_NDVI":0,"dif_BSI":0.00633037200630282,"dif_GLI":0.006273054736464442,"dif_MSAVI":-0.007430518549018189,"dif_MSI":0.02398662184215894,"dif_NDVI":-0.022399801166335276,"distancia_":0.826,"distancia_similitud":0.826,"ext_BSI":0.2528869961289246,"ext_GLI":-0.021904552105639793,"ext_MSAVI":0.14878239431918291,"ext_MSI":1.6124632608462222,"ext_NDVI":0.30619152783185594,"fid":38,"id_cand":"C038","int_BSI":0.25921736813522744,"int_GLI":-0.01563149736917535,"int_MSAVI":0.14135187577016473,"int_MSI":1.636449882688381,"int_NDVI":0.28379172666552066,"prioridad_espectral":"Sin señal fuerte","puntaje_componentes":0,"puntaje_indices":0,"radio_m":32.13751838117787,"vari":-0.0288,"zona":0}},{"type":"Feature","geometry":{"type":"Polygon","coordinates":[[[-72.14411416793656,11.851436367353363],[-72.14416810619802,11.851428845396793],[-72.14421775096554,11.851406878276022],[-72.14425915050988,11.851372214577049],[-72.14428900942598,11.851327613534506],[-72.14430495094757,11.851276625395272],[-72.14430570613673,11.851223308817614],[-72.1442912148891,11.851171907801225],[-72.1442626307154,11.85112651386483],[-72.1442222289198,11.851090740361977],[-72.14417322548434,11.851067434859267],[-72.14411952107712,11.851058452471374],[-72.14406539056077,11.851064508194966],[-72.14401514271596,11.851085119995403],[-72.14397277726502,11.851118647176397],[-72.14394166649603,11.851162420978492],[-72.14392428682925,11.85121295701103],[-72.14392202169304,11.851266232608381],[-72.14393505140089,11.851318007033356],[-72.14396233879576,11.851364159039752],[-72.14400171180533,11.851401014924175],[-72.14405003633766,11.851425640953982],[-72.144103465755,11.851436076893725],[-72.14411416793656,11.851436367353363]]]},"id":"00000000000000000027","properties":{"area_m2":1385.7,"blanqueami":117.6006,"blanqueamiento":117.6006,"circularid":0.0802,"circularidad":0.0802,"comp_humedad":0,"comp_suelo":0,"comp_vegetacion":0,"comp_verdor":0,"confianza":"baja","confusor":"Vegetación irregular","coord_x":5093187.517705393,"coord_y":2867773.3753322246,"cumple_BSI":0,"cumple_GLI":0,"cumple_MSAVI":0,"cumple_MSI":0,"cumple_NDVI":1,"dif_BSI":-0.009320555062076047,"dif_GLI":0.005731700336053901,"dif_MSAVI":-0.01241077352678921,"dif_MSI":-0.025828971655186717,"dif_NDVI":-0.05085521483791172,"distancia_":0.848,"distancia_similitud":0.848,"ext_BSI":0.20443802730331534,"ext_GLI":-0.0028940594093644707,"ext_MSAVI":0.16296738705499528,"ext_MSI":1.4417886491827943,"ext_NDVI":0.31817185431511147,"fid":40,"id_cand":"C040","int_BSI":0.1951174722412393,"int_GLI":0.0028376409266894307,"int_MSAVI":0.15055661352820607,"int_MSI":1.4159596775276075,"int_NDVI":0.26731663947719975,"prioridad_espectral":"Sin señal fuerte","puntaje_componentes":0,"puntaje_indices":1,"radio_m":21.001952511251872,"vari":-0.0218,"zona":0}},{"type":"Feature","geometry":{"type":"Polygon","coordinates":[[[-72.13069988668525,11.85226241172759],[-72.1307692777498,11.85225273482874],[-72.13083314527184,11.852224474415307],[-72.13088640538709,11.852179880021477],[-72.13092481858817,11.852122501367942],[-72.13094532719,11.852056905801966],[-72.1309462987198,11.851988314734543],[-72.13092765585814,11.851922188014825],[-72.13089088258914,11.851863789326103],[-72.13083890607147,11.851817767197716],[-72.13077586363454,11.851787784984095],[-72.13070677344739,11.851776229263908],[-72.13063713507542,11.851784019870154],[-72.130572491719,11.851810536672163],[-72.13051798897925,11.851853668937505],[-72.13047796527127,11.851909983344733],[-72.13045560648719,11.85197499727362],[-72.13045269239764,11.852043535619682],[-72.13046945497851,11.852110142731151],[-72.13050455994106,11.85216951667869],[-72.13055521293744,11.852216931289988],[-72.13061738198849,11.852248612354952],[-72.13068611842951,11.85226203805506],[-72.13069988668525,11.85226241172759]]]},"id":"0000000000000000002d","properties":{"area_m2":2293.4,"blanqueami":94.0646,"blanqueamiento":94.0646,"circularid":0.065,"circularidad":0.065,"comp_humedad":0,"comp_suelo":0,"comp_vegetacion":0,"comp_verdor":0,"confianza":"baja","confusor":"Vegetación irregular","coord_x":5094647.967267123,"coord_y":2867863.2048885906,"cumple_BSI":0,"cumple_GLI":0,"cumple_MSAVI":0,"cumple_MSI":0,"cumple_NDVI":0,"dif_BSI":0.0039320972567041534,"dif_GLI":-0.0018026014531943527,"dif_MSAVI":-0.009853968425489926,"dif_MSI":-0.0068305416681717634,"dif_NDVI":-0.03330049630379961,"distancia_":0.934,"distancia_similitud":0.934,"ext_BSI":0.2348265488369787,"ext_GLI":-0.013023903848100976,"ext_MSAVI":0.11504835308607367,"ext_MSI":1.5318963571451254,"ext_NDVI":0.2300066527310503,"fid":46,"id_cand":"C046","int_BSI":0.23875864609368286,"int_GLI":-0.01482650530129533,"int_MSAVI":0.10519438466058374,"int_MSI":1.5250658154769536,"int_NDVI":0.1967061564272507,"prioridad_espectral":"Sin señal fuerte","puntaje_componentes":0,"puntaje_indices":0,"radio_m":27.01873226067251,"vari":-0.0371,"zona":0}},{"type":"Feature","geometry":{"type":"Polygon","coordinates":[[[-72.13515613680066,11.842737880415234],[-72.1352009999617,11.842731623827673],[-72.13524229200938,11.842713352090184],[-72.1352767260927,11.84268451963527],[-72.13530156125772,11.842647421529247],[-72.13531482062773,11.842605010784045],[-72.13531544876179,11.842560663296624],[-72.13530339566647,11.842517909127068],[-72.13527962077329,11.84248015150576],[-72.13524601656646,11.842450395936744],[-72.13520525794023,11.842431010960382],[-72.13516058927753,11.842423539618492],[-72.13511556619828,11.84242857662891],[-72.13507377253374,11.84244572104627],[-72.13503853505539,11.84247360817704],[-72.13501265866523,11.842510018208488],[-72.13499820312605,11.84255205290486],[-72.1349963191035,11.842596366306099],[-72.13500715657179,11.84263943106571],[-72.13502985287376,11.84267781922747],[-72.13506260138672,11.84270847509115],[-72.1351027953288,11.842728958447076],[-72.13514723525878,11.8427376388177],[-72.13515613680066,11.842737880415234]]]},"id":"00000000000000000032","properties":{"area_m2":958.7,"blanqueami":86.8446,"blanqueamiento":86.8446,"circularid":0.0733,"circularidad":0.0733,"comp_humedad":0,"comp_suelo":0,"comp_vegetacion":0,"comp_verdor":0,"confianza":"baja","confusor":"Vegetación irregular","coord_x":5094166.010223992,"coord_y":2866818.194245796,"cumple_BSI":0,"cumple_GLI":0,"cumple_MSAVI":0,"cumple_MSI":0,"cumple_NDVI":0,"dif_BSI":0.007865886802787825,"dif_GLI":0.0016408661174255948,"dif_MSAVI":-0.009667705491533035,"dif_MSI":0.021853303940161384,"dif_NDVI":-0.040391037254859596,"distancia_":0.981,"distancia_similitud":0.981,"ext_BSI":0.2545370611670877,"ext_GLI":-0.020828593816185986,"ext_MSAVI":0.14931195934818256,"ext_MSI":1.623804108664886,"ext_NDVI":0.30614222529323604,"fid":51,"id_cand":"C051","int_BSI":0.2624029479698755,"int_GLI":-0.01918772769876039,"int_MSAVI":0.13964425385664953,"int_MSI":1.6456574126050474,"int_NDVI":0.26575118803837644,"prioridad_espectral":"Sin señal fuerte","puntaje_componentes":0,"puntaje_indices":0,"radio_m":17.468934938467203,"vari":-0.0378,"zona":0}},{"type":"Feature","geometry":{"type":"Polygon","coordinates":[[[-72.17362186351205,11.824609471034815],[-72.1736978757244,11.824598869713531],[-72.17376783734811,11.82456790961721],[-72.17382617942661,11.824519055175836],[-72.17386825792778,11.824456195211257],[-72.17389072340978,11.824384333384367],[-72.17389178763453,11.824309189901301],[-72.17387136590688,11.824236746183544],[-72.17383108381115,11.824172768746712],[-72.1737741478099,11.824122350187254],[-72.17370509000708,11.824089503814136],[-72.17362940739318,11.824076844192037],[-72.17355312428805,11.824085379024085],[-72.17348231281011,11.824114428939543],[-72.17342260954094,11.824161681571143],[-72.17337876685716,11.824223375617642],[-72.17335427464239,11.824294600240826],[-72.17335108249063,11.824369685965783],[-72.17336944451428,11.8244426559695],[-72.17340789911148,11.824507701835776],[-72.1734633853049,11.824559645906362],[-72.17353148639276,11.824594353424821],[-72.17360678151859,11.8246090616658],[-72.17362186351205,11.824609471034815]]]},"id":"0000000000000000003e","properties":{"area_m2":2752.5,"blanqueami":116.2319,"blanqueamiento":116.2319,"circularid":0.1143,"circularidad":0.1143,"comp_humedad":0,"comp_suelo":0,"comp_vegetacion":0,"comp_verdor":0,"confianza":"baja","confusor":"Vegetación irregular","coord_x":5089983.662647575,"coord_y":2864789.1784237083,"cumple_BSI":0,"cumple_GLI":0,"cumple_MSAVI":0,"cumple_MSI":0,"cumple_NDVI":1,"dif_BSI":0.007996755411490558,"dif_GLI":3.6020515602810596E-4,"dif_MSAVI":-0.015917598385987997,"dif_MSI":0.015696814458114217,"dif_NDVI":-0.05155080866443795,"distancia_":1.108,"distancia_similitud":1.108,"ext_BSI":0.21076149270768743,"ext_GLI":0.020155553174585786,"ext_MSAVI":0.1608160820089801,"ext_MSI":1.451171943502069,"ext_NDVI":0.2933987078220893,"fid":63,"id_cand":"C063","int_BSI":0.218758248119178,"int_GLI":0.020515758330613892,"int_MSAVI":0.1448984836229921,"int_MSI":1.4668687579601831,"int_NDVI":0.24184789915765137,"prioridad_espectral":"Sin señal fuerte","puntaje_componentes":0,"puntaje_indices":1,"radio_m":29.599796649992104,"vari":-0.0344,"zona":0}},{"type":"Feature","geometry":{"type":"Polygon","coordinates":[[[-72.14634285589668,11.84719071888566],[-72.14639167307202,11.847183910984425],[-72.14643660439339,11.847164029190626],[-72.14647407332288,11.847132656097665],[-72.14650109733265,11.847092289007174],[-72.14651552531431,11.847046141142748],[-72.14651620880645,11.846997885876336],[-72.1465030934102,11.846951364327246],[-72.14647722311717,11.846910279608998],[-72.14644065720591,11.846877902062063],[-72.14639630632223,11.846856808935714],[-72.14634770079208,11.846848679240074],[-72.14629870960897,11.846854160097758],[-72.14625323246415,11.846872815233281],[-72.14621488933335,11.84690315970034],[-72.1461867323283,11.846942778082752],[-72.14617100274909,11.846988516760542],[-72.14616895267586,11.847036734937053],[-72.14618074530154,11.847083594445733],[-72.1462054419394,11.84712536526807],[-72.14624107674064,11.847158722443593],[-72.14628481317473,11.847181010737657],[-72.14633316981748,11.847190455999202],[-72.14634285589668,11.84719071888566]]]},"id":"00000000000000000043","properties":{"area_m2":1135.1,"blanqueami":128.3485,"blanqueamiento":128.3485,"circularid":0.0756,"circularidad":0.0756,"comp_humedad":0,"comp_suelo":0,"comp_vegetacion":0,"comp_verdor":0,"confianza":"baja","confusor":"Vegetación irregular","coord_x":5092946.490289871,"coord_y":2867305.0707224957,"cumple_BSI":0,"cumple_GLI":0,"cumple_MSAVI":0,"cumple_MSI":0,"cumple_NDVI":0,"dif_BSI":-0.009399396418328182,"dif_GLI":0.004859247760090616,"dif_MSAVI":-0.017288885803375814,"dif_MSI":-0.03243240702901451,"dif_NDVI":-0.044498847757387855,"distancia_":1.163,"distancia_similitud":1.163,"ext_BSI":0.19719653022426106,"ext_GLI":-0.0018283607218445744,"ext_MSAVI":0.14962428337599434,"ext_MSI":1.4105891057894249,"ext_NDVI":0.2920251761201813,"fid":68,"id_cand":"C068","int_BSI":0.18779713380593288,"int_GLI":0.0030308870382460417,"int_MSAVI":0.13233539757261853,"int_MSI":1.3781566987604104,"int_NDVI":0.24752632836279345,"prioridad_espectral":"Sin señal fuerte","puntaje_componentes":0,"puntaje_indices":0,"radio_m":19.008249572415153,"vari":-0.0214,"zona":0}},{"type":"Feature","geometry":{"type":"Polygon","coordinates":[[[-72.16855791299966,11.850022865887743],[-72.16860288252737,11.850016594633601],[-72.16864427247488,11.849998280063831],[-72.16867878819838,11.849969380020404],[-72.16870368224535,11.849932194949686],[-72.16871697305207,11.849889684786017],[-72.16871760267531,11.84984523334008],[-72.1687055210031,11.84980237894705],[-72.16868168974173,11.849764532815096],[-72.1686480058623,11.84973470749369],[-72.16860715060102,11.849715277075475],[-72.16856237603297,11.849707788219424],[-72.16851724620805,11.849712837037494],[-72.16847535345447,11.849730021644437],[-72.16844003243119,11.84975797414764],[-72.16841409469038,11.849794469530739],[-72.16839960487833,11.849836602764004],[-72.16839771638887,11.849881020043853],[-72.16840857955177,11.849924185755057],[-72.1684313296646,11.849962663905629],[-72.1684641558214,11.849993391632227],[-72.16850444505981,11.850013923004866],[-72.168548990353,11.850022623723866],[-72.16855791299966,11.850022865887743]]]},"id":"00000000000000000045","properties":{"area_m2":963.2,"blanqueami":121.3474,"blanqueamiento":121.3474,"circularid":0.1567,"circularidad":0.1567,"comp_humedad":0,"comp_suelo":0,"comp_vegetacion":0,"comp_verdor":0,"confianza":"baja","confusor":"Vegetación irregular","coord_x":5090526.464589737,"coord_y":2867612.299168372,"cumple_BSI":0,"cumple_GLI":0,"cumple_MSAVI":0,"cumple_MSI":0,"cumple_NDVI":1,"dif_BSI":-0.0036162566061669343,"dif_GLI":0.008161646964615158,"dif_MSAVI":-0.019200061543606567,"dif_MSI":-0.02291217100401055,"dif_NDVI":-0.06273622974437254,"distancia_":1.167,"distancia_similitud":1.167,"ext_BSI":0.2027560966379443,"ext_GLI":0.012371942659843047,"ext_MSAVI":0.14574055967429067,"ext_MSI":1.4463371236472815,"ext_NDVI":0.29876747158544686,"fid":70,"id_cand":"C070","int_BSI":0.19913984003177737,"int_GLI":0.020533589624458205,"int_MSAVI":0.1265404981306841,"int_MSI":1.423424952643271,"int_NDVI":0.23603124184107432,"prioridad_espectral":"Sin señal fuerte","puntaje_componentes":0,"puntaje_indices":1,"radio_m":17.509885275815694,"vari":-0.0323,"zona":0}},{"type":"Feature","geometry":{"type":"Polygon","coordinates":[[[-72.13532862782479,11.84298237959324],[-72.13537647998537,11.84297570616744],[-72.1354205231074,11.842956217095665],[-72.13545725135388,11.84292546371054],[-72.13548374115534,11.842885893984818],[-72.13549788392626,11.842840657671726],[-72.1354985539078,11.842793355583664],[-72.13548569777619,11.842747752966927],[-72.13546033888542,11.842707479788096],[-72.13542449580622,11.842675741789224],[-72.13538102164705,11.842655065311694],[-72.13533337694673,11.842647096200496],[-72.13528535421699,11.842652468795768],[-72.13524077606046,11.842670755439682],[-72.1352031908936,11.842700500517763],[-72.13517559049428,11.842739336325062],[-72.13516017185667,11.84278417153445],[-72.13515816230972,11.842831437265282],[-72.13516972182022,11.842877371165658],[-72.13519393025715,11.84291831689556],[-72.13522886063234,11.84295101517199],[-72.13527173248761,11.842972863208804],[-72.13531913321938,11.842982121899537],[-72.13532862782479,11.84298237959324]]]},"id":"0000000000000000004e","properties":{"area_m2":1090.7,"blanqueami":89.6004,"blanqueamiento":89.6004,"circularid":0.1275,"circularidad":0.1275,"comp_humedad":0,"comp_suelo":0,"comp_vegetacion":0,"comp_verdor":0,"confianza":"baja","confusor":"Vegetación irregular","coord_x":5094147.3170219725,"coord_y":2866843.8141922965,"cumple_BSI":0,"cumple_GLI":0,"cumple_MSAVI":0,"cumple_MSI":0,"cumple_NDVI":0,"dif_BSI":-0.008533311854838466,"dif_GLI":0.006605717961113162,"dif_MSAVI":-0.005854715850288517,"dif_MSI":-0.040082207211481036,"dif_NDVI":-0.03343168284948994,"distancia_":1.259,"distancia_similitud":1.259,"ext_BSI":0.26567057128564797,"ext_GLI":-0.028420283919347592,"ext_MSAVI":0.14161975852932576,"ext_MSI":1.6498534291397395,"ext_NDVI":0.28074485145600575,"fid":79,"id_cand":"C079","int_BSI":0.2571372594308095,"int_GLI":-0.02181456595823443,"int_MSAVI":0.13576504267903725,"int_MSI":1.6097712219282585,"int_NDVI":0.2473131686065158,"prioridad_espectral":"Sin señal fuerte","puntaje_componentes":0,"puntaje_indices":0,"radio_m":18.632782746027512,"vari":-0.0453,"zona":0}},{"type":"Feature","geometry":{"type":"Polygon","coordinates":[[[-72.13473687117899,11.844407081902407],[-72.13485607961348,11.844390457256262],[-72.13496579901594,11.844341906645457],[-72.1350572956939,11.844265294714178],[-72.1351232865052,11.844166719792636],[-72.13515851859827,11.844054028463592],[-72.13516018753359,11.843936190968448],[-72.1351281605062,11.84382258717238],[-72.13506498690391,11.84372225992693],[-72.1349756953645,11.843643195262315],[-72.13486739349027,11.843591686705206],[-72.1347487020842,11.843571834320457],[-72.1346290689423,11.843585218351002],[-72.13451801682136,11.843630773432688],[-72.13442438544054,11.843704873395799],[-72.13435562784883,11.84380161990354],[-72.1343172171653,11.843913311953335],[-72.1343122109141,11.844031058870558],[-72.13434100763504,11.844145488002319],[-72.13440131514668,11.8442474907801],[-72.13448833299216,11.844328947764819],[-72.13459513454913,11.844383374959776],[-72.13471321838936,11.844406439943265],[-72.13473687117899,11.844407081902407]]]},"id":"0000000000000000005f","properties":{"area_m2":6768.8,"blanqueami":97.1179,"blanqueamiento":97.1179,"circularid":0.0783,"circularidad":0.0783,"comp_humedad":0,"comp_suelo":0,"comp_vegetacion":0,"comp_verdor":0,"confianza":"baja","confusor":"Vegetación irregular","coord_x":5094211.192686979,"coord_y":2866973.813825227,"cumple_BSI":0,"cumple_GLI":0,"cumple_MSAVI":0,"cumple_MSI":0,"cumple_NDVI":1,"dif_BSI":-0.00625947969844487,"dif_GLI":0.001410174987036255,"dif_MSAVI":-0.01288944814630058,"dif_MSI":-0.03513849071656261,"dif_NDVI":-0.054599763154333625,"distancia_":1.555,"distancia_similitud":1.555,"ext_BSI":0.2616289217881903,"ext_GLI":-0.02566708372486745,"ext_MSAVI":0.14405643248197422,"ext_MSI":1.6371728491880144,"ext_NDVI":0.28057866666538883,"fid":96,"id_cand":"C096","int_BSI":0.25536944208974544,"int_GLI":-0.024256908737831196,"int_MSAVI":0.13116698433567364,"int_MSI":1.6020343584714518,"int_NDVI":0.2259789035110552,"prioridad_espectral":"Sin señal fuerte","puntaje_componentes":0,"puntaje_indices":1,"radio_m":46.417410069938654,"vari":-0.0529,"zona":0}},{"type":"Feature","geometry":{"type":"Polygon","coordinates":[[[-72.13708034795313,11.851311569167873],[-72.13712910992321,11.85130476906802],[-72.13717399043365,11.851284910057378],[-72.13721141699115,11.851253572915798],[-72.13723841044063,11.851213252083186],[-72.13725282210635,11.851167157100994],[-72.13725350482558,11.851118957131746],[-72.13724040426098,11.851072488893093],[-72.13721456322355,11.851031451255052],[-72.13717803866311,11.850999110810509],[-72.13713373793392,11.850978041855399],[-72.13708518736965,11.850969921475818],[-72.13703625158853,11.850975396052826],[-72.13699082587183,11.850994029810876],[-72.13695252610164,11.851024339505308],[-72.13692440093813,11.851063912487833],[-72.13690868914684,11.8511095987523],[-72.13690664139197,11.851157761674154],[-72.1369184206819,11.851204567485105],[-72.13694308939142,11.851246290440988],[-72.1369786838948,11.85127960939151],[-72.13702237086923,11.851301872144733],[-72.1370706728275,11.851311306582666],[-72.13708034795313,11.851311569167873]]]},"id":"00000000000000000064","properties":{"area_m2":1132.5,"blanqueami":94.3119,"blanqueamiento":94.3119,"circularid":0.0606,"circularidad":0.0606,"comp_humedad":0,"comp_suelo":0,"comp_vegetacion":0,"comp_verdor":0,"confianza":"baja","confusor":"Vegetación irregular","coord_x":5093953.649964169,"coord_y":2867763.565798842,"cumple_BSI":0,"cumple_GLI":0,"cumple_MSAVI":0,"cumple_MSI":0,"cumple_NDVI":0,"dif_BSI":-0.00888953413285748,"dif_GLI":0.0072152343180245,"dif_MSAVI":-0.00464988318333126,"dif_MSI":-0.035638757327973725,"dif_NDVI":-0.020555398172893258,"distancia_":1.612,"distancia_similitud":1.612,"ext_BSI":0.24303417029187932,"ext_GLI":-0.03136582936035993,"ext_MSAVI":0.1447821910416732,"ext_MSI":1.533607919657303,"ext_NDVI":0.2773439482116822,"fid":101,"id_cand":"C101","int_BSI":0.23414463615902184,"int_GLI":-0.024150595042335427,"int_MSAVI":0.14013230785834194,"int_MSI":1.4979691623293292,"int_NDVI":0.2567885500387889,"prioridad_espectral":"Sin señal fuerte","puntaje_componentes":0,"puntaje_indices":0,"radio_m":18.98646744666166,"vari":-0.0544,"zona":0}},{"type":"Feature","geometry":{"type":"Polygon","coordinates":[[[-72.17304561497131,11.8433969901955],[-72.1731079024188,11.843388303647142],[-72.17316523177438,11.843362935452896],[-72.17321303961367,11.843322904925277],[-72.17324752043089,11.843271398499875],[-72.17326592955763,11.843212516093336],[-72.17326680163696,11.843150944748395],[-72.17325006726293,11.843091585544263],[-72.17321705850163,11.843039163470685],[-72.1731704028557,11.842997851319662],[-72.17311381411338,11.842970937532785],[-72.17305179673139,11.84296056444304],[-72.17298928728246,11.84296755774649],[-72.17293126150742,11.842991360777457],[-72.17288233824989,11.843030078818714],[-72.17284641179874,11.843080629919708],[-72.17282634190349,11.84313899021811],[-72.17282372613703,11.843200514237589],[-72.17283877272588,11.84326030466666],[-72.17287028397183,11.843313602184546],[-72.17291575158546,11.843356164303916],[-72.1729715563442,11.84338460307441],[-72.17303325618263,11.84339665476526],[-72.17304561497131,11.8433969901955]]]},"id":"0000000000000000006a","properties":{"area_m2":1848.0,"blanqueami":99.4178,"blanqueamiento":99.4178,"circularid":0.0916,"circularidad":0.0916,"comp_humedad":0,"comp_suelo":0,"comp_vegetacion":0,"comp_verdor":0,"confianza":"baja","confusor":"Vegetación irregular","coord_x":5090040.152423643,"coord_y":2866871.9734414523,"cumple_BSI":0,"cumple_GLI":0,"cumple_MSAVI":0,"cumple_MSI":0,"cumple_NDVI":0,"dif_BSI":-0.0042188954954730795,"dif_GLI":-0.001373374657480372,"dif_MSAVI":-0.015704893697204292,"dif_MSI":-0.04943094654127167,"dif_NDVI":-0.041281440411860215,"distancia_":1.668,"distancia_similitud":1.668,"ext_BSI":0.21704620792423096,"ext_GLI":-0.002999768148018451,"ext_MSAVI":0.1656795770384738,"ext_MSI":1.4867782046171432,"ext_NDVI":0.2956223435616681,"fid":107,"id_cand":"C107","int_BSI":0.21282731242875788,"int_GLI":-0.004373142805498823,"int_MSAVI":0.1499746833412695,"int_MSI":1.4373472580758715,"int_NDVI":0.2543409031498079,"prioridad_espectral":"Sin señal fuerte","puntaje_componentes":0,"puntaje_indices":0,"radio_m":24.253590861306396,"vari":-0.0556,"zona":0}},{"type":"Feature","geometry":{"type":"Polygon","coordinates":[[[-72.13992446439103,11.85300268487241],[-72.13999076094188,11.852993439542983],[-72.14005178027469,11.852966439484723],[-72.14010266524191,11.852923833907079],[-72.14013936539813,11.852869014220373],[-72.14015895941611,11.852806344077552],[-72.14015988762294,11.852740812025575],[-72.14014207614643,11.852677634415956],[-72.14010694279138,11.85262184018313],[-72.14005728417874,11.852577870542296],[-72.13999705313277,11.852549225470487],[-72.13993104403663,11.852538185110364],[-72.139864511202,11.852545628272468],[-72.13980275062974,11.852570962482543],[-72.13975067845222,11.852612171142038],[-72.13971243961201,11.85266597404794],[-72.13969107792536,11.852728088494946],[-72.13968829379297,11.852793570176962],[-72.13970430884486,11.852857206752628],[-72.13973784829447,11.852913932747544],[-72.13978624240819,11.852959232766949],[-72.13984563901398,11.852989500922888],[-72.13991131013448,11.85300232786489],[-72.13992446439103,11.85300268487241]]]},"id":"0000000000000000007e","properties":{"area_m2":2093.4,"blanqueami":104.7063,"blanqueamiento":104.7063,"circularid":0.1165,"circularidad":0.1165,"comp_humedad":0,"comp_suelo":0,"comp_vegetacion":0,"comp_verdor":0,"confianza":"baja","confusor":"Vegetación irregular","coord_x":5093643.417563297,"coord_y":2867942.913385666,"cumple_BSI":0,"cumple_GLI":0,"cumple_MSAVI":0,"cumple_MSI":0,"cumple_NDVI":0,"dif_BSI":-0.02700520770105272,"dif_GLI":0.015226392665828422,"dif_MSAVI":-0.0032564114898811225,"dif_MSI":-0.10252693908112165,"dif_NDVI":-0.005223427712814477,"distancia_":1.894,"distancia_similitud":1.894,"ext_BSI":0.25484504631808647,"ext_GLI":-0.034285926271042294,"ext_MSAVI":0.13643605090646616,"ext_MSI":1.5701023458637013,"ext_NDVI":0.2576056442148521,"fid":127,"id_cand":"C127","int_BSI":0.22783983861703375,"int_GLI":-0.019059533605213872,"int_MSAVI":0.13317963941658503,"int_MSI":1.4675754067825797,"int_NDVI":0.2523822165020376,"prioridad_espectral":"Sin señal fuerte","puntaje_componentes":0,"puntaje_indices":0,"radio_m":25.81375439057921,"vari":-0.0607,"zona":0}},{"type":"Feature","geometry":{"type":"Polygon","coordinates":[[[-72.16284774200214,11.828417243390785],[-72.16289429522551,11.828410750768024],[-72.16293714280611,11.82839178971339],[-72.16297287407225,11.828361869529209],[-72.16299864481415,11.828323371865253],[-72.16301240368333,11.828279361138472],[-72.16301305547917,11.828233340604486],[-72.16300054832516,11.828188973497888],[-72.16297587779627,11.82814979143874],[-72.16294100766955,11.828118913316136],[-72.1628987136064,11.828098797025488],[-72.16285236221029,11.828091043821052],[-72.16280564304625,11.82809627085685],[-72.16276227495345,11.828114062061545],[-72.16272571002756,11.828143001257493],[-72.16269885883533,11.828180784887792],[-72.1626838587339,11.828224405378423],[-72.16268190373647,11.828270390540242],[-72.1626931494673,11.828315079954637],[-72.16271670077191,11.828354916342748],[-72.16275068296966,11.82838672872535],[-72.16279239107735,11.828407984833628],[-72.16283850512589,11.828416992678777],[-72.16284774200214,11.828417243390785]]]},"id":"00000000000000000099","properties":{"area_m2":1032.4,"blanqueami":120.0723,"blanqueamiento":120.0723,"circularid":0.0761,"circularidad":0.0761,"comp_humedad":0,"comp_suelo":0,"comp_vegetacion":0,"comp_verdor":0,"confianza":"baja","confusor":"Vegetación irregular","coord_x":5091155.402680345,"coord_y":2865225.331145405,"cumple_BSI":0,"cumple_GLI":0,"cumple_MSAVI":0,"cumple_MSI":0,"cumple_NDVI":1,"dif_BSI":0.0027862842050462855,"dif_GLI":0.004508073044763904,"dif_MSAVI":-0.020224052565379708,"dif_MSI":-0.0024441598226572214,"dif_NDVI":-0.06065356349707457,"distancia_":2.196,"distancia_similitud":2.196,"ext_BSI":0.18492861369455546,"ext_GLI":0.014590147253339009,"ext_MSAVI":0.18003338322827214,"ext_MSI":1.3558198747009431,"ext_NDVI":0.3396975206416326,"fid":154,"id_cand":"C154","int_BSI":0.18771489789960175,"int_GLI":0.019098220298102913,"int_MSAVI":0.15980933066289243,"int_MSI":1.353375714878286,"int_NDVI":0.27904395714455804,"prioridad_espectral":"Sin señal fuerte","puntaje_componentes":0,"puntaje_indices":1,"radio_m":18.12796531594612,"vari":-0.065,"zona":0}},{"type":"Feature","geometry":{"type":"Polygon","coordinates":[[[-72.15015653731277,11.850841498267725],[-72.15022645850621,11.850831747389185],[-72.15029081395866,11.850803270925494],[-72.15034448096647,11.850758335608512],[-72.15038318763354,11.850700518296525],[-72.150403852915,11.850634421254115],[-72.15040483186654,11.850565305809845],[-72.15038604657819,11.850498673553279],[-72.15034899237145,11.850439828408382],[-72.1502966187677,11.850393454442308],[-72.15023309470433,11.85036324301566],[-72.15016347668781,11.850351598952386],[-72.15009330629849,11.850359449117551],[-72.15002816908513,11.850386168639627],[-72.14997324995971,11.850429630649732],[-72.14993292048156,11.850486375578852],[-72.14991039088221,11.850551886537312],[-72.14990745452937,11.850620948857136],[-72.14992434517129,11.850688065178261],[-72.14995971832575,11.850747893038209],[-72.15001075829696,11.850795670133142],[-72.15007340230254,11.850827593399172],[-72.15014266387129,11.85084112173848],[-72.15015653731277,11.850841498267725]]]},"id":"000000000000000000ab","properties":{"area_m2":2328.6,"blanqueami":114.7454,"blanqueamiento":114.7454,"circularid":0.0777,"circularidad":0.0777,"comp_humedad":0,"comp_suelo":0,"comp_vegetacion":0,"comp_verdor":0,"confianza":"baja","confusor":"Vegetación irregular","coord_x":5092529.858685699,"coord_y":2867699.0349396984,"cumple_BSI":0,"cumple_GLI":0,"cumple_MSAVI":0,"cumple_MSI":0,"cumple_NDVI":1,"dif_BSI":-0.010097381327012434,"dif_GLI":0.0013777300250472947,"dif_MSAVI":-0.015942212824279836,"dif_MSI":-0.08154541589443332,"dif_NDVI":-0.06331107063350042,"distancia_":2.393,"distancia_similitud":2.393,"ext_BSI":0.2357913948625526,"ext_GLI":-0.020192060407385016,"ext_MSAVI":0.14027661529543656,"ext_MSI":1.5390813695885859,"ext_NDVI":0.2736942820751114,"fid":172,"id_cand":"C172","int_BSI":0.22569401353554017,"int_GLI":-0.01881433038233772,"int_MSAVI":0.12433440247115672,"int_MSI":1.4575359536941526,"int_NDVI":0.21038321144161096,"prioridad_espectral":"Sin señal fuerte","puntaje_componentes":0,"puntaje_indices":1,"radio_m":27.225289731563464,"vari":-0.0719,"zona":0}},{"type":"Feature","geometry":{"type":"Polygon","coordinates":[[[-72.17147337464696,11.828077434618018],[-72.17153106022504,11.82806938939172],[-72.17158415402159,11.828045894114192],[-72.17162842976387,11.828008819013165],[-72.17166036310124,11.827961115271473],[-72.17167741214402,11.827906580111394],[-72.1716782197966,11.827849554534392],[-72.17166272177975,11.827794577776528],[-72.17163215174413,11.827746025985238],[-72.17158894306901,11.827707763878779],[-72.17153653516395,11.827682837116004],[-72.17147909969205,11.827673229863416],[-72.17142120850755,11.82767970685671],[-72.17136746973908,11.827701752528311],[-72.17132216098567,11.827737612046223],[-72.171288888822,11.827784430997559],[-72.17127030171575,11.827838482598334],[-72.17126787920847,11.827895464344063],[-72.17128181414164,11.82795084048819],[-72.17131099730331,11.828000203087388],[-72.17135310571877,11.828039622874554],[-72.1714047875577,11.828065962029791],[-72.17146192894006,11.828077123952372],[-72.17147337464696,11.828077434618018]]]},"id":"000000000000000000e1","properties":{"area_m2":1585.2,"blanqueami":105.626,"blanqueamiento":105.626,"circularid":0.0675,"circularidad":0.0675,"comp_humedad":0,"comp_suelo":0,"comp_vegetacion":0,"comp_verdor":0,"confianza":"baja","confusor":"Vegetación irregular","coord_x":5090216.414269214,"coord_y":2865180.476340254,"cumple_BSI":0,"cumple_GLI":0,"cumple_MSAVI":0,"cumple_MSI":0,"cumple_NDVI":0,"dif_BSI":-0.005996537656984158,"dif_GLI":0.0049971840282397526,"dif_MSAVI":-0.009724778747024765,"dif_MSI":-0.054357212179039216,"dif_NDVI":-0.03569748317476612,"distancia_":5.183,"distancia_similitud":5.183,"ext_BSI":0.2811978275391909,"ext_GLI":-0.04668247806118415,"ext_MSAVI":0.13563613878345265,"ext_MSI":1.6641374410255718,"ext_NDVI":0.2580103827561469,"fid":226,"id_cand":"C226","int_BSI":0.27520128988220677,"int_GLI":-0.041685294032944395,"int_MSAVI":0.1259113600364279,"int_MSI":1.6097802288465326,"int_NDVI":0.22231289958138079,"prioridad_espectral":"Sin señal fuerte","puntaje_componentes":0,"puntaje_indices":0,"radio_m":22.462965778777853,"vari":-0.1455,"zona":0}},{"type":"Feature","geometry":{"type":"Polygon","coordinates":[[[-71.88724429314831,11.95833794588],[-71.88729875457193,11.958330353952654],[-71.88734888085763,11.958308182489255],[-71.88739068194721,11.958273196341565],[-71.88742083047255,11.958228180411254],[-71.8874369266146,11.958176717970382],[-71.88743768912785,11.958122905431681],[-71.88742305732515,11.958071026273357],[-71.88739419590569,11.95802521007417],[-71.88735340224244,11.957989103799678],[-71.88730392351013,11.95796558150498],[-71.88724969821033,11.95795651556131],[-71.88719504266847,11.957962627616325],[-71.88714430745699,11.957983431151435],[-71.88710153109247,11.95801727020836],[-71.88707011857167,11.958061451202438],[-71.88705257033433,11.958112457330632],[-71.88705028322727,11.958166228507778],[-71.88706343931308,11.958218484548544],[-71.88709099137527,11.95826506587005],[-71.88713074627411,11.958302264595318],[-71.88717953951927,11.958327119701462],[-71.88723348716333,11.958337652718448],[-71.88724429314831,11.95833794588]]]},"id":"00000000000000000042","properties":{"area_m2":1411.6,"blanqueami":124.4811,"blanqueamiento":124.4811,"circularid":0.1438,"circularidad":0.1438,"comp_humedad":0,"comp_suelo":0,"comp_vegetacion":0,"comp_verdor":0,"confianza":"baja","confusor":"Erosión","coord_x":5121110.772313935,"coord_y":2879689.9585144212,"cumple_BSI":0,"cumple_GLI":0,"cumple_MSAVI":0,"cumple_MSI":0,"cumple_NDVI":0,"dif_BSI":-0.020483622228374965,"dif_GLI":3.641356818813368E-4,"dif_MSAVI":-0.0037363027722640894,"dif_MSI":-0.052220044596592796,"dif_NDVI":-0.006394203743132415,"distancia_":1.161,"distancia_similitud":1.161,"ext_BSI":0.15374825238092715,"ext_GLI":0.006906472791020683,"ext_MSAVI":0.0033126991952239365,"ext_MSI":1.2674443268242155,"ext_NDVI":0.005881596557709329,"fid":67,"id_cand":"C067","int_BSI":0.1332646301525522,"int_GLI":0.00727060847290202,"int_MSAVI":-4.2360357704015306E-4,"int_MSI":1.2152242822276227,"int_NDVI":-5.126071854230868E-4,"prioridad_espectral":"Sin señal fuerte","puntaje_componentes":0,"puntaje_indices":0,"radio_m":21.197316701343095,"vari":-0.0285,"zona":1}},{"type":"Feature","geometry":{"type":"Polygon","coordinates":[[[-71.87942968634422,11.973422197671285],[-71.8794757266722,11.973415780004222],[-71.87951810218392,11.973397037850214],[-71.87955343978447,11.973367463087058],[-71.87957892659985,11.973329409868992],[-71.87959253388205,11.973285907235038],[-71.87959317849678,11.973240417996605],[-71.87958080913903,11.973196563097163],[-71.87955641041519,11.973157833385102],[-71.87952192446654,11.973127311742711],[-71.87948009637397,11.973107427689616],[-71.87943425564968,11.973099763993988],[-71.87938805120933,11.973104930684963],[-71.8793451609201,11.97312251649464],[-71.87930899884458,11.973151121594801],[-71.87928244348262,11.973188469022524],[-71.87926760864327,11.973231585925493],[-71.87926567518481,11.973277040200124],[-71.87927679701691,11.973321213686411],[-71.8793000888474,11.973360590173398],[-71.87933369664974,11.973392035290011],[-71.87937494524259,11.973413046001845],[-71.8794205512343,11.97342194985368],[-71.87942968634422,11.973422197671285]]]},"id":"00000000000000000054","properties":{"area_m2":1008.7,"blanqueami":122.1521,"blanqueamiento":122.1521,"circularid":0.1523,"circularidad":0.1523,"comp_humedad":0,"comp_suelo":0,"comp_vegetacion":0,"comp_verdor":0,"confianza":"baja","confusor":"Erosión","coord_x":5121954.7854603175,"coord_y":2881364.3249680735,"cumple_BSI":0,"cumple_GLI":0,"cumple_MSAVI":0,"cumple_MSI":0,"cumple_NDVI":0,"dif_BSI":-0.022446342223843035,"dif_GLI":0.004099647485214179,"dif_MSAVI":-0.010292041513173762,"dif_MSI":-0.04655708370482792,"dif_NDVI":-0.018821958713550906,"distancia_":1.378,"distancia_similitud":1.378,"ext_BSI":0.17083909842500455,"ext_GLI":0.0013992917950333237,"ext_MSAVI":0.02229829274418019,"ext_MSI":1.267603131282038,"ext_NDVI":0.03726076264433354,"fid":85,"id_cand":"C085","int_BSI":0.14839275620116152,"int_GLI":0.005498939280247503,"int_MSAVI":0.012006251231006428,"int_MSI":1.22104604757721,"int_NDVI":0.018438803930782635,"prioridad_espectral":"Sin señal fuerte","puntaje_componentes":0,"puntaje_indices":0,"radio_m":17.918682490450845,"vari":-0.0394,"zona":1}},{"type":"Feature","geometry":{"type":"Polygon","coordinates":[[[-71.87737910631547,11.968725575394725],[-71.8774582353949,11.968714545214077],[-71.87753106578148,11.968682332677089],[-71.87759180016401,11.968631501908632],[-71.87763560408271,11.968566099046988],[-71.87765899075318,11.968491330168405],[-71.87766009861207,11.968413146880781],[-71.87763883949268,11.968337772574063],[-71.87759690563712,11.968271207038335],[-71.87753763498876,11.968218748882004],[-71.8774657454893,11.968184573765129],[-71.87738695953128,11.968171402019767],[-71.87730754845914,11.968180282113776],[-71.87723383337588,11.968210507193763],[-71.87717168198888,11.968259671349935],[-71.87712604154459,11.968323861124484],[-71.87710054502895,11.968397967020003],[-71.87709722197962,11.968476090212786],[-71.87711633693016,11.968552012097456],[-71.87715636834714,11.96861968928771],[-71.87721412973923,11.968673734671203],[-71.87728502329875,11.968709846226194],[-71.87736340588755,11.968725149465346],[-71.87737910631547,11.968725575394725]]]},"id":"00000000000000000061","properties":{"area_m2":2979.7,"blanqueami":129.5785,"blanqueamiento":129.5785,"circularid":0.0759,"circularidad":0.0759,"comp_humedad":0,"comp_suelo":0,"comp_vegetacion":0,"comp_verdor":0,"confianza":"baja","confusor":"Erosión","coord_x":5122179.889482893,"coord_y":2880833.2610696414,"cumple_BSI":0,"cumple_GLI":0,"cumple_MSAVI":0,"cumple_MSI":0,"cumple_NDVI":0,"dif_BSI":-0.015140127781352014,"dif_GLI":0.00620660955533927,"dif_MSAVI":-0.0020599944482129068,"dif_MSI":-0.02645659923901089,"dif_NDVI":-0.004391827783105859,"distancia_":1.588,"distancia_similitud":1.588,"ext_BSI":0.15546986681701727,"ext_GLI":0.003997573462494138,"ext_MSAVI":0.054648311198329025,"ext_MSI":1.2561287954333251,"ext_NDVI":0.09872632208476839,"fid":98,"id_cand":"C098","int_BSI":0.14032973903566526,"int_GLI":0.010204183017833409,"int_MSAVI":0.05258831675011612,"int_MSI":1.2296721961943142,"int_NDVI":0.09433449430166253,"prioridad_espectral":"Sin señal fuerte","puntaje_componentes":0,"puntaje_indices":0,"radio_m":30.79720714386032,"vari":-0.041,"zona":1}},{"type":"Feature","geometry":{"type":"Polygon","coordinates":[[[-71.85955650620127,11.971062435611847],[-71.85963367164723,11.97105167924474],[-71.85970469470647,11.9710202663527],[-71.85976392193162,11.970970697408509],[-71.85980663883275,11.970906918108806],[-71.85982944515176,11.970834005293888],[-71.85983052552048,11.970757762828729],[-71.8598097939595,11.970684259613808],[-71.85976890071649,11.970619346500522],[-71.85971110090163,11.970568190564855],[-71.85964099537843,11.970534863810556],[-71.85956416453541,11.97052201904037],[-71.85948672409079,11.970530678695086],[-71.85941483828645,11.970560153468167],[-71.85935422921986,11.970608097173937],[-71.85930972136897,11.970670693501999],[-71.85928485756493,11.970742959792858],[-71.85928161698085,11.970819143655074],[-71.85930025758509,11.97089318085394],[-71.85933929560146,11.970959178024355],[-71.85939562361277,11.971011881783943],[-71.85946475790853,11.971047096904675],[-71.8595411953885,11.97106202025575],[-71.85955650620127,11.971062435611847]]]},"id":"00000000000000000076","properties":{"area_m2":2833.6,"blanqueami":107.2874,"blanqueamiento":107.2874,"circularid":0.064,"circularidad":0.064,"comp_humedad":0,"comp_suelo":0,"comp_vegetacion":0,"comp_verdor":0,"confianza":"baja","confusor":"Erosión","coord_x":5124118.935811264,"coord_y":2881100.3118729847,"cumple_BSI":0,"cumple_GLI":0,"cumple_MSAVI":0,"cumple_MSI":0,"cumple_NDVI":0,"dif_BSI":-6.29161769643588E-4,"dif_GLI":-0.0031530899344502823,"dif_MSAVI":-7.432476131656891E-4,"dif_MSI":-0.009385802252067643,"dif_NDVI":-0.0022215154304209214,"distancia_":1.789,"distancia_similitud":1.789,"ext_BSI":0.13612304369764477,"ext_GLI":0.008563502923325477,"ext_MSAVI":0.012306432018376253,"ext_MSI":1.2164934007681756,"ext_NDVI":0.021460416539493835,"fid":119,"id_cand":"C119","int_BSI":0.1354938819280012,"int_GLI":0.005410412988875195,"int_MSAVI":0.011563184405210564,"int_MSI":1.207107598516108,"int_NDVI":0.019238901109072913,"prioridad_espectral":"Sin señal fuerte","puntaje_componentes":0,"puntaje_indices":0,"radio_m":30.03269707319656,"vari":-0.0575,"zona":1}},{"type":"Feature","geometry":{"type":"Polygon","coordinates":[[[-71.87034664996364,11.978593139352201],[-71.87039752657553,11.978586047679725],[-71.87044435340164,11.97856533716049],[-71.87048340302142,11.978532656354695],[-71.87051156708397,11.978490606658248],[-71.87052660373297,11.978442535230489],[-71.87052731605768,11.978392268559205],[-71.87051364736482,11.978343807871529],[-71.87048668568906,11.978301010636248],[-71.8704485771833,11.978267283509881],[-71.8704023552838,11.978245311167889],[-71.87035169924896,11.978236842605694],[-71.87030064129178,11.978242551919575],[-71.87025324561804,11.978261984649013],[-71.87021328491792,11.978293593951467],[-71.87018394006152,11.978334863730188],[-71.8701675469021,11.978382508914372],[-71.87016541034137,11.978432736949669],[-71.87017770045735,11.978481549684776],[-71.87020343896371,11.978525061624218],[-71.87024057707924,11.9785598092143],[-71.87028615860962,11.978583026543042],[-71.8703365552605,11.978592865507943],[-71.87034664996364,11.978593139352201]]]},"id":"00000000000000000082","properties":{"area_m2":1231.7,"blanqueami":119.9766,"blanqueamiento":119.9766,"circularid":0.1199,"circularidad":0.1199,"comp_humedad":0,"comp_suelo":0,"comp_vegetacion":0,"comp_verdor":0,"confianza":"baja","confusor":"Erosión","coord_x":5122941.061285126,"coord_y":2881938.083325875,"cumple_BSI":0,"cumple_GLI":0,"cumple_MSAVI":0,"cumple_MSI":0,"cumple_NDVI":0,"dif_BSI":-0.01950217982722474,"dif_GLI":-0.0016635088637152863,"dif_MSAVI":-0.014735748336545632,"dif_MSI":-0.0353215166785954,"dif_NDVI":-0.027169545888280834,"distancia_":1.938,"distancia_similitud":1.938,"ext_BSI":0.17156064857065484,"ext_GLI":4.7626143652116786E-4,"ext_MSAVI":0.025910532340982968,"ext_MSI":1.2843797273790152,"ext_NDVI":0.04290286475583931,"fid":131,"id_cand":"C131","int_BSI":0.1520584687434301,"int_GLI":-0.0011872474271941184,"int_MSAVI":0.011174784004437336,"int_MSI":1.2490582107004198,"int_NDVI":0.015733318867558473,"prioridad_espectral":"Sin señal fuerte","puntaje_componentes":0,"puntaje_indices":0,"radio_m":19.800562790299043,"vari":-0.0577,"zona":1}},{"type":"Feature","geometry":{"type":"Polygon","coordinates":[[[-71.87965503931098,11.976285136917223],[-71.87970162237609,11.976278643665554],[-71.87974449742293,11.976259680774278],[-71.87978025159347,11.976229757691943],[-71.8798060388547,11.976191256299057],[-71.87981980654327,11.976147241309434],[-71.87982045875656,11.976101216318035],[-71.87980794358492,11.976056844914266],[-71.87978325724166,11.976017659060222],[-71.87974836476263,11.975986777947035],[-71.87970604358851,11.97596665970812],[-71.8796596624807,11.975958905752787],[-71.87961291336926,11.975964133294823],[-71.87956951747704,11.975981926222593],[-71.87953292911247,11.976010868221334],[-71.87950606070805,11.976048655511072],[-71.87949105099102,11.976092280226545],[-71.87948909474007,11.976138269842334],[-71.87950034767927,11.97618296358529],[-71.87952391408048,11.976222803831988],[-71.87955791806142,11.976254619296013],[-71.8795996529049,11.97627587746324],[-71.87964579651364,11.976284886180927],[-71.87965503931098,11.976285136917223]]]},"id":"00000000000000000084","properties":{"area_m2":1032.6,"blanqueami":119.5689,"blanqueamiento":119.5689,"circularid":0.2975,"circularidad":0.2975,"comp_humedad":0,"comp_suelo":0,"comp_vegetacion":0,"comp_verdor":0,"confianza":"baja","confusor":"Erosión","coord_x":5121928.708498445,"coord_y":2881680.2346105245,"cumple_BSI":0,"cumple_GLI":0,"cumple_MSAVI":0,"cumple_MSI":0,"cumple_NDVI":0,"dif_BSI":-0.024713518776959847,"dif_GLI":-0.0019790560151854908,"dif_MSAVI":-0.02023172741034961,"dif_MSI":-0.07176967774899023,"dif_NDVI":-0.044281216846911074,"distancia_":1.944,"distancia_similitud":1.944,"ext_BSI":0.18727470009109587,"ext_GLI":3.9398394301888427E-4,"ext_MSAVI":0.042486913479555015,"ext_MSI":1.3356957444858901,"ext_NDVI":0.07517110195567353,"fid":133,"id_cand":"C133","int_BSI":0.16256118131413602,"int_GLI":-0.0015850720721666065,"int_MSAVI":0.022255186069205405,"int_MSI":1.2639260667369,"int_NDVI":0.030889885108762456,"prioridad_espectral":"Sin señal fuerte","puntaje_componentes":0,"puntaje_indices":0,"radio_m":18.129721136117407,"vari":-0.0581,"zona":1}},{"type":"Feature","geometry":{"type":"Polygon","coordinates":[[[-71.87771027550706,11.975687693149636],[-71.87776412930253,11.975680186407574],[-71.87781369632748,11.975658263719245],[-71.87785503104098,11.97562367013386],[-71.87788484319844,11.97557915930503],[-71.87790075975563,11.975528274298656],[-71.87790151376187,11.975475065563632],[-71.87788704520696,11.97542376851539],[-71.8778585057954,11.975378466396775],[-71.87781816726829,11.97534276525261],[-71.87776924057148,11.975319506889715],[-71.87771562026467,11.975310542670417],[-71.877661574516,11.975316586145153],[-71.87761140535859,11.975337156254295],[-71.87756910625122,11.975370615620205],[-71.877538044201,11.975414300881539],[-71.87752069175018,11.975464734695507],[-71.8775184301608,11.975517902533094],[-71.8775314394641,11.975569572234786],[-71.87755868412725,11.975615630890346],[-71.87759799547945,11.975652412227085],[-71.87764624433666,11.975676988446322],[-71.87769959008484,11.975687403277506],[-71.87771027550706,11.975687693149636]]]},"id":"00000000000000000087","properties":{"area_m2":1380.1,"blanqueami":124.1111,"blanqueamiento":124.1111,"circularid":0.0958,"circularidad":0.0958,"comp_humedad":0,"comp_suelo":0,"comp_vegetacion":0,"comp_verdor":0,"confianza":"baja","confusor":"Erosión","coord_x":5122140.74832418,"coord_y":2881612.457676133,"cumple_BSI":0,"cumple_GLI":0,"cumple_MSAVI":0,"cumple_MSI":0,"cumple_NDVI":0,"dif_BSI":-0.017440160852211478,"dif_GLI":9.894939798876597E-4,"dif_MSAVI":-0.01066014631738732,"dif_MSI":-0.051627160569081676,"dif_NDVI":-0.019052168302140297,"distancia_":1.976,"distancia_similitud":1.976,"ext_BSI":0.17333235184454532,"ext_GLI":0.00140302346493305,"ext_MSAVI":0.022684784365494703,"ext_MSI":1.2838362049089649,"ext_NDVI":0.035800540255158775,"fid":136,"id_cand":"C136","int_BSI":0.15589219099233384,"int_GLI":0.0023925174448207096,"int_MSAVI":0.012024638048107383,"int_MSI":1.2322090443398832,"int_NDVI":0.016748371953018478,"prioridad_espectral":"Sin señal fuerte","puntaje_componentes":0,"puntaje_indices":0,"radio_m":20.959472176613836,"vari":-0.0571,"zona":1}},{"type":"Feature","geometry":{"type":"Polygon","coordinates":[[[-71.87904001428977,11.981855567441977],[-71.87914323183126,11.981841180150179],[-71.87923823322562,11.981799163507603],[-71.8793174563406,11.981732862050794],[-71.8793745950113,11.981647553391241],[-71.87940510101235,11.981550028112647],[-71.8794065460927,11.981448049235981],[-71.87937881525605,11.981349734280267],[-71.87932411590461,11.981262909107915],[-71.87924680212116,11.981194484988613],[-71.87915302807968,11.981149908466616],[-71.87905025817402,11.981132727820727],[-71.87894667285836,11.981144310625139],[-71.87885051749254,11.981183734892165],[-71.87876944602111,11.981247862461359],[-71.87870991172653,11.981331588793564],[-71.8786766535498,11.981428249287486],[-71.87867231886739,11.981530149777301],[-71.87869725275199,11.981629178985326],[-71.8787494704949,11.981717454179307],[-71.87882481557973,11.981787948640179],[-71.87891729053636,11.981835050993155],[-71.8790195343398,11.981855011878066],[-71.87904001428977,11.981855567441977]]]},"id":"0000000000000000008b","properties":{"area_m2":5069.5,"blanqueami":113.9463,"blanqueamiento":113.9463,"circularid":0.1022,"circularidad":0.1022,"comp_humedad":0,"comp_suelo":0,"comp_vegetacion":0,"comp_verdor":0,"confianza":"baja","confusor":"Erosión","coord_x":5121993.365495019,"coord_y":2882274.578241081,"cumple_BSI":0,"cumple_GLI":0,"cumple_MSAVI":0,"cumple_MSI":0,"cumple_NDVI":0,"dif_BSI":-0.010848001681670605,"dif_GLI":1.558840961673573E-4,"dif_MSAVI":-0.006432664400403645,"dif_MSI":-0.020732375421870453,"dif_NDVI":-0.011541643362713846,"distancia_":2.022,"distancia_similitud":2.022,"ext_BSI":0.1949063904379424,"ext_GLI":0.004789912230288439,"ext_MSAVI":0.02917321010709249,"ext_MSI":1.334691537682311,"ext_NDVI":0.04131837903248108,"fid":140,"id_cand":"C140","int_BSI":0.18405838875627178,"int_GLI":0.004945796326455796,"int_MSAVI":0.022740545706688844,"int_MSI":1.3139591622604405,"int_NDVI":0.029776735669767237,"prioridad_espectral":"Sin señal fuerte","puntaje_componentes":0,"puntaje_indices":0,"radio_m":40.17053606822701,"vari":-0.0621,"zona":1}},{"type":"Feature","geometry":{"type":"Polygon","coordinates":[[[-71.8790079155418,11.975288436891496],[-71.87911807965392,11.975273080955951],[-71.87921947466758,11.975228235486775],[-71.87930402951555,11.97515747019675],[-71.87936501362627,11.975066418020637],[-71.87939757267914,11.974962326728056],[-71.87939911500384,11.974853481995906],[-71.8793695178679,11.974748547865364],[-71.87931113723475,11.974655877084048],[-71.87922862021921,11.974582846230167],[-71.8791285351721,11.97453526854189],[-71.87901884884053,11.974516931189136],[-71.87890829222202,11.97452929381925],[-71.87880566558776,11.974571372370905],[-71.87871913799219,11.974639817404146],[-71.87865559702426,11.974729180711826],[-71.87862010055777,11.97483234899142],[-71.87861547414053,11.974941110058692],[-71.87864208607185,11.975046806534177],[-71.87869781807437,11.975141024970114],[-71.87877823389891,11.975216265563493],[-71.87887693244424,11.97526653914521],[-71.87898605728515,11.9752878439235],[-71.8790079155418,11.975288436891496]]]},"id":"00000000000000000091","properties":{"area_m2":5775.1,"blanqueami":131.3967,"blanqueamiento":131.3967,"circularid":0.1113,"circularidad":0.1113,"comp_humedad":0,"comp_suelo":0,"comp_vegetacion":0,"comp_verdor":0,"confianza":"baja","confusor":"Erosión","coord_x":5121999.6337483665,"coord_y":2881546.0897402675,"cumple_BSI":0,"cumple_GLI":0,"cumple_MSAVI":0,"cumple_MSI":0,"cumple_NDVI":0,"dif_BSI":-0.006541163330056221,"dif_GLI":-4.031987109286882E-5,"dif_MSAVI":-0.01000212856665017,"dif_MSI":-0.025993444321728232,"dif_NDVI":-0.019623411732982893,"distancia_":2.1,"distancia_similitud":2.1,"ext_BSI":0.1734668269828766,"ext_GLI":2.6018834925529776E-4,"ext_MSAVI":0.02190788561247996,"ext_MSI":1.3000937801579004,"ext_NDVI":0.036440798308108834,"fid":146,"id_cand":"C146","int_BSI":0.16692566365282038,"int_GLI":2.1986847816242894E-4,"int_MSAVI":0.01190575704582979,"int_MSI":1.2741003358361722,"int_NDVI":0.01681738657512594,"prioridad_espectral":"Sin señal fuerte","puntaje_componentes":0,"puntaje_indices":0,"radio_m":42.875067623270404,"vari":-0.0571,"zona":1}},{"type":"Feature","geometry":{"type":"Polygon","coordinates":[[[-71.8802650316859,11.973378824297232],[-71.88035286183018,11.973366581442964],[-71.88043370067267,11.973330827414543],[-71.88050111342612,11.973274408241158],[-71.88054973403179,11.973201814900253],[-71.88057569229872,11.973118825832186],[-71.88057692196816,11.973032046973135],[-71.88055332518162,11.9729483859206],[-71.88050678026332,11.972874502088525],[-71.88044099219914,11.972816276619792],[-71.88036119771672,11.972778344250397],[-71.88027374844248,11.972763724388008],[-71.88018560531671,11.972773580769887],[-71.8801037845096,11.972807128830611],[-71.88003479894108,11.97286169815265],[-71.87998413985753,11.972932945029088],[-71.87995583973012,11.973015198219217],[-71.87995215126747,11.973101910375984],[-71.87997336809441,11.97318617921265],[-71.88001780137208,11.973261296924539],[-71.88008191422314,11.973321284131925],[-71.88016060326365,11.973361365841743],[-71.88024760483265,11.973378351540573],[-71.8802650316859,11.973378824297232]]]},"id":"00000000000000000095","properties":{"area_m2":3670.9,"blanqueami":127.0748,"blanqueamiento":127.0748,"circularid":0.1416,"circularidad":0.1416,"comp_humedad":0,"comp_suelo":0,"comp_vegetacion":0,"comp_verdor":0,"confianza":"baja","confusor":"Erosión","coord_x":5121863.932939376,"coord_y":2881342.95686778,"cumple_BSI":0,"cumple_GLI":0,"cumple_MSAVI":0,"cumple_MSI":0,"cumple_NDVI":0,"dif_BSI":-0.013862836522418848,"dif_GLI":0.0015256173223817807,"dif_MSAVI":-0.01434827455472291,"dif_MSI":-0.030895728203951256,"dif_NDVI":-0.02651360246394891,"distancia_":2.131,"distancia_similitud":2.131,"ext_BSI":0.17305187502611774,"ext_GLI":0.0016511499312177006,"ext_MSAVI":0.02343299315764913,"ext_MSI":1.2814726319376284,"ext_NDVI":0.039057143162098594,"fid":150,"id_cand":"C150","int_BSI":0.1591890385036989,"int_GLI":0.0031767672535994813,"int_MSAVI":0.00908471860292622,"int_MSI":1.2505769037336771,"int_NDVI":0.012543540698149683,"prioridad_espectral":"Sin señal fuerte","puntaje_componentes":0,"puntaje_indices":0,"radio_m":34.183091744195366,"vari":-0.0603,"zona":1}},{"type":"Feature","geometry":{"type":"Polygon","coordinates":[[[-71.88236100135138,11.977148848296896],[-71.88244727323226,11.977136822820777],[-71.88252667784988,11.977101703623383],[-71.88259289458186,11.97704628620107],[-71.88264065257285,11.976974981791491],[-71.88266615029573,11.976893466235712],[-71.88266735815037,11.976808228178115],[-71.88264418001395,11.976726052568385],[-71.8825984608854,11.97665348057943],[-71.88253384001743,11.976596288931766],[-71.8824554612289,11.976559030069634],[-71.8823695634575,11.976544669789831],[-71.88228298414468,11.976554351166982],[-71.88220261498188,11.976587303565942],[-71.88213485333874,11.976640903983581],[-71.88208509303733,11.976710885837386],[-71.8820572950055,11.976791678582078],[-71.8820536719844,11.976876851121817],[-71.88207451238887,11.976959623723353],[-71.88211815734263,11.977033407682503],[-71.8821811327185,11.97709232978661],[-71.88225842567557,11.977131699825222],[-71.88234388368161,11.977148383934276],[-71.88236100135138,11.977148848296896]]]},"id":"00000000000000000097","properties":{"area_m2":3541.7,"blanqueami":116.6698,"blanqueamiento":116.6698,"circularid":0.0698,"circularidad":0.0698,"comp_humedad":0,"comp_suelo":0,"comp_vegetacion":0,"comp_verdor":0,"confianza":"baja","confusor":"Erosión","coord_x":5121634.081944898,"coord_y":2881759.424280518,"cumple_BSI":0,"cumple_GLI":0,"cumple_MSAVI":0,"cumple_MSI":0,"cumple_NDVI":0,"dif_BSI":-0.00979299629360475,"dif_GLI":-0.0011474073752921986,"dif_MSAVI":-0.01750582256960438,"dif_MSI":-0.019703578260638732,"dif_NDVI":-0.032978511892023075,"distancia_":2.17,"distancia_similitud":2.17,"ext_BSI":0.19002463903282574,"ext_GLI":0.0029117614607975227,"ext_MSAVI":0.043278246608108605,"ext_MSI":1.3350375999693314,"ext_NDVI":0.0694146295319348,"fid":152,"id_cand":"C152","int_BSI":0.180231642739221,"int_GLI":0.001764354085505324,"int_MSAVI":0.025772424038504226,"int_MSI":1.3153340217086926,"int_NDVI":0.03643611763991172,"prioridad_espectral":"Sin señal fuerte","puntaje_componentes":0,"puntaje_indices":0,"radio_m":33.57615409627987,"vari":-0.0653,"zona":1}},{"type":"Feature","geometry":{"type":"Polygon","coordinates":[[[-71.88197951311767,11.975506497982655],[-71.88202419643504,11.975500269520587],[-71.88206532295457,11.975482079920786],[-71.88209961900135,11.975453377077605],[-71.88212435460908,11.975416445740262],[-71.88213756082581,11.975374225645924],[-71.88213818644168,11.975330077515734],[-71.8821261816637,11.975287515540941],[-71.88210250207732,11.975249927653229],[-71.88206903258036,11.975220305845832],[-71.88202843734416,11.975201008011688],[-71.8819839477458,11.975193570256083],[-71.88193910515163,11.975198584623383],[-71.8818974790263,11.975215651970615],[-71.88186238280517,11.975243413739044],[-71.88183661014617,11.975279660094772],[-71.88182221255504,11.975321505830653],[-71.88182033608484,11.97536562002788],[-71.88183113010858,11.975408491196603],[-71.88185373542734,11.975446706790429],[-71.8818863526607,11.975477224845529],[-71.88192638547665,11.975497616121782],[-71.88197064725955,11.975506257471187],[-71.88197951311767,11.975506497982655]]]},"id":"0000000000000000009d","properties":{"area_m2":950.1,"blanqueami":117.5763,"blanqueamiento":117.5763,"circularid":0.1795,"circularidad":0.1795,"comp_humedad":0,"comp_suelo":0,"comp_vegetacion":0,"comp_verdor":0,"confianza":"baja","confusor":"Erosión","coord_x":5121676.210407719,"coord_y":2881593.9675087975,"cumple_BSI":0,"cumple_GLI":0,"cumple_MSAVI":0,"cumple_MSI":0,"cumple_NDVI":0,"dif_BSI":-7.292140397716085E-5,"dif_GLI":6.541630473445657E-4,"dif_MSAVI":-0.015975378055173427,"dif_MSI":-0.025585113311833885,"dif_NDVI":-0.03286710940329774,"distancia_":2.235,"distancia_similitud":2.235,"ext_BSI":0.18449807190395062,"ext_GLI":-8.76025055875721E-4,"ext_MSAVI":0.0369427995813892,"ext_MSI":1.331256871500924,"ext_NDVI":0.06216920772209096,"fid":158,"id_cand":"C158","int_BSI":0.18442515049997346,"int_GLI":-2.2186200853115535E-4,"int_MSAVI":0.020967421526215772,"int_MSI":1.3056717581890902,"int_NDVI":0.02930209831879322,"prioridad_espectral":"Sin señal fuerte","puntaje_componentes":0,"puntaje_indices":0,"radio_m":17.390406058031523,"vari":-0.0668,"zona":1}},{"type":"Feature","geometry":{"type":"Polygon","coordinates":[[[-71.87134821606635,11.979158548405298],[-71.87144015364115,11.979145733279967],[-71.87152477296054,11.979108307991439],[-71.87159533830983,11.979049251602033],[-71.8716462326833,11.978973265012662],[-71.871673404899,11.978886396767267],[-71.87167469206965,11.978795561585155],[-71.87164999176198,11.978707989947173],[-71.87160127014234,11.978630652549304],[-71.8715324054631,11.978569705437291],[-71.87144887935018,11.978529999988845],[-71.87135734046645,11.978514696747864],[-71.87126507528299,11.978525013848193],[-71.8711794280836,11.978560130051454],[-71.87110721636746,11.97861725011676],[-71.87105418818186,11.978691827299096],[-71.87102456457923,11.978777925266435],[-71.87102070361864,11.978868690628111],[-71.87104291265796,11.978956898462377],[-71.87108942388019,11.97903552741983],[-71.87115653500479,11.979098318624652],[-71.87123890398507,11.97914027388449],[-71.87132997423559,11.97915805355045],[-71.87134821606635,11.979158548405298]]]},"id":"000000000000000000a4","properties":{"area_m2":4022.1,"blanqueami":119.7725,"blanqueamiento":119.7725,"circularid":0.1367,"circularidad":0.1367,"comp_humedad":0,"comp_suelo":0,"comp_vegetacion":0,"comp_verdor":0,"confianza":"baja","confusor":"Erosión","coord_x":5122831.747535047,"coord_y":2881984.182661945,"cumple_BSI":0,"cumple_GLI":0,"cumple_MSAVI":0,"cumple_MSI":0,"cumple_NDVI":0,"dif_BSI":-0.015167882069001243,"dif_GLI":-5.313034905080807E-4,"dif_MSAVI":-0.009029853758490976,"dif_MSI":-0.05320032713223388,"dif_NDVI":-0.01748191578494938,"distancia_":2.319,"distancia_similitud":2.319,"ext_BSI":0.16972285691988384,"ext_GLI":0.003113768206116495,"ext_MSAVI":0.025039497746776274,"ext_MSI":1.2779122331571364,"ext_NDVI":0.039812292394212905,"fid":165,"id_cand":"C165","int_BSI":0.1545549748508826,"int_GLI":0.002582464715608414,"int_MSAVI":0.016009643988285298,"int_MSI":1.2247119060249025,"int_NDVI":0.022330376609263524,"prioridad_espectral":"Sin señal fuerte","puntaje_componentes":0,"puntaje_indices":0,"radio_m":35.78091940154451,"vari":-0.0685,"zona":1}},{"type":"Feature","geometry":{"type":"Polygon","coordinates":[[[-71.88724574408872,11.9791800479248],[-71.88730516253538,11.979171765626138],[-71.88735985126347,11.979147578002584],[-71.88740545704319,11.97910941039288],[-71.88743834965283,11.979060300943898],[-71.88745591084493,11.979004158772558],[-71.88745674275741,11.978945452798605],[-71.88744077918066,11.978888856017713],[-71.88740929082456,11.978838873530972],[-71.88736478416702,11.978799483939675],[-71.8873108019369,11.978773822650108],[-71.88725164111318,11.978763932296827],[-71.88719201088738,11.978770600150225],[-71.88713665781508,11.97879329545035],[-71.88708998799338,11.97883021165502],[-71.88705571633787,11.978878410239433],[-71.88703657087602,11.978934054601156],[-71.88703407559508,11.978992715452138],[-71.88704842913003,11.979049723389078],[-71.88707848894889,11.979100540577774],[-71.88712186229539,11.979141121965494],[-71.88717509665071,11.979168237268572],[-71.88723395455399,11.979179728104626],[-71.88724574408872,11.9791800479248]]]},"id":"000000000000000000aa","properties":{"area_m2":1680.0,"blanqueami":105.7016,"blanqueamiento":105.7016,"circularid":0.1071,"circularidad":0.1071,"comp_humedad":0,"comp_suelo":0,"comp_vegetacion":0,"comp_verdor":0,"confianza":"baja","confusor":"Erosión","coord_x":5121101.311568839,"coord_y":2881992.03673459,"cumple_BSI":0,"cumple_GLI":0,"cumple_MSAVI":0,"cumple_MSI":0,"cumple_NDVI":0,"dif_BSI":0.0059979987679512625,"dif_GLI":0.001022112405735718,"dif_MSAVI":-0.022272821070501964,"dif_MSI":-0.011992305657665847,"dif_NDVI":-0.04574160740580367,"distancia_":2.391,"distancia_similitud":2.391,"ext_BSI":0.18893768134544972,"ext_GLI":0.01048294722701093,"ext_MSAVI":0.0871776189364972,"ext_MSI":1.3313037902107356,"ext_NDVI":0.13728741735451722,"fid":171,"id_cand":"C171","int_BSI":0.19493568011340098,"int_GLI":0.011505059632746648,"int_MSAVI":0.06490479786599523,"int_MSI":1.3193114845530698,"int_NDVI":0.09154580994871354,"prioridad_espectral":"Sin señal fuerte","puntaje_componentes":0,"puntaje_indices":0,"radio_m":23.12489154112443,"vari":-0.0735,"zona":1}},{"type":"Feature","geometry":{"type":"Polygon","coordinates":[[[-71.87178431746781,11.980526530177155],[-71.87183559150046,11.980519383159479],[-71.8718827841125,11.98049851101014],[-71.87192213876676,11.980465575155138],[-71.87195052283155,11.98042319729236],[-71.8719656769385,11.980374750703238],[-71.87196639482724,11.980324091738435],[-71.87195261936174,11.98027525285166],[-71.87192544707588,11.980232121616309],[-71.87188704088716,11.980198131275255],[-71.87184045792743,11.980175987455784],[-71.87178940619539,11.980167452802883],[-71.8717379494014,11.98017320667363],[-71.87169018349857,11.980192791060793],[-71.8716499106472,11.980224647049914],[-71.8716203365646,11.980266238908051],[-71.87160381535051,11.980314255926938],[-71.87160166209986,11.980364875954207],[-71.87161404821933,11.980414069636014],[-71.8716399877808,11.980457921153485],[-71.87167741599914,11.98049293992247],[-71.87172335358785,11.980516338445083],[-71.87177414391027,11.980526254195748],[-71.87178431746781,11.980526530177155]]]},"id":"000000000000000000b4","properties":{"area_m2":1251.0,"blanqueami":124.9529,"blanqueamiento":124.9529,"circularid":0.3753,"circularidad":0.3753,"comp_humedad":0,"comp_suelo":0,"comp_vegetacion":0,"comp_verdor":0,"confianza":"baja","confusor":"Erosión","coord_x":5122783.537799645,"coord_y":2882151.096711788,"cumple_BSI":0,"cumple_GLI":0,"cumple_MSAVI":0,"cumple_MSI":0,"cumple_NDVI":0,"dif_BSI":-0.020916901649954384,"dif_GLI":0.0020108663943741245,"dif_MSAVI":-0.006622046422439114,"dif_MSI":-0.056130899239691834,"dif_NDVI":-0.012489441823952441,"distancia_":2.505,"distancia_similitud":2.505,"ext_BSI":0.18635409189490434,"ext_GLI":-0.0015496837698056277,"ext_MSAVI":0.02535746526162437,"ext_MSI":1.3219627163275618,"ext_NDVI":0.037223608997770496,"fid":181,"id_cand":"C181","int_BSI":0.16543719024494996,"int_GLI":4.611826245684969E-4,"int_MSAVI":0.018735418839185256,"int_MSI":1.26583181708787,"int_NDVI":0.024734167173818055,"prioridad_espectral":"Sin señal fuerte","puntaje_componentes":0,"puntaje_indices":0,"radio_m":19.95509127054853,"vari":-0.0719,"zona":1}},{"type":"Feature","geometry":{"type":"Polygon","coordinates":[[[-71.87057327321796,11.978941538600418],[-71.8706272153906,11.97893401962994],[-71.87067686375785,11.978912061229753],[-71.87071826630392,11.978877411291732],[-71.87074812738477,11.978832827955184],[-71.87076407006187,11.978781860057634],[-71.87076482530539,11.978728564646126],[-71.87075033300671,11.978677184035535],[-71.87072174676035,11.978631808120262],[-71.87068134203548,11.978596048819332],[-71.87063233504728,11.97857275256883],[-71.8705786267466,11.97856377374692],[-71.87052449230593,11.978569827066407],[-71.87047424081818,11.978590430684022],[-71.87043187229563,11.978623944554863],[-71.87040075927082,11.97866770097901],[-71.8703833783436,11.97871821694912],[-71.87038111304275,11.97877147139657],[-71.87039414369498,11.978823225267696],[-71.87042143306812,11.978869358952366],[-71.87046080893245,11.978906200205559],[-71.87050913696876,11.978930816459238],[-71.87056257026036,11.97894124825609],[-71.87057327321796,11.978941538600418]]]},"id":"000000000000000000bd","properties":{"area_m2":1384.6,"blanqueami":123.557,"blanqueamiento":123.557,"circularid":0.2751,"circularidad":0.2751,"comp_humedad":0,"comp_suelo":0,"comp_vegetacion":0,"comp_verdor":0,"confianza":"baja","confusor":"Erosión","coord_x":5122916.07240857,"coord_y":2881975.3127779257,"cumple_BSI":0,"cumple_GLI":0,"cumple_MSAVI":0,"cumple_MSI":0,"cumple_NDVI":0,"dif_BSI":-0.018139466487297362,"dif_GLI":0.0012037811588318022,"dif_MSAVI":-0.010649211065623092,"dif_MSI":-0.06581338928041292,"dif_NDVI":-0.018869257225953572,"distancia_":2.569,"distancia_similitud":2.569,"ext_BSI":0.16199131358924823,"ext_GLI":0.0014793594915190943,"ext_MSAVI":0.023130617777256907,"ext_MSI":1.2595187410731015,"ext_NDVI":0.03625540532439728,"fid":190,"id_cand":"C190","int_BSI":0.14385184710195087,"int_GLI":0.0026831406503508965,"int_MSAVI":0.012481406711633815,"int_MSI":1.1937053517926886,"int_NDVI":0.017386148098443705,"prioridad_espectral":"Sin señal fuerte","puntaje_componentes":0,"puntaje_indices":0,"radio_m":20.993614943836533,"vari":-0.0741,"zona":1}},{"type":"Feature","geometry":{"type":"Polygon","coordinates":[[[-71.87555138173302,11.983812369217702],[-71.87559937489726,11.983805679597518],[-71.87564354779896,11.98378614323169],[-71.87568038427054,11.983755315217486],[-71.87570695212783,11.983715649468193],[-71.8757211365721,11.983670303380569],[-71.87572180852739,11.983622886505092],[-71.87570891451298,11.983577173225143],[-71.8756834808984,11.983536802316067],[-71.87564753220249,11.983504987299183],[-71.87560392994072,11.983484260646463],[-71.87555614484889,11.983476272196787],[-71.8755079806137,11.983481657829625],[-71.87546327110154,11.983499988849365],[-71.8754255751847,11.983529806109264],[-71.87539789345671,11.983568736158746],[-71.87538242938551,11.98361368016907],[-71.87538041391673,11.983661060599063],[-71.87539200748859,11.983707105966781],[-71.87541628725893,11.983748151059373],[-71.8754513205615,11.983780928684526],[-71.87549431874508,11.983802829739885],[-71.8755418591503,11.983812110898654],[-71.87555138173302,11.983812369217702]]]},"id":"000000000000000000c4","properties":{"area_m2":1096.0,"blanqueami":123.3115,"blanqueamiento":123.3115,"circularid":0.5048,"circularidad":0.5048,"comp_humedad":0,"comp_suelo":0,"comp_vegetacion":0,"comp_verdor":0,"confianza":"baja","confusor":"Erosión","coord_x":5122372.040731263,"coord_y":2882513.6086411015,"cumple_BSI":0,"cumple_GLI":0,"cumple_MSAVI":0,"cumple_MSI":0,"cumple_NDVI":0,"dif_BSI":-0.02824293747616763,"dif_GLI":-0.0027289903709195504,"dif_MSAVI":-0.0061688455227043824,"dif_MSI":-0.07685993286547177,"dif_NDVI":-0.010431862415217062,"distancia_":2.701,"distancia_similitud":2.701,"ext_BSI":0.20101871428534898,"ext_GLI":0.004463819376571682,"ext_MSAVI":0.033867175248945496,"ext_MSI":1.3532548734218108,"ext_NDVI":0.046568512221855124,"fid":197,"id_cand":"C197","int_BSI":0.17277577680918135,"int_GLI":0.0017348290056521313,"int_MSAVI":0.027698329726241113,"int_MSI":1.276394940556339,"int_NDVI":0.03613664980663806,"prioridad_espectral":"Sin señal fuerte","puntaje_componentes":0,"puntaje_indices":0,"radio_m":18.677998695187732,"vari":-0.0778,"zona":1}},{"type":"Feature","geometry":{"type":"Polygon","coordinates":[[[-71.87012943892925,11.980388417267582],[-71.87018292362976,11.980380962103885],[-71.87023215093983,11.98035919004501],[-71.87027320235985,11.98032483415001],[-71.87030281019551,11.98028062915229],[-71.87031861766651,11.980230093773542],[-71.87031936650529,11.98017725063227],[-71.87030499711291,11.98012630604264],[-71.87027665330042,11.980081315191821],[-71.87023659123918,11.980045859347772],[-71.87018799986838,11.980022760791481],[-71.87013474705581,11.980013858164709],[-71.87008107171724,11.980019860115148],[-71.87003124640118,11.980040288888494],[-71.86998923719676,11.980073518357402],[-71.86995838803486,11.980116903460267],[-71.86994115451176,11.980166990746856],[-71.86993890842274,11.980219793271708],[-71.86995182856512,11.980271107954199],[-71.86997888650318,11.980316850143636],[-71.87001792842936,11.980353378758087],[-71.87006584660595,11.980377786115632],[-71.87011882674116,11.980388129387144],[-71.87012943892925,11.980388417267582]]]},"id":"000000000000000000cc","properties":{"area_m2":1361.2,"blanqueami":126.7919,"blanqueamiento":126.7919,"circularid":0.2564,"circularidad":0.2564,"comp_humedad":0,"comp_suelo":0,"comp_vegetacion":0,"comp_verdor":0,"confianza":"baja","confusor":"Erosión","coord_x":5122963.958047245,"coord_y":2882135.526690473,"cumple_BSI":0,"cumple_GLI":0,"cumple_MSAVI":0,"cumple_MSI":0,"cumple_NDVI":0,"dif_BSI":-0.02556062481346902,"dif_GLI":0.002787327869802498,"dif_MSAVI":-0.005337559291073433,"dif_MSI":-0.07599023087533663,"dif_NDVI":-0.009541228284938098,"distancia_":2.824,"distancia_similitud":2.824,"ext_BSI":0.1839688055240574,"ext_GLI":-0.002518791040317927,"ext_MSAVI":0.016304808579516054,"ext_MSI":1.3079011007320964,"ext_NDVI":0.023783415198381192,"fid":205,"id_cand":"C205","int_BSI":0.15840818071058838,"int_GLI":2.685368294845708E-4,"int_MSAVI":0.01096724928844262,"int_MSI":1.2319108698567598,"int_NDVI":0.014242186913443094,"prioridad_espectral":"Sin señal fuerte","puntaje_componentes":0,"puntaje_indices":0,"radio_m":20.815461010349395,"vari":-0.0801,"zona":1}},{"type":"Feature","geometry":{"type":"Polygon","coordinates":[[[-71.87831440805056,11.979559877758962],[-71.87836039233403,11.979553468049733],[-71.87840271626239,11.979534749135768],[-71.87843801084679,11.979505211044962],[-71.87846346663727,11.979467205012426],[-71.87847705735547,11.979423756321204],[-71.87847770118552,11.979378323488863],[-71.8784653468849,11.97933452296895],[-71.87844097786143,11.97929584128124],[-71.87840653389223,11.9792653574853],[-71.87836475671664,11.97924549808818],[-71.87831897179385,11.979237843895435],[-71.87827282359774,11.979243004179779],[-71.87822998551849,11.979260568183278],[-71.87819386746274,11.979289137813476],[-71.8781673444264,11.979326438930862],[-71.87815252764537,11.97936950236941],[-71.87815059654054,11.979414900281304],[-71.87816170483414,11.979459018993012],[-71.87818496831169,11.979498346653632],[-71.87821853520353,11.979529752778681],[-71.87825973358483,11.979550737437485],[-71.87830528406073,11.979559630248652],[-71.87831440805056,11.979559877758962]]]},"id":"000000000000000000cf","properties":{"area_m2":1006.2,"blanqueami":112.268,"blanqueamiento":112.268,"circularid":0.104,"circularidad":0.104,"comp_humedad":0,"comp_suelo":0,"comp_vegetacion":0,"comp_verdor":0,"confianza":"baja","confusor":"Erosión","coord_x":5122073.078013778,"coord_y":2882043.294455019,"cumple_BSI":0,"cumple_GLI":0,"cumple_MSAVI":0,"cumple_MSI":0,"cumple_NDVI":0,"dif_BSI":0.002831316225678282,"dif_GLI":0.004461972321538832,"dif_MSAVI":-0.013009640284631589,"dif_MSI":-0.0202258332593781,"dif_NDVI":-0.02765568777449232,"distancia_":2.876,"distancia_similitud":2.876,"ext_BSI":0.18685491242038438,"ext_GLI":0.011665986086303728,"ext_MSAVI":0.03803974456320728,"ext_MSI":1.3090785581047275,"ext_NDVI":0.05875252434665354,"fid":208,"id_cand":"C208","int_BSI":0.18968622864606266,"int_GLI":0.01612795840784256,"int_MSAVI":0.02503010427857569,"int_MSI":1.2888527248453494,"int_NDVI":0.03109683657216122,"prioridad_espectral":"Sin señal fuerte","puntaje_componentes":0,"puntaje_indices":0,"radio_m":17.896463546693525,"vari":-0.0851,"zona":1}},{"type":"Feature","geometry":{"type":"Polygon","coordinates":[[[-71.89111235417475,11.954987267571415],[-71.89123904525088,11.954969606588465],[-71.89135565167096,11.954918029460455],[-71.8914528915321,11.954836641744512],[-71.89152302453381,11.954731921926163],[-71.89156046810851,11.954612205724608],[-71.89156224178762,11.954487022562708],[-71.8915282044346,11.9543663370208],[-71.8914610654642,11.954259755655917],[-71.89136616916014,11.954175762323592],[-71.89125106926343,11.954121042869577],[-71.89112492769603,11.954099952943839],[-71.8909977852811,11.954114171296624],[-71.89087976250785,11.954162566152377],[-71.89078025395519,11.954241285297424],[-71.89070718049378,11.954344062710922],[-71.89066635878794,11.954462717332898],[-71.89066103828392,11.954587804269734],[-71.890691642542,11.954709366603215],[-71.89075573550596,11.954817727960627],[-71.89084821539997,11.954904262757438],[-71.89096172082232,11.954962082800225],[-71.89108721671366,11.954986585594227],[-71.89111235417475,11.954987267571415]]]},"id":"000000000000000000d7","properties":{"area_m2":7639.0,"blanqueami":126.7651,"blanqueamiento":126.7651,"circularid":0.1179,"circularidad":0.1179,"comp_humedad":0,"comp_suelo":0,"comp_vegetacion":0,"comp_verdor":0,"confianza":"baja","confusor":"Erosión","coord_x":5120691.44261131,"coord_y":2879289.769076659,"cumple_BSI":0,"cumple_GLI":0,"cumple_MSAVI":1,"cumple_MSI":0,"cumple_NDVI":0,"dif_BSI":-0.011453634062725787,"dif_GLI":-0.002586848498083485,"dif_MSAVI":-0.027129364503679962,"dif_MSI":-0.006923180146365837,"dif_NDVI":-0.040969157963795556,"distancia_":3.244,"distancia_similitud":3.244,"ext_BSI":0.17590899457808692,"ext_GLI":0.0066115573487538935,"ext_MSAVI":0.034921171078779636,"ext_MSI":1.2703926342755476,"ext_NDVI":0.05096712378924646,"fid":216,"id_cand":"C216","int_BSI":0.16445536051536114,"int_GLI":0.004024708850670408,"int_MSAVI":0.0077918065750996746,"int_MSI":1.2634694541291818,"int_NDVI":0.009997965825450908,"prioridad_espectral":"Sin señal fuerte","puntaje_componentes":0,"puntaje_indices":1,"radio_m":49.31094422699668,"vari":-0.0916,"zona":1}},{"type":"Feature","geometry":{"type":"Polygon","coordinates":[[[-71.9579982361884,11.93174775582553],[-71.95805990332802,11.931739158575889],[-71.95811666175236,11.9317140511696],[-71.95816399348331,11.931674432160396],[-71.9581981309133,11.931623455226928],[-71.95821635670747,11.931565178138229],[-71.95821722010207,11.931504239753673],[-71.9582006523823,11.931445490768839],[-71.95816797234848,11.931393607600047],[-71.95812178133642,11.931352720142543],[-71.95806575614952,11.93132608303239],[-71.95800435638563,11.931315816579158],[-71.95794246945518,11.931322737990671],[-71.95788502154669,11.931346296323836],[-71.95783658550569,11.931384616339313],[-71.95780101683863,11.931434647769334],[-71.95778114681542,11.931492408117306],[-71.95777855709896,11.931553299662912],[-71.95779345384207,11.931612475439584],[-71.95782465127414,11.931665225052903],[-71.95786966608524,11.931707349628805],[-71.95792491509592,11.931735496045473],[-71.95798600047836,11.931747423843552],[-71.9579982361884,11.93174775582553]]]},"id":"000000000000000000c2","properties":{"area_m2":1810.2,"blanqueami":97.2853,"blanqueamiento":97.2853,"circularid":0.0694,"circularidad":0.0694,"comp_humedad":0,"comp_suelo":0,"comp_vegetacion":0,"comp_verdor":0,"confianza":"baja","confusor":"Infraestructura","coord_x":5113420.400817612,"coord_y":2876717.588371995,"cumple_BSI":0,"cumple_GLI":0,"cumple_MSAVI":0,"cumple_MSI":0,"cumple_NDVI":1,"dif_BSI":-0.010729140121247593,"dif_GLI":0.008160683226786494,"dif_MSAVI":-0.019373127300114867,"dif_MSI":-0.0851227942872046,"dif_NDVI":-0.052266704684509974,"distancia_":2.687,"distancia_similitud":2.687,"ext_BSI":0.26524561998394,"ext_GLI":-0.033434669743739286,"ext_MSAVI":0.14446512223351604,"ext_MSI":1.6599015278688527,"ext_NDVI":0.27578048369669705,"fid":195,"id_cand":"C195","int_BSI":0.2545164798626924,"int_GLI":-0.02527398651695279,"int_MSAVI":0.12509199493340117,"int_MSI":1.574778733581648,"int_NDVI":0.22351377901218708,"prioridad_espectral":"Sin señal fuerte","puntaje_componentes":0,"puntaje_indices":1,"radio_m":24.004261204417393,"vari":-0.0819,"zona":1}},{"type":"Feature","geometry":{"type":"Polygon","coordinates":[[[-71.877923222808,11.957248987911221],[-71.87798246821065,11.957240729063003],[-71.8780369976691,11.957216609924107],[-71.8780824706315,11.957178550381869],[-71.87811526744838,11.95712957998096],[-71.87813277749736,11.957073596770023],[-71.87813360698726,11.957015057015544],[-71.8781176899013,11.956958620482125],[-71.87808629324854,11.95690877951517],[-71.87804191620731,11.956869501451036],[-71.87798809118904,11.956843912818488],[-71.87792910265864,11.956834050468617],[-71.87786964609317,11.956840699442749],[-71.87781445422497,11.956863330483717],[-71.87776792031933,11.95690014216434],[-71.87773374847293,11.956948204279893],[-71.87771465876843,11.957003691090824],[-71.87771217075468,11.957062185850107],[-71.87772648248813,11.957119032375328],[-71.87775645476417,11.957169705680686],[-71.87779970179487,11.957210172166592],[-71.8778527811161,11.957237210695604],[-71.87791146760786,11.957248668996582],[-71.877923222808,11.957248987911221]]]},"id":"00000000000000000037","properties":{"area_m2":1670.5,"blanqueami":122.7877,"blanqueamiento":122.7877,"circularid":0.2406,"circularidad":0.2406,"comp_humedad":0,"comp_suelo":0,"comp_vegetacion":0,"comp_verdor":0,"confianza":"baja","confusor":"Nubes","coord_x":5122126.098791456,"coord_y":2879571.588834381,"cumple_BSI":0,"cumple_GLI":0,"cumple_MSAVI":0,"cumple_MSI":0,"cumple_NDVI":0,"dif_BSI":-0.03614490110007779,"dif_GLI":0.005753709051840666,"dif_MSAVI":0.016273574930762896,"dif_MSI":-0.07302356346799055,"dif_NDVI":0.04447129853505888,"distancia_":1.034,"distancia_similitud":1.034,"ext_BSI":0.09306727600378305,"ext_GLI":0.03711781808158115,"ext_MSAVI":0.19427080047494477,"ext_MSI":1.123504197622306,"ext_NDVI":0.3739111250176923,"fid":56,"id_cand":"C056","int_BSI":0.056922374903705254,"int_GLI":0.042871527133421815,"int_MSAVI":0.21054437540570767,"int_MSI":1.0504806341543154,"int_NDVI":0.4183824235527512,"prioridad_espectral":"Sin señal fuerte","puntaje_componentes":0,"puntaje_indices":0,"radio_m":23.059415969838053,"vari":-0.0023,"zona":1}},{"type":"Feature","geometry":{"type":"Polygon","coordinates":[[[-71.87693427588913,11.958482250594733],[-71.87707242269961,11.958462992905927],[-71.87719957296883,11.958406752759384],[-71.87730560549741,11.958318006891865],[-71.87738208008717,11.958203819502183],[-71.87742290938374,11.958073279932314],[-71.87742484342269,11.957936779147742],[-71.87738772831194,11.957805182611695],[-71.87731451846362,11.95768896539404],[-71.87721104140746,11.957597378360198],[-71.87708553391143,11.95753771181011],[-71.87694798633667,11.957514715179077],[-71.87680934741601,11.957530218989596],[-71.87668065275156,11.957582989144692],[-71.8765721463983,11.957668825160047],[-71.87649246544999,11.957780894516317],[-71.87644795253006,11.957910276519081],[-71.87644215091267,11.958046672377908],[-71.87647552246383,11.95817922498477],[-71.87654541085895,11.958297383139112],[-71.87664625301036,11.958391741427494],[-71.87677002188028,11.958454788902086],[-71.87690686543372,11.958481506960895],[-71.87693427588913,11.958482250594733]]]},"id":"0000000000000000004a","properties":{"area_m2":9082.7,"blanqueami":122.9727,"blanqueamiento":122.9727,"circularid":0.1847,"circularidad":0.1847,"comp_humedad":0,"comp_suelo":0,"comp_vegetacion":0,"comp_verdor":0,"confianza":"baja","confusor":"Nubes","coord_x":5122233.145431888,"coord_y":2879678.20448869,"cumple_BSI":0,"cumple_GLI":0,"cumple_MSAVI":0,"cumple_MSI":0,"cumple_NDVI":0,"dif_BSI":-0.05291832215064309,"dif_GLI":0.012941523421852293,"dif_MSAVI":0.05416812114797148,"dif_MSI":-0.09736901340111626,"dif_NDVI":0.13435105673015568,"distancia_":1.202,"distancia_similitud":1.202,"ext_BSI":0.10029428132268149,"ext_GLI":0.038203609449061045,"ext_MSAVI":0.15823251680790942,"ext_MSI":1.1350128806338116,"ext_NDVI":0.2904073713039001,"fid":75,"id_cand":"C075","int_BSI":0.0473759591720384,"int_GLI":0.05114513287091334,"int_MSAVI":0.2124006379558809,"int_MSI":1.0376438672326953,"int_NDVI":0.4247584280340558,"prioridad_espectral":"Sin señal fuerte","puntaje_componentes":0,"puntaje_indices":0,"radio_m":53.76907292525617,"vari":0.0057,"zona":1}},{"type":"Feature","geometry":{"type":"Polygon","coordinates":[[[-71.88424248510265,11.982422056668673],[-71.88442588696849,11.982396492666815],[-71.88459468994839,11.982321835569655],[-71.88473545725817,11.982204028119366],[-71.88483698380428,11.982052447838013],[-71.88489118811414,11.981879160561475],[-71.88489375560877,11.981697959984722],[-71.88484448201699,11.98152326967504],[-71.88474728960375,11.981368994955634],[-71.88460991493076,11.98124741604986],[-71.88444329301188,11.981168210589246],[-71.88426068688916,11.981137683289461],[-71.88407663191428,11.98115826410709],[-71.88390577876447,11.981228314820244],[-71.88376172727929,11.981342259427528],[-71.88365594393576,11.981491027986715],[-71.88359684912331,11.981662778567001],[-71.88358914686977,11.981843839852198],[-71.88363345037563,11.982019799368127],[-71.88372623317164,11.982176650714278],[-71.8838601097978,11.98230190848049],[-71.88402442367013,11.982385602099004],[-71.88420609534627,11.982421069517141],[-71.88424248510265,11.982422056668673]]]},"id":"0000000000000000004c","properties":{"area_m2":16005.3,"blanqueami":126.021,"blanqueamiento":126.021,"circularid":0.0942,"circularidad":0.0942,"comp_humedad":0,"comp_suelo":0,"comp_vegetacion":0,"comp_verdor":0,"confianza":"baja","confusor":"Nubes","coord_x":5121426.894317062,"coord_y":2882303.8816543724,"cumple_BSI":0,"cumple_GLI":0,"cumple_MSAVI":0,"cumple_MSI":0,"cumple_NDVI":0,"dif_BSI":-0.005246919762105201,"dif_GLI":0.001081121023688729,"dif_MSAVI":0.01772880064709173,"dif_MSI":-0.005188846240468337,"dif_NDVI":0.03922163659419825,"distancia_":1.23,"distancia_similitud":1.23,"ext_BSI":0.14747117395865153,"ext_GLI":0.036635602048221694,"ext_MSAVI":0.1353754813652415,"ext_MSI":1.2056075914469602,"ext_NDVI":0.22881516101269428,"fid":77,"id_cand":"C077","int_BSI":0.14222425419654633,"int_GLI":0.03771672307191042,"int_MSAVI":0.15310428201233323,"int_MSI":1.2004187452064918,"int_NDVI":0.26803679760689253,"prioridad_espectral":"Sin señal fuerte","puntaje_componentes":0,"puntaje_indices":0,"radio_m":71.37678348971342,"vari":0.0034,"zona":1}},{"type":"Feature","geometry":{"type":"Polygon","coordinates":[[[-71.86524743023226,11.985609280649701],[-71.86539344205373,11.985588928618169],[-71.86552783127244,11.985529492554068],[-71.86563990046416,11.98543570359171],[-71.86572072891121,11.985315027363583],[-71.86576388269492,11.985177069726275],[-71.86576592682741,11.985032812125318],[-71.86572669865998,11.984893737466624],[-71.86564932081001,11.984770916076886],[-71.86553995258325,11.98467412451064],[-71.86540729968412,11.984611067345257],[-71.86526192124364,11.984586763906377],[-71.86511538932506,11.98460314873729],[-71.8649793678064,11.98465891761255],[-71.86486468395549,11.984749631352116],[-71.8647804665934,11.984868069173071],[-71.86473341944452,11.985004803454357],[-71.8647272875131,11.985148950166197],[-71.864762558965,11.985289035232954],[-71.86483642624958,11.985413907868693],[-71.86494300956304,11.985513628184352],[-71.86507382487076,11.985580258411371],[-71.8652184592374,11.985608494757921],[-71.86524743023226,11.985609280649701]]]},"id":"00000000000000000063","properties":{"area_m2":10144.3,"blanqueami":143.7764,"blanqueamiento":143.7764,"circularid":0.3134,"circularidad":0.3134,"comp_humedad":0,"comp_suelo":0,"comp_vegetacion":0,"comp_verdor":0,"confianza":"baja","confusor":"Nubes","coord_x":5123493.010320086,"coord_y":2882678.9545510733,"cumple_BSI":0,"cumple_GLI":0,"cumple_MSAVI":0,"cumple_MSI":0,"cumple_NDVI":0,"dif_BSI":-0.007897300901581916,"dif_GLI":0.0018357742044098108,"dif_MSAVI":0.005756717398478613,"dif_MSI":-0.02709284004936441,"dif_NDVI":0.008251405313947066,"distancia_":1.605,"distancia_similitud":1.605,"ext_BSI":0.16307460688625827,"ext_GLI":0.0035439534586901487,"ext_MSAVI":0.04225548910559813,"ext_MSI":1.2666189409821407,"ext_NDVI":0.07671842498426903,"fid":100,"id_cand":"C100","int_BSI":0.15517730598467636,"int_GLI":0.0053797276630999594,"int_MSAVI":0.04801220650407674,"int_MSI":1.2395261009327763,"int_NDVI":0.0849698302982161,"prioridad_espectral":"Sin señal fuerte","puntaje_componentes":0,"puntaje_indices":0,"radio_m":56.82456316078662,"vari":-0.0126,"zona":1}},{"type":"Feature","geometry":{"type":"Polygon","coordinates":[[[-71.94278465194157,11.93807271016952],[-71.94283257565608,11.93806602909996],[-71.94287668463629,11.938046517705361],[-71.94291346780282,11.938015729095264],[-71.94293999721454,11.93797611404637],[-71.94295416113303,11.937930825919667],[-71.94295483211611,11.937883469651931],[-71.94294195676041,11.937837814802162],[-71.94291655995016,11.937797495494673],[-71.9428806632746,11.937765721143325],[-71.94283712410838,11.93774502098313],[-71.94278940816487,11.93773704274418],[-71.94274131362667,11.937742421493173],[-71.9426966688123,11.93776072908246],[-71.94265902744415,11.93779050823033],[-71.94263138577367,11.937829388519921],[-71.94261594408023,11.937874275083344],[-71.94261393152813,11.93792159495219],[-71.94262550832339,11.937967581465182],[-71.94264975295921,11.938008574094319],[-71.94268473556606,11.93804130982339],[-71.94272767152808,11.938063182884992],[-71.94277514313875,11.938072452180656],[-71.94278465194157,11.93807271016952]]]},"id":"0000000000000000000c","properties":{"area_m2":1093.2,"blanqueami":105.3956,"blanqueamiento":105.3956,"circularid":0.0662,"circularidad":0.0662,"comp_humedad":0,"comp_suelo":0,"comp_vegetacion":0,"comp_verdor":0,"confianza":"baja","confusor":"Vegetación irregular","coord_x":5115073.853173506,"coord_y":2877428.2934191446,"cumple_BSI":0,"cumple_GLI":0,"cumple_MSAVI":0,"cumple_MSI":0,"cumple_NDVI":1,"dif_BSI":-0.024084128351475137,"dif_GLI":0.007977847670614997,"dif_MSAVI":-0.021613356730063926,"dif_MSI":-0.06809863019045781,"dif_NDVI":-0.056041554768270996,"distancia_":0.395,"distancia_similitud":0.395,"ext_BSI":0.1692636488026971,"ext_GLI":0.007313329875156252,"ext_MSAVI":0.15970951612545492,"ext_MSI":1.3449992178565555,"ext_NDVI":0.3306058950413861,"fid":13,"id_cand":"C013","int_BSI":0.14517952045122196,"int_GLI":0.015291177545771249,"int_MSAVI":0.138096159395391,"int_MSI":1.2769005876660977,"int_NDVI":0.2745643402731151,"prioridad_espectral":"Sin señal fuerte","puntaje_componentes":0,"puntaje_indices":1,"radio_m":18.65412467997681,"vari":-0.0124,"zona":1}},{"type":"Feature","geometry":{"type":"Polygon","coordinates":[[[-71.86853871424628,11.967031256340528],[-71.86859547848987,11.967023343654004],[-71.86864772429034,11.967000235445598],[-71.86869129287557,11.966963771132267],[-71.86872271618468,11.96691685327804],[-71.86873949292614,11.966863216548466],[-71.86874028767937,11.966807130429878],[-71.86872503719172,11.966753059377444],[-71.86869495541033,11.966705307444503],[-71.86865243684936,11.96666767568068],[-71.8686008659853,11.96664315956965],[-71.86854434785295,11.966633710590118],[-71.86848738128646,11.966640080879278],[-71.86843450081506,11.966661763363188],[-71.86838991571751,11.966697032119512],[-71.86835717496552,11.966743079759885],[-71.86833888472634,11.966796240896588],[-71.86833650091071,11.966852283906006],[-71.86835021328005,11.966906747764986],[-71.86837893033834,11.966955297148148],[-71.8684203662126,11.966994067520476],[-71.86847122260677,11.967019972755592],[-71.86852745134634,11.967030950792891],[-71.86853871424628,11.967031256340528]]]},"id":"0000000000000000000d","properties":{"area_m2":1533.4,"blanqueami":93.6059,"blanqueamiento":93.6059,"circularid":0.0698,"circularidad":0.0698,"comp_humedad":0,"comp_suelo":0,"comp_vegetacion":0,"comp_verdor":0,"confianza":"baja","confusor":"Vegetación irregular","coord_x":5123143.173532713,"coord_y":2880658.447440358,"cumple_BSI":0,"cumple_GLI":0,"cumple_MSAVI":0,"cumple_MSI":0,"cumple_NDVI":0,"dif_BSI":-0.022292702062452,"dif_GLI":0.0019368064555824824,"dif_MSAVI":0.0016528464327172435,"dif_MSI":-0.0680048514408258,"dif_NDVI":5.355641127448157E-4,"distancia_":0.441,"distancia_similitud":0.441,"ext_BSI":0.14070975518967413,"ext_GLI":0.008241695076495538,"ext_MSAVI":0.04563670556036622,"ext_MSI":1.2235515790414015,"ext_NDVI":0.08046435833002182,"fid":14,"id_cand":"C014","int_BSI":0.11841705312722213,"int_GLI":0.01017850153207802,"int_MSAVI":0.04728955199308346,"int_MSI":1.1555467276005758,"int_NDVI":0.08099992244276663,"prioridad_espectral":"Sin señal fuerte","puntaje_componentes":0,"puntaje_indices":0,"radio_m":22.092903373577332,"vari":-0.0245,"zona":1}},{"type":"Feature","geometry":{"type":"Polygon","coordinates":[[[-71.8842302891933,11.970628838934203],[-71.88432198354859,11.970616057307572],[-71.8844063790089,11.970578729848619],[-71.88447675767881,11.970519827832378],[-71.88452751741231,11.970444039871587],[-71.88455461774471,11.97035739869928],[-71.88455590151055,11.970266800959706],[-71.8845312665474,11.97017945823328],[-71.88448267382006,11.970102322994673],[-71.88441399132101,11.970041535197804],[-71.88433068617465,11.970001933538986],[-71.88423938945499,11.969986670300509],[-71.884147368357,11.969996960432049],[-71.88406194773543,11.97003198484193],[-71.88398992705397,11.970088955595958],[-71.88393703915358,11.970163337834226],[-71.88390749391993,11.970249210742187],[-71.88390364317381,11.970339738843858],[-71.88392579345985,11.970427716103377],[-71.8839721816377,11.970506139525128],[-71.88403911522104,11.970568766594],[-71.8841212662955,11.970610612182936],[-71.88421209562104,11.970628345372903],[-71.8842302891933,11.970628838934203]]]},"id":"0000000000000000001b","properties":{"area_m2":4001.1,"blanqueami":112.1805,"blanqueamiento":112.1805,"circularid":0.0607,"circularidad":0.0607,"comp_humedad":0,"comp_suelo":0,"comp_vegetacion":0,"comp_verdor":0,"confianza":"baja","confusor":"Vegetación irregular","coord_x":5121433.515196268,"coord_y":2881035.551495519,"cumple_BSI":0,"cumple_GLI":0,"cumple_MSAVI":0,"cumple_MSI":0,"cumple_NDVI":0,"dif_BSI":0.0057876634832745855,"dif_GLI":0.006039144756401573,"dif_MSAVI":-2.813554905523735E-4,"dif_MSI":0.018313489422845386,"dif_NDVI":-0.010021928899148796,"distancia_":0.679,"distancia_similitud":0.679,"ext_BSI":0.17811668354807794,"ext_GLI":0.008953569610168107,"ext_MSAVI":0.08449032703577392,"ext_MSI":1.2940180481303427,"ext_NDVI":0.14865919034284444,"fid":28,"id_cand":"C028","int_BSI":0.18390434703135253,"int_GLI":0.01499271436656968,"int_MSAVI":0.08420897154522154,"int_MSI":1.312331537553188,"int_NDVI":0.13863726144369565,"prioridad_espectral":"Sin señal fuerte","puntaje_componentes":0,"puntaje_indices":0,"radio_m":35.68738832711025,"vari":-0.0209,"zona":1}},{"type":"Feature","geometry":{"type":"Polygon","coordinates":[[[-71.88571341638031,11.96698413468026],[-71.88578710236592,11.966973863173045],[-71.88585492293137,11.966943866265606],[-71.88591147954887,11.966896531717778],[-71.8859522703091,11.966835627367471],[-71.8859740482741,11.966766001208308],[-71.8859750799314,11.966693195487029],[-71.88595528317742,11.966623005539274],[-71.88591623384784,11.966561018480776],[-71.88586104027661,11.966512168474255],[-71.8857940958704,11.966480343972266],[-71.88572072939382,11.966468078198876],[-71.88564678080299,11.966476347506996],[-71.88557813638981,11.966504493661501],[-71.88552026023808,11.966550276234198],[-71.88547775928609,11.966610050940119],[-71.8854540166153,11.966679059720175],[-71.88545092215531,11.966751809480307],[-71.88546872224144,11.966822509340279],[-71.88550600000131,11.966885531587513],[-71.8855597881334,11.966935859644202],[-71.88562580510168,11.96696948738904],[-71.88569879594607,11.966983738046984],[-71.88571341638031,11.96698413468026]]]},"id":"0000000000000000001d","properties":{"area_m2":2583.9,"blanqueami":115.5819,"blanqueamiento":115.5819,"circularid":0.0673,"circularidad":0.0673,"comp_humedad":0,"comp_suelo":0,"comp_vegetacion":0,"comp_verdor":0,"confianza":"baja","confusor":"Vegetación irregular","coord_x":5121273.518397423,"coord_y":2880638.8025585483,"cumple_BSI":0,"cumple_GLI":0,"cumple_MSAVI":0,"cumple_MSI":0,"cumple_NDVI":0,"dif_BSI":0.005212456895770157,"dif_GLI":-0.002640143761735393,"dif_MSAVI":0.0037869590028118683,"dif_MSI":0.01228791197486001,"dif_NDVI":0.002205073249104905,"distancia_":0.734,"distancia_similitud":0.734,"ext_BSI":0.1742452573654551,"ext_GLI":0.016595192961053787,"ext_MSAVI":0.0978866122932793,"ext_MSI":1.2799156568203667,"ext_NDVI":0.17096068221915822,"fid":30,"id_cand":"C030","int_BSI":0.17945771426122525,"int_GLI":0.013955049199318394,"int_MSAVI":0.10167357129609117,"int_MSI":1.2922035687952267,"int_NDVI":0.17316575546826313,"prioridad_espectral":"Sin señal fuerte","puntaje_componentes":0,"puntaje_indices":0,"radio_m":28.678928064178006,"vari":-0.0174,"zona":1}},{"type":"Feature","geometry":{"type":"Polygon","coordinates":[[[-71.96007986831721,11.928727263377336],[-71.9601371642104,11.92871927545122],[-71.960189899341,11.92869594751313],[-71.96023387598615,11.928659136470564],[-71.96026559360335,11.928611772487272],[-71.9602825274742,11.928557625740742],[-71.96028332967077,11.928501006314702],[-71.96026793634806,11.928446421115593],[-71.960237572823,11.928398215122792],[-71.96019465603663,11.92836022552902],[-71.96014260216415,11.928335476301145],[-71.96008555468775,11.928325937473916],[-71.96002805457722,11.928332368336374],[-71.95997467883177,11.928354256992957],[-71.95992967615383,11.928389861110043],[-71.95989662875449,11.928436346604622],[-71.95987816721018,11.928490013235848],[-71.95987576106766,11.92854658914279],[-71.95988960186574,11.928601570883659],[-71.95991858788557,11.928650581909642],[-71.95996041184489,11.928689720938886],[-71.96001174455613,11.928715872499849],[-71.96006849992979,11.928726954924329],[-71.96007986831721,11.928727263377336]]]},"id":"0000000000000000004f","properties":{"area_m2":1562.7,"blanqueami":99.9355,"blanqueamiento":99.9355,"circularid":0.0626,"circularidad":0.0626,"comp_humedad":0,"comp_suelo":0,"comp_vegetacion":0,"comp_verdor":0,"confianza":"baja","confusor":"Vegetación irregular","coord_x":5113195.152839855,"coord_y":2876384.31337522,"cumple_BSI":0,"cumple_GLI":0,"cumple_MSAVI":0,"cumple_MSI":0,"cumple_NDVI":0,"dif_BSI":-0.011151892133947905,"dif_GLI":0.0012965992432442605,"dif_MSAVI":-6.336821264311954E-4,"dif_MSI":-0.038919271748312,"dif_NDVI":-0.019802332419450175,"distancia_":1.261,"distancia_similitud":1.261,"ext_BSI":0.26058144609133815,"ext_GLI":-0.03403334348668585,"ext_MSAVI":0.13746130463874875,"ext_MSI":1.6796933259993005,"ext_NDVI":0.284450483496526,"fid":80,"id_cand":"C080","int_BSI":0.24942955395739025,"int_GLI":-0.03273674424344159,"int_MSAVI":0.13682762251231756,"int_MSI":1.6407740542509885,"int_NDVI":0.26464815107707584,"prioridad_espectral":"Sin señal fuerte","puntaje_componentes":0,"puntaje_indices":0,"radio_m":22.302978705531906,"vari":-0.045,"zona":1}},{"type":"Feature","geometry":{"type":"Polygon","coordinates":[[[-71.8711615947105,11.965879658758055],[-71.87125062245144,11.965867248623386],[-71.87133256356127,11.965831006069356],[-71.87140089551188,11.96577381601203],[-71.87145017907633,11.965700230791512],[-71.87147649129243,11.965616107802056],[-71.87147773772752,11.965528143240151],[-71.87145381918926,11.965443339085256],[-71.87140663961377,11.965368445742111],[-71.87133995450598,11.965309424710401],[-71.87125907199813,11.96527097405263],[-71.87117043032305,11.965256154431982],[-71.87108108533558,11.965266145486378],[-71.87099814887347,11.96530015193053],[-71.87092822266236,11.965355466859803],[-71.87087687282367,11.965427687217241],[-71.87084818681288,11.965511064273343],[-71.87084444805541,11.965598961221504],[-71.87086595418019,11.965684381465618],[-71.87091099332078,11.965760525548827],[-71.87097598037353,11.965821332391993],[-71.87105574236796,11.96586196175873],[-71.87114393023563,11.965879179541881],[-71.8711615947105,11.965879658758055]]]},"id":"00000000000000000056","properties":{"area_m2":3771.9,"blanqueami":122.2114,"blanqueamiento":122.2114,"circularid":0.1345,"circularidad":0.1345,"comp_humedad":0,"comp_suelo":0,"comp_vegetacion":0,"comp_verdor":0,"confianza":"baja","confusor":"Vegetación irregular","coord_x":5122858.277752958,"coord_y":2880517.155188278,"cumple_BSI":0,"cumple_GLI":0,"cumple_MSAVI":1,"cumple_MSI":0,"cumple_NDVI":0,"dif_BSI":-0.01644543573870852,"dif_GLI":-4.115421978632926E-4,"dif_MSAVI":-0.023603052200141198,"dif_MSI":-0.03871348922613249,"dif_NDVI":-0.03919977060704595,"distancia_":1.42,"distancia_similitud":1.42,"ext_BSI":0.16068766413225782,"ext_GLI":0.00907575639372644,"ext_MSAVI":0.030815187060346597,"ext_MSI":1.2616142412687432,"ext_NDVI":0.05022057543354743,"fid":87,"id_cand":"C087","int_BSI":0.1442422283935493,"int_GLI":0.008664214195863147,"int_MSAVI":0.007212134860205399,"int_MSI":1.2229007520426107,"int_NDVI":0.011020804826501484,"prioridad_espectral":"Sin señal fuerte","puntaje_componentes":0,"puntaje_indices":1,"radio_m":34.65015237623985,"vari":-0.0408,"zona":1}},{"type":"Feature","geometry":{"type":"Polygon","coordinates":[[[-71.96800701940475,11.929339407423853],[-71.96805897368515,11.929332164217325],[-71.96810679239704,11.929311011158093],[-71.9681466691656,11.929277632032646],[-71.96817542979882,11.929234683823285],[-71.9681907849535,11.929185585211117],[-71.96819151236609,11.92913424444788],[-71.96817755414261,11.929084748258445],[-71.96815002136462,11.929041036537452],[-71.96811110564488,11.929006588734357],[-71.9680639046739,11.928984146890336],[-71.96801217564392,11.928975497373054],[-71.96796003617813,11.928981328682779],[-71.96791163657007,11.929001176648143],[-71.96787082942289,11.929033461373935],[-71.96784086298378,11.929075612999856],[-71.96782412258415,11.9291242762602],[-71.96782194076623,11.929175577561843],[-71.96783449121082,11.929225433321502],[-71.9678607749097,11.929269875018868],[-71.96789869968448,11.92930536509139],[-71.96794524672275,11.929329078525338],[-71.9679967108756,11.92933912772812],[-71.96800701940475,11.929339407423853]]]},"id":"00000000000000000070","properties":{"area_m2":1284.9,"blanqueami":94.8085,"blanqueamiento":94.8085,"circularid":0.1183,"circularidad":0.1183,"comp_humedad":0,"comp_suelo":0,"comp_vegetacion":0,"comp_verdor":0,"confianza":"baja","confusor":"Vegetación irregular","coord_x":5112331.874852601,"coord_y":2876451.0631538876,"cumple_BSI":0,"cumple_GLI":0,"cumple_MSAVI":0,"cumple_MSI":0,"cumple_NDVI":0,"dif_BSI":0.004782063848286944,"dif_GLI":-0.00209258891090942,"dif_MSAVI":-0.010412194930783186,"dif_MSI":0.0068996670785046454,"dif_NDVI":-0.032507095147800424,"distancia_":1.733,"distancia_similitud":1.733,"ext_BSI":0.2392328532000116,"ext_GLI":-0.01717043545773597,"ext_MSAVI":0.149962704557054,"ext_MSI":1.5423254339751886,"ext_NDVI":0.2886212539924933,"fid":113,"id_cand":"C113","int_BSI":0.24401491704829856,"int_GLI":-0.01926302436864539,"int_MSAVI":0.1395505096262708,"int_MSI":1.5492251010536933,"int_NDVI":0.25611415884469285,"prioridad_espectral":"Sin señal fuerte","puntaje_componentes":0,"puntaje_indices":0,"radio_m":20.223658738159934,"vari":-0.0575,"zona":1}},{"type":"Feature","geometry":{"type":"Polygon","coordinates":[[[-71.96507219940561,11.936145252189739],[-71.96513713974116,11.936136198757916],[-71.96519691081383,11.936109759117356],[-71.96524675483786,11.936068037868097],[-71.96528270422702,11.936014356027703],[-71.96530189741493,11.935952986676359],[-71.96530280663438,11.935888814817892],[-71.96528535952413,11.935826948532407],[-71.96525094488507,11.935772312373059],[-71.96520230212813,11.935729255372584],[-71.96514330321553,11.935701204862065],[-71.96507864445284,11.935690393657257],[-71.96501347266567,11.935697682328009],[-71.96495297551591,11.93572249069753],[-71.9649019685678,11.93576284402402],[-71.96486451197175,11.935815530188755],[-71.96484358727724,11.935876355378825],[-71.96484086010001,11.935940477912862],[-71.96485654753602,11.936002793637659],[-71.96488940087656,11.936058342218647],[-71.96493680500205,11.93610270198341],[-71.96499498654354,11.936132341888477],[-71.96505931424306,11.936144902592329],[-71.96507219940561,11.936145252189739]]]},"id":"000000000000000000a7","properties":{"area_m2":2007.4,"blanqueami":103.3352,"blanqueamiento":103.3352,"circularid":0.089,"circularidad":0.089,"comp_humedad":0,"comp_suelo":0,"comp_vegetacion":0,"comp_verdor":0,"confianza":"baja","confusor":"Vegetación irregular","coord_x":5112648.571309455,"coord_y":2877199.5425595217,"cumple_BSI":0,"cumple_GLI":0,"cumple_MSAVI":0,"cumple_MSI":0,"cumple_NDVI":1,"dif_BSI":0.0017756467856660796,"dif_GLI":-0.0027069328740719125,"dif_MSAVI":-0.017423676598060323,"dif_MSI":-0.017489019541270023,"dif_NDVI":-0.06034905158945125,"distancia_":2.362,"distancia_similitud":2.362,"ext_BSI":0.24041626903510513,"ext_GLI":-0.007312418306500965,"ext_MSAVI":0.14731328372764615,"ext_MSI":1.5473840635630578,"ext_NDVI":0.2898258451533686,"fid":168,"id_cand":"C168","int_BSI":0.2421919158207712,"int_GLI":-0.010019351180572877,"int_MSAVI":0.12988960712958583,"int_MSI":1.5298950440217878,"int_NDVI":0.22947679356391737,"prioridad_espectral":"Sin señal fuerte","puntaje_componentes":0,"puntaje_indices":1,"radio_m":25.277960074447098,"vari":-0.0731,"zona":1}},{"type":"Feature","geometry":{"type":"Polygon","coordinates":[[[-71.86844258163845,11.981426415743597],[-71.86851747100216,11.981415977048567],[-71.8685863991563,11.981385491885922],[-71.86864387940858,11.981337386880812],[-71.86868533632835,11.98127549119982],[-71.86870746995152,11.98120473174673],[-71.86870851845572,11.981130740978648],[-71.86868839839691,11.981059408560933],[-71.86864871134628,11.980996412549795],[-71.86859261640069,11.980946767420333],[-71.86852457871609,11.980914424916621],[-71.86845001408174,11.980901959495453],[-71.86837485782661,11.980910363401607],[-71.86830509237207,11.980938967686019],[-71.8682462710365,11.980985495453545],[-71.86820307599463,11.981046243101982],[-71.86817894557771,11.981116375126268],[-71.86817580058039,11.98119030902227],[-71.86819389136129,11.981262159652553],[-71.86823177790923,11.981326207703113],[-71.86828644446346,11.981377354941941],[-71.86835353956546,11.981411530040575],[-71.86842772243546,11.98142601265438],[-71.86844258163845,11.981426415743597]]]},"id":"000000000000000000b3","properties":{"area_m2":2668.7,"blanqueami":113.4467,"blanqueamiento":113.4467,"circularid":0.1282,"circularidad":0.1282,"comp_humedad":0,"comp_suelo":0,"comp_vegetacion":0,"comp_verdor":0,"confianza":"baja","confusor":"Vegetación irregular","coord_x":5123147.00610041,"coord_y":2882242.9304776546,"cumple_BSI":0,"cumple_GLI":0,"cumple_MSAVI":0,"cumple_MSI":0,"cumple_NDVI":0,"dif_BSI":-0.01390122652246159,"dif_GLI":0.0034289040464471426,"dif_MSAVI":-0.0021979845784474115,"dif_MSI":-0.040673426949909164,"dif_NDVI":-0.006601612279996467,"distancia_":2.499,"distancia_similitud":2.499,"ext_BSI":0.17109375806365376,"ext_GLI":-0.0039017504367620612,"ext_MSAVI":0.021664316976598385,"ext_MSI":1.291628560915437,"ext_NDVI":0.03280700838598238,"fid":180,"id_cand":"C180","int_BSI":0.15719253154119217,"int_GLI":-4.7284639031491853E-4,"int_MSAVI":0.019466332398150973,"int_MSI":1.2509551339655278,"int_NDVI":0.02620539610598591,"prioridad_espectral":"Sin señal fuerte","puntaje_componentes":0,"puntaje_indices":0,"radio_m":29.145730274925043,"vari":-0.075,"zona":1}},{"type":"Feature","geometry":{"type":"Polygon","coordinates":[[[-71.87674960675419,11.983523407944785],[-71.87694577167132,11.983496065034876],[-71.87712632174961,11.983416212816639],[-71.87727688512616,11.983290207569253],[-71.87738547693826,11.983128079366496],[-71.87744345332399,11.982942733665345],[-71.87744619945923,11.982748924015375],[-71.87739349686764,11.982562077666293],[-71.87728954077512,11.982397067558377],[-71.8771426061388,11.982267028445513],[-71.87696438894416,11.982182311384614],[-71.87676907520814,11.982149659809098],[-71.87657221179472,11.982171672765528],[-71.87638946891855,11.982246598035381],[-71.87623539283115,11.982368471607645],[-71.87612224796486,11.982527592401473],[-71.87605904069135,11.982711294454887],[-71.87605080240205,11.982904955118759],[-71.87609818898042,11.983093159008964],[-71.87619742855762,11.983260925069482],[-71.87634062172113,11.98339489907268],[-71.87651637028996,11.983484416631203],[-71.8767106846115,11.983522352100882],[-71.87674960675419,11.983523407944785]]]},"id":"000000000000000000ba","properties":{"area_m2":18310.3,"blanqueami":124.4253,"blanqueamiento":124.4253,"circularid":0.0974,"circularidad":0.0974,"comp_humedad":0,"comp_suelo":0,"comp_vegetacion":0,"comp_verdor":0,"confianza":"baja","confusor":"Vegetación irregular","coord_x":5122241.882003388,"coord_y":2882423.9143684544,"cumple_BSI":0,"cumple_GLI":0,"cumple_MSAVI":1,"cumple_MSI":0,"cumple_NDVI":0,"dif_BSI":-0.03288261162267048,"dif_GLI":-0.001910016556276514,"dif_MSAVI":-0.022741718146064592,"dif_MSI":-0.07627855682588569,"dif_NDVI":-0.034674100551287244,"distancia_":2.557,"distancia_similitud":2.557,"ext_BSI":0.20402240074858694,"ext_GLI":0.00337639542350245,"ext_MSAVI":0.03509770820040011,"ext_MSI":1.3667545024179881,"ext_NDVI":0.05003845486618852,"fid":187,"id_cand":"C187","int_BSI":0.17113978912591646,"int_GLI":0.001466378867225936,"int_MSAVI":0.012355990054335518,"int_MSI":1.2904759455921024,"int_NDVI":0.015364354314901274,"prioridad_espectral":"Sin señal fuerte","puntaje_componentes":0,"puntaje_indices":1,"radio_m":76.34362782178394,"vari":-0.0735,"zona":1}},{"type":"Feature","geometry":{"type":"Polygon","coordinates":[[[-71.8852505219881,11.9775076445102],[-71.88531031730582,11.977499309628069],[-71.88536535290591,11.977474968439767],[-71.88541124794747,11.977436558507838],[-71.88544434918354,11.977387137268078],[-71.88546202175999,11.977330638655998],[-71.88546285894871,11.977271559964075],[-71.88544679412026,11.977214603856327],[-71.88541510604419,11.977164304036231],[-71.88537031709623,11.97712466436476],[-71.88531599247557,11.977098840154511],[-71.88525645641533,11.977088887008481],[-71.88519644797574,11.977095597195335],[-71.88514074381813,11.977118436585403],[-71.88509377798586,11.97715558716698],[-71.88505928895691,11.977204091758939],[-71.88504002206176,11.977260089400692],[-71.88503751095382,11.977319122683152],[-71.88505195552804,11.977376492557466],[-71.88508220600588,11.977427632379197],[-71.88512585445463,11.977468471413959],[-71.88517942645733,11.977495758869324],[-71.88523865767635,11.977507322659518],[-71.8852505219881,11.9775076445102]]]},"id":"000000000000000000ca","properties":{"area_m2":1701.4,"blanqueami":100.713,"blanqueamiento":100.713,"circularid":0.0947,"circularidad":0.0947,"comp_humedad":0,"comp_suelo":0,"comp_vegetacion":0,"comp_verdor":0,"confianza":"baja","confusor":"Vegetación irregular","coord_x":5121318.9935336895,"coord_y":2881807.964994111,"cumple_BSI":0,"cumple_GLI":0,"cumple_MSAVI":0,"cumple_MSI":0,"cumple_NDVI":0,"dif_BSI":0.005294398828096375,"dif_GLI":-0.0023429914479112784,"dif_MSAVI":-0.017723119953945078,"dif_MSI":0.0031198760845738693,"dif_NDVI":-0.033715184995597766,"distancia_":2.787,"distancia_similitud":2.787,"ext_BSI":0.19940261687435276,"ext_GLI":0.013547712870412147,"ext_MSAVI":0.06940635237153182,"ext_MSI":1.3344692140888184,"ext_NDVI":0.10516070694272558,"fid":203,"id_cand":"C203","int_BSI":0.20469701570244914,"int_GLI":0.011204721422500868,"int_MSAVI":0.051683232417586746,"int_MSI":1.3375890901733922,"int_NDVI":0.07144552194712782,"prioridad_espectral":"Sin señal fuerte","puntaje_componentes":0,"puntaje_indices":0,"radio_m":23.271709012298633,"vari":-0.0843,"zona":1}},{"type":"Feature","geometry":{"type":"Polygon","coordinates":[[[-71.96189587390467,11.9355774796335],[-71.96194563384837,11.935570542510256],[-71.96199143289343,11.935550283336541],[-71.96202962543093,11.93551831474532],[-71.96205717133371,11.935477181440048],[-71.96207187795092,11.93543015763516],[-71.96207257464197,11.935380986427562],[-71.96205920595769,11.93533358184548],[-71.96203283605175,11.93529171729178],[-71.961995563972,11.935258725181688],[-71.96195035657522,11.935237231683544],[-71.96190081236561,11.935228947676944],[-71.96185087505528,11.935234532567602],[-71.96180451964683,11.935253541799044],[-71.96176543602559,11.93528446223904],[-71.96173673524623,11.935324832624124],[-71.96172070189341,11.935371439475057],[-71.96171861222791,11.935420572888702],[-71.96173063259451,11.935468321845642],[-71.96175580617864,11.935510885527208],[-71.96179212916671,11.93554487586119],[-71.9618367102485,11.935567587213376],[-71.96188600076569,11.935577211757147],[-71.96189587390467,11.9355774796335]]]},"id":"000000000000000000cb","properties":{"area_m2":1178.6,"blanqueami":115.1696,"blanqueamiento":115.1696,"circularid":0.0727,"circularidad":0.0727,"comp_humedad":0,"comp_suelo":0,"comp_vegetacion":0,"comp_verdor":0,"confianza":"baja","confusor":"Vegetación irregular","coord_x":5112994.2753475625,"coord_y":2877144.1590101654,"cumple_BSI":0,"cumple_GLI":0,"cumple_MSAVI":0,"cumple_MSI":0,"cumple_NDVI":1,"dif_BSI":-0.002205887062502354,"dif_GLI":-0.0010973197182573245,"dif_MSAVI":-0.01909668867663769,"dif_MSI":-0.05760525252785542,"dif_NDVI":-0.06683510898797196,"distancia_":2.798,"distancia_similitud":2.798,"ext_BSI":0.23744748861970522,"ext_GLI":-0.025096311976607225,"ext_MSAVI":0.1472217361489662,"ext_MSI":1.5212016587446124,"ext_NDVI":0.28317328675764175,"fid":204,"id_cand":"C204","int_BSI":0.23524160155720286,"int_GLI":-0.02619363169486455,"int_MSAVI":0.1281250474723285,"int_MSI":1.463596406216757,"int_NDVI":0.2163381777696698,"prioridad_espectral":"Sin señal fuerte","puntaje_componentes":0,"puntaje_indices":1,"radio_m":19.3690482950561,"vari":-0.0825,"zona":1}},{"type":"Feature","geometry":{"type":"Polygon","coordinates":[[[-72.04731569938804,12.03381313080937],[-72.04736205036869,12.033806671287474],[-72.04740471180502,12.033787806900607],[-72.04744028784242,12.033758039256362],[-72.0474659466273,12.033719737862357],[-72.04747964572299,12.033675951512476],[-72.04748029468685,12.033630165601949],[-72.04746784186786,12.03358602468934],[-72.04744327851601,12.033547042389664],[-72.04740855987701,12.033516321691133],[-72.0473664495539,12.033496307958181],[-72.04732029952439,12.033488594281451],[-72.04727378332466,12.033493794668559],[-72.04723060363787,12.033511495169401],[-72.04719419756255,12.033540286826385],[-72.04716746302091,12.03357787782672],[-72.04715252808475,12.033621275929773],[-72.04715058158015,12.033667026648452],[-72.04716177845539,12.033711488225821],[-72.04718522744494,12.033751121518847],[-72.04721906201246,12.03378277171464],[-72.04726058892611,12.033803919454439],[-72.04730650263984,12.033812881375548],[-72.04731569938804,12.03381313080937]]]},"id":"00000000000000000017","properties":{"area_m2":1021.9,"blanqueami":73.7543,"blanqueamiento":73.7543,"circularid":0.1817,"circularidad":0.1817,"comp_humedad":0,"comp_suelo":0,"comp_vegetacion":0,"comp_verdor":0,"confianza":"baja","confusor":"Vegetación irregular","coord_x":5103658.114261222,"coord_y":2887971.340360763,"cumple_BSI":0,"cumple_GLI":0,"cumple_MSAVI":0,"cumple_MSI":0,"cumple_NDVI":0,"dif_BSI":-0.007542957666875683,"dif_GLI":0.003965037968950161,"dif_MSAVI":0.02039490592506306,"dif_MSI":-0.0067165116670679925,"dif_NDVI":0.048657254485621415,"distancia_":0.644,"distancia_similitud":0.644,"ext_BSI":0.24486476098815663,"ext_GLI":0.029601682931006262,"ext_MSAVI":0.0977661377469728,"ext_MSI":1.5017724440298432,"ext_NDVI":0.15191113391514732,"fid":24,"id_cand":"C024","int_BSI":0.23732180332128094,"int_GLI":0.03356672089995642,"int_MSAVI":0.11816104367203586,"int_MSI":1.4950559323627752,"int_NDVI":0.20056838840076874,"prioridad_espectral":"Sin señal fuerte","puntaje_componentes":0,"puntaje_indices":0,"radio_m":18.035544701816345,"vari":-0.0189,"zona":2}},{"type":"Feature","geometry":{"type":"Polygon","coordinates":[[[-72.10167439147016,12.036354567920476],[-72.1017590254751,12.03634277334118],[-72.10183692259241,12.036308328454776],[-72.10190188219723,12.036253975082175],[-72.10194873350164,12.036184039762327],[-72.1019737471505,12.036104089356419],[-72.10197493207531,12.036020487922697],[-72.10195219397777,12.03593989013558],[-72.10190734282907,12.035868711573476],[-72.10184394879037,12.03581261804046],[-72.10176705802503,12.035776074571197],[-72.10168279102453,12.0357619900175],[-72.10159785542164,12.035771485506324],[-72.10151901206925,12.035803805199144],[-72.10145253688296,12.035856376455987],[-72.10140372128308,12.035925014615174],[-72.1013764509989,12.036004256089186],[-72.10137289676233,12.036087793263107],[-72.1013933415122,12.03616897657877],[-72.10143615786566,12.036241343839325],[-72.10149793765177,12.036299134601634],[-72.10157376319862,12.036337748710414],[-72.10165759878019,12.036354112473918],[-72.10167439147016,12.036354567920476]]]},"id":"0000000000000000001a","properties":{"area_m2":3407.0,"blanqueami":74.4824,"blanqueamiento":74.4824,"circularid":0.0629,"circularidad":0.0629,"comp_humedad":0,"comp_suelo":0,"comp_vegetacion":0,"comp_verdor":0,"confianza":"baja","confusor":"Vegetación irregular","coord_x":5097742.616632774,"coord_y":2888217.933685817,"cumple_BSI":0,"cumple_GLI":0,"cumple_MSAVI":0,"cumple_MSI":0,"cumple_NDVI":0,"dif_BSI":0.0033664868032329542,"dif_GLI":9.535343835825518E-4,"dif_MSAVI":-0.017223760094459722,"dif_MSI":0.012687069015375751,"dif_NDVI":-0.038086683844380353,"distancia_":0.673,"distancia_similitud":0.673,"ext_BSI":0.175562396733953,"ext_GLI":0.012588824712921469,"ext_MSAVI":0.17845591458285898,"ext_MSI":1.3500650170512785,"ext_NDVI":0.362130435248965,"fid":27,"id_cand":"C027","int_BSI":0.17892888353718595,"int_GLI":0.01354235909650402,"int_MSAVI":0.16123215448839925,"int_MSI":1.3627520860666542,"int_NDVI":0.32404375140458463,"prioridad_espectral":"Sin señal fuerte","puntaje_componentes":0,"puntaje_indices":0,"radio_m":32.9314710000658,"vari":-0.0046,"zona":2}},{"type":"Feature","geometry":{"type":"Polygon","coordinates":[[[-72.05405258354396,12.035367458538465],[-72.05410926582701,12.035359559279888],[-72.05416143619098,12.035336490286475],[-72.05420494186846,12.03530008785367],[-72.05423631980605,12.035253249619828],[-72.05425307232379,12.035199703912722],[-72.05425386592931,12.035143712973305],[-72.05423863746137,12.035089733680486],[-72.05420859911435,12.035042062783532],[-72.05416614194506,12.035004494881587],[-72.05411464554321,12.034980020374915],[-72.05405820901635,12.034970587430504],[-72.05400132470287,12.034976946909149],[-72.05394852058461,12.034998592597423],[-72.05390399986258,12.035033801501935],[-72.05387130638422,12.035079770998536],[-72.05385304255378,12.03513284191976],[-72.05385066217994,12.035188789823152],[-72.0538643547501,12.035243161256002],[-72.05389303034435,12.035291628250041],[-72.05393440639023,12.03533033282842],[-72.05398518935402,12.035356194101944],[-72.05404133690624,12.035367153509346],[-72.05405258354396,12.035367458538465]]]},"id":"00000000000000000023","properties":{"area_m2":1528.2,"blanqueami":68.646,"blanqueamiento":68.646,"circularid":0.0811,"circularidad":0.0811,"comp_humedad":0,"comp_suelo":0,"comp_vegetacion":0,"comp_verdor":0,"confianza":"baja","confusor":"Vegetación irregular","coord_x":5102924.578778552,"coord_y":2888136.712412354,"cumple_BSI":0,"cumple_GLI":0,"cumple_MSAVI":0,"cumple_MSI":0,"cumple_NDVI":0,"dif_BSI":5.805475056221421E-4,"dif_GLI":4.417108843974421E-4,"dif_MSAVI":-0.0017152976066316938,"dif_MSI":-0.0024579756545071163,"dif_NDVI":-0.0031553320096658344,"distancia_":0.825,"distancia_similitud":0.825,"ext_BSI":0.2270384323754585,"ext_GLI":0.02344471866490458,"ext_MSAVI":0.12965696500766735,"ext_MSI":1.4817349098486476,"ext_NDVI":0.2219519426226745,"fid":36,"id_cand":"C036","int_BSI":0.22761897988108065,"int_GLI":0.02388642954930202,"int_MSAVI":0.12794166740103566,"int_MSI":1.4792769341941405,"int_NDVI":0.21879661061300867,"prioridad_espectral":"Sin señal fuerte","puntaje_componentes":0,"puntaje_indices":0,"radio_m":22.05541131029002,"vari":-0.0211,"zona":2}},{"type":"Feature","geometry":{"type":"Polygon","coordinates":[[[-72.04802796164269,12.029774960280536],[-72.04808345832407,12.02976722608695],[-72.04813453746067,12.029744639149271],[-72.04817713314704,12.029708997391163],[-72.04820785476511,12.029663137901077],[-72.0482242568778,12.029610711098606],[-72.04822503388468,12.029555890159775],[-72.04821012394531,12.029503038831441],[-72.04818071389886,12.029456364077003],[-72.04813914478925,12.029419581202841],[-72.04808872551664,12.029395618121203],[-72.0480334694494,12.029386382289799],[-72.04797777496165,12.029392608879293],[-72.04792607532556,12.029413802254197],[-72.04788248582561,12.029448275425114],[-72.04785047618407,12.029493284332103],[-72.04783259437163,12.029545246270436],[-72.04783026378797,12.029600025072583],[-72.04784366995686,12.02965326034627],[-72.04787174575553,12.029700714561596],[-72.04791225635503,12.029738610359066],[-72.04796197711123,12.029763931228647],[-72.0480169502466,12.029774661625385],[-72.04802796164269,12.029774960280536]]]},"id":"00000000000000000048","properties":{"area_m2":1465.0,"blanqueami":69.4635,"blanqueamiento":69.4635,"circularid":0.0731,"circularidad":0.0731,"comp_humedad":0,"comp_suelo":0,"comp_vegetacion":0,"comp_verdor":0,"confianza":"baja","confusor":"Vegetación irregular","coord_x":5103582.420316705,"coord_y":2887521.1772556463,"cumple_BSI":0,"cumple_GLI":0,"cumple_MSAVI":0,"cumple_MSI":0,"cumple_NDVI":0,"dif_BSI":-0.004584522506797584,"dif_GLI":0.004609498945742609,"dif_MSAVI":0.02225086593816633,"dif_MSI":0.0072666414599456,"dif_NDVI":0.047351329571791195,"distancia_":1.188,"distancia_similitud":1.188,"ext_BSI":0.2246707187293058,"ext_GLI":0.030671350675579207,"ext_MSAVI":0.13686876997055653,"ext_MSI":1.4469304332866226,"ext_NDVI":0.23067648493084467,"fid":73,"id_cand":"C073","int_BSI":0.22008619622250822,"int_GLI":0.035280849621321816,"int_MSAVI":0.15911963590872286,"int_MSI":1.4541970747465682,"int_NDVI":0.27802781450263586,"prioridad_espectral":"Sin señal fuerte","puntaje_componentes":0,"puntaje_indices":0,"radio_m":21.59453595841442,"vari":-0.037,"zona":2}},{"type":"Feature","geometry":{"type":"Polygon","coordinates":[[[-72.05027596072775,12.019603644473873],[-72.050325147755,12.01959678935507],[-72.05037041948786,12.01957676966712],[-72.05040817229154,12.019545178979865],[-72.05043540104178,12.019504531915555],[-72.05044993833292,12.019458063983782],[-72.05045062700269,12.01940947403392],[-72.05043741224029,12.01936262982608],[-72.05041134594708,12.019321260157367],[-72.0503745030033,12.01928865805022],[-72.05032981610651,12.019267418628802],[-72.05028084232923,12.019259232548242],[-72.0502314799772,12.01926475141937],[-72.0501856582865,12.019283535940843],[-72.05014702465859,12.019314090867313],[-72.0501186543287,12.01935398403013],[-72.05010280557768,12.019400039936887],[-72.05010073997191,12.019448592539568],[-72.05011262194088,12.019495777051302],[-72.05013750568641,12.019537837583293],[-72.05017341046593,12.019571426114087],[-72.0502174782587,12.019593868993061],[-72.05026620126422,12.019603379764114],[-72.05027596072775,12.019603644473873]]]},"id":"00000000000000000050","properties":{"area_m2":1150.9,"blanqueami":76.4968,"blanqueamiento":76.4968,"circularid":0.0747,"circularidad":0.0747,"comp_humedad":0,"comp_suelo":0,"comp_vegetacion":0,"comp_verdor":0,"confianza":"baja","confusor":"Vegetación irregular","coord_x":5103341.564618087,"coord_y":2886398.673494359,"cumple_BSI":0,"cumple_GLI":0,"cumple_MSAVI":0,"cumple_MSI":0,"cumple_NDVI":0,"dif_BSI":-0.0018555593690613714,"dif_GLI":-0.0025848659023594775,"dif_MSAVI":2.2822330591004691E-4,"dif_MSI":-0.014685679454484957,"dif_NDVI":-0.015189509151631253,"distancia_":1.271,"distancia_similitud":1.271,"ext_BSI":0.17238197994174925,"ext_GLI":0.03922066785159985,"ext_MSAVI":0.18102170493333689,"ext_MSI":1.3206516984004586,"ext_NDVI":0.35412045104848294,"fid":81,"id_cand":"C081","int_BSI":0.17052642057268788,"int_GLI":0.03663580194924037,"int_MSAVI":0.18124992823924693,"int_MSI":1.3059660189459736,"int_NDVI":0.3389309418968517,"prioridad_espectral":"Sin señal fuerte","puntaje_componentes":0,"puntaje_indices":0,"radio_m":19.140084848529924,"vari":-0.0429,"zona":2}},{"type":"Feature","geometry":{"type":"Polygon","coordinates":[[[-72.17599127334694,11.85222086125922],[-72.17604091876083,11.852213937981697],[-72.17608661239272,11.852193719243028],[-72.17612471702465,11.85216181445751],[-72.17615219952677,11.852120763249625],[-72.17616687229486,11.852073833298821],[-72.17616756738268,11.852024760231194],[-72.17615422946857,11.851977450263023],[-72.17612792025682,11.851935669265941],[-72.17609073396397,11.85190274300409],[-72.17604563061823,11.851881292404338],[-72.17599620044135,11.851873024931596],[-72.17594637806849,11.8518785986755],[-72.17590012935337,11.851897569966845],[-72.17586113568852,11.851928428693405],[-72.17583250096818,11.851968718504068],[-72.1758165045186,11.852015232333276],[-72.17581441966306,11.852064267682401],[-72.17582641236335,11.852111921337949],[-72.17585152800707,11.852154400067272],[-72.17588776739262,11.85218832256039],[-72.17593224586462,11.852210988583263],[-72.17598142293244,11.852220593917517],[-72.17599127334694,11.85222086125922]]]},"id":"000000000000000000d4","properties":{"area_m2":1173.9,"blanqueami":111.2306,"blanqueamiento":111.2306,"circularid":0.1291,"circularidad":0.1291,"comp_humedad":0,"comp_suelo":0,"comp_vegetacion":0,"comp_verdor":0,"confianza":"media","confusor":"Erosión","coord_x":5089716.334029331,"coord_y":2867851.131576237,"cumple_BSI":0,"cumple_GLI":0,"cumple_MSAVI":0,"cumple_MSI":0,"cumple_NDVI":1,"dif_BSI":0.005126371598153462,"dif_GLI":0.006979575063527251,"dif_MSAVI":-0.017871256359994772,"dif_MSI":0.008261575947880573,"dif_NDVI":-0.048072188928715565,"distancia_":3.054,"distancia_similitud":3.054,"ext_BSI":0.24268805864073423,"ext_GLI":-0.01546475559293993,"ext_MSAVI":0.13587894105621057,"ext_MSI":1.5205948696581442,"ext_NDVI":0.24206126124039368,"fid":213,"id_cand":"C213","int_BSI":0.2478144302388877,"int_GLI":-0.008485180529412679,"int_MSAVI":0.1180076846962158,"int_MSI":1.5288564456060247,"int_NDVI":0.1939890723116781,"prioridad_espectral":"Sin señal fuerte","puntaje_componentes":0,"puntaje_indices":1,"radio_m":19.3303899441049,"vari":-0.09,"zona":0}},{"type":"Feature","geometry":{"type":"Polygon","coordinates":[[[-71.88064994674437,11.973892610983718],[-71.88069558142146,11.973886249872377],[-71.88073758357224,11.973867672883673],[-71.88077260982135,11.973838358748207],[-71.88079787207836,11.973800640874202],[-71.88081135947017,11.97375752160724],[-71.88081199840558,11.973712433242689],[-71.88079973803158,11.973668964814449],[-71.88077555427935,11.97363057640784],[-71.88074137217838,11.973600323737285],[-71.88069991262329,11.973580614912303],[-71.88065447579076,11.973573018752946],[-71.88060867844679,11.973578139912487],[-71.88056616605378,11.973595570747312],[-71.88053032259388,11.973623923765164],[-71.88050400120514,11.973660942068822],[-71.8804892970723,11.97370367900419],[-71.88048738064934,11.973748732713071],[-71.88049840448979,11.97379251692049],[-71.88052149110146,11.973831546402117],[-71.88055480279323,11.973862714408549],[-71.88059568795416,11.973883539963404],[-71.88064089212183,11.97389236535001],[-71.88064994674437,11.973892610983718]]]},"id":"0000000000000000009a","properties":{"area_m2":991.0,"blanqueami":127.0907,"blanqueamiento":127.0907,"circularid":0.1978,"circularidad":0.1978,"comp_humedad":0,"comp_suelo":0,"comp_vegetacion":0,"comp_verdor":0,"confianza":"media","confusor":"Erosión","coord_x":5121821.379831773,"coord_y":2881415.6494608945,"cumple_BSI":0,"cumple_GLI":0,"cumple_MSAVI":0,"cumple_MSI":0,"cumple_NDVI":0,"dif_BSI":-0.028137937117147405,"dif_GLI":0.0012067899240930156,"dif_MSAVI":-0.0014204947749868642,"dif_MSI":-0.0917597108079573,"dif_NDVI":-0.004548597973959012,"distancia_":2.205,"distancia_similitud":2.205,"ext_BSI":0.18624769360201168,"ext_GLI":2.9047125878173204E-4,"ext_MSAVI":0.01984448708892552,"ext_MSI":1.3251310985219682,"ext_NDVI":0.030430112313682114,"fid":155,"id_cand":"C155","int_BSI":0.15810975648486428,"int_GLI":0.0014972611828747476,"int_MSAVI":0.018423992313938656,"int_MSI":1.233371387714011,"int_NDVI":0.0258815143397231,"prioridad_espectral":"Sin señal fuerte","puntaje_componentes":0,"puntaje_indices":0,"radio_m":17.76077411624101,"vari":-0.0624,"zona":1}},{"type":"Feature","geometry":{"type":"Polygon","coordinates":[[[-71.94419985963175,11.932930397136811],[-71.94424466035662,11.932924151326601],[-71.94428589493799,11.932905911063292],[-71.94432028109921,11.93287712827406],[-71.94434508170094,11.932840094071835],[-71.94435832261765,11.932797756381824],[-71.94435894987738,11.932753485285795],[-71.94434691355629,11.932710804763083],[-71.94432317175071,11.932673112181776],[-71.94428961431106,11.932643407868712],[-71.94424891240897,11.932624056284281],[-71.94420430591207,11.932616597812283],[-71.94415934549185,11.932621626146108],[-71.94411760999192,11.932638741031052],[-71.9440824215538,11.932666580124375],[-71.94405658117593,11.932702927437132],[-71.94404214575447,11.93274488972599],[-71.94404026435377,11.932789126794543],[-71.94405108673935,11.932832117372378],[-71.94407375145464,11.932870439408129],[-71.94410645439132,11.932901042465192],[-71.94414659239536,11.93292149053728],[-71.94419097047816,11.932930155955441],[-71.94419985963175,11.932930397136811]]]},"id":"000000000000000000df","properties":{"area_m2":955.4,"blanqueami":121.4001,"blanqueamiento":121.4001,"circularid":0.0894,"circularidad":0.0894,"comp_humedad":0,"comp_suelo":0,"comp_vegetacion":0,"comp_verdor":0,"confianza":"media","confusor":"Infraestructura","coord_x":5114922.046172052,"coord_y":2876860.59911316,"cumple_BSI":0,"cumple_GLI":0,"cumple_MSAVI":0,"cumple_MSI":0,"cumple_NDVI":0,"dif_BSI":-0.001147847126864887,"dif_GLI":-0.0014909987853413686,"dif_MSAVI":-0.016715462768174982,"dif_MSI":-0.02988781126622908,"dif_NDVI":-0.04416853366899334,"distancia_":4.036,"distancia_similitud":4.036,"ext_BSI":0.259415855429776,"ext_GLI":-0.036316372453049264,"ext_MSAVI":0.1451666015677012,"ext_MSI":1.625841462595853,"ext_NDVI":0.2508667938243858,"fid":224,"id_cand":"C224","int_BSI":0.25826800830291113,"int_GLI":-0.03780737123839063,"int_MSAVI":0.12845113879952622,"int_MSI":1.595953651329624,"int_NDVI":0.20669826015539247,"prioridad_espectral":"Sin señal fuerte","puntaje_componentes":0,"puntaje_indices":0,"radio_m":17.43884357576481,"vari":-0.1139,"zona":1}},{"type":"Feature","geometry":{"type":"Polygon","coordinates":[[[-71.87159490829491,11.966814726361912],[-71.87164274274421,11.966808058444977],[-71.87168676956475,11.966788585461302],[-71.87172348421701,11.96675785746292],[-71.87174996421365,11.966718320401828],[-71.87176410174968,11.966673121431182],[-71.87176477148293,11.966625858390936],[-71.87175192010953,11.966580293419177],[-71.87172657060474,11.966540053485938],[-71.87169074079218,11.966508341686888],[-71.8716472827243,11.966487682277883],[-71.87159965565903,11.96647971974522],[-71.87155165070425,11.96648508790539],[-71.87150708904765,11.966503359453599],[-71.87146951779228,11.96653307997701],[-71.87144192760861,11.966571883725264],[-71.87142651467767,11.966616681923153],[-71.87142450587423,11.966663908636166],[-71.87143606110595,11.966709804618226],[-71.87146026058244,11.9667507165476],[-71.87149517802884,11.96678338783178],[-71.8715380340161,11.966805217833185],[-71.87158541720368,11.966814468880933],[-71.87159490829491,11.966814726361912]]]},"id":"00000000000000000016","properties":{"area_m2":1088.9,"blanqueami":100.8662,"blanqueamiento":100.8662,"circularid":0.0665,"circularidad":0.0665,"comp_humedad":0,"comp_suelo":0,"comp_vegetacion":0,"comp_verdor":0,"confianza":"media","confusor":"Vegetación irregular","coord_x":5122810.576233925,"coord_y":2880636.2532407274,"cumple_BSI":0,"cumple_GLI":0,"cumple_MSAVI":0,"cumple_MSI":0,"cumple_NDVI":0,"dif_BSI":-0.0012981382888270776,"dif_GLI":-0.003378852287154204,"dif_MSAVI":-0.0013464830617409586,"dif_MSI":-0.022499002662541345,"dif_NDVI":-0.0034953856788699916,"distancia_":0.634,"distancia_similitud":0.634,"ext_BSI":0.14689217197757923,"ext_GLI":0.010239298637168513,"ext_MSAVI":0.03184696441687139,"ext_MSI":1.2374783310561541,"ext_NDVI":0.055092648519356704,"fid":23,"id_cand":"C023","int_BSI":0.14559403368875215,"int_GLI":0.006860446350014309,"int_MSAVI":0.03050048135513043,"int_MSI":1.2149793283936128,"int_NDVI":0.05159726284048671,"prioridad_espectral":"Sin señal fuerte","puntaje_componentes":0,"puntaje_indices":0,"radio_m":18.617401404748453,"vari":-0.0281,"zona":1}},{"type":"Feature","geometry":{"type":"Polygon","coordinates":[[[-71.97901792664611,11.932059214250556],[-71.97906447502815,11.932052724772953],[-71.97910731815273,11.932033772903456],[-71.97914304570284,11.932003867213261],[-71.97916881376447,11.93196538819846],[-71.97918257120253,11.931921398791543],[-71.97918322293033,11.931875400551085],[-71.97917071707687,11.931831054937112],[-71.97914604911362,11.931791891858866],[-71.97911118261342,11.931761028694535],[-71.97906889294906,11.931740922148826],[-71.97902254637373,11.93173317270028],[-71.97897583206873,11.931738397203938],[-71.9789324684864,11.931756179790034],[-71.97889590736334,11.931785104966979],[-71.97886905896355,11.931822870293805],[-71.97885406042197,11.93186646965348],[-71.97885210562764,11.931912432538898],[-71.97886335018869,11.931957100304643],[-71.97888689904383,11.931996917395086],[-71.97892087770742,11.932028714367066],[-71.97896258147757,11.932049960178432],[-71.97900869073045,11.932058963659994],[-71.97901792664611,11.932059214250556]]]},"id":"00000000000000000092","properties":{"area_m2":1031.4,"blanqueami":98.743,"blanqueamiento":98.743,"circularid":0.0777,"circularidad":0.0777,"comp_humedad":0,"comp_suelo":0,"comp_vegetacion":0,"comp_verdor":0,"confianza":"media","confusor":"Vegetación irregular","coord_x":5111131.692760473,"coord_y":2876749.5109447837,"cumple_BSI":0,"cumple_GLI":0,"cumple_MSAVI":0,"cumple_MSI":0,"cumple_NDVI":0,"dif_BSI":-0.004603296906646431,"dif_GLI":0.0028172506731581094,"dif_MSAVI":0.0031408552972145842,"dif_MSI":-0.019929814213300645,"dif_NDVI":0.007051165137589077,"distancia_":2.121,"distancia_similitud":2.121,"ext_BSI":0.2235222734861726,"ext_GLI":-0.01714499940153786,"ext_MSAVI":0.14720952192807252,"ext_MSI":1.4452429884593887,"ext_NDVI":0.2675963742098503,"fid":147,"id_cand":"C147","int_BSI":0.21891897657952616,"int_GLI":-0.01432774872837975,"int_MSAVI":0.1503503772252871,"int_MSI":1.425313174246088,"int_NDVI":0.27464753934743935,"prioridad_espectral":"Sin señal fuerte","puntaje_componentes":0,"puntaje_indices":0,"radio_m":18.11918366290164,"vari":-0.0673,"zona":1}}]}